sample_id,chart_id,chart_kind,question_type,operation,question,status,failure_stage,semantic_targets,detected_x_labels,selected_targets,y_axis_ticks,geometry_values,numeric_answer,reasoning,geometry_prediction,gold,tolerance,geometry_correct,raw_vlm_correct,fallback_correct
308,7302b1b043d09e62bbf8a970b587d142024fe8ab98ecc7b53d22dc067fbc8847,line,single_choice,direct,What is the predicted GDP growth in 2024 according to the chart?,x_grounding_unrecoverable,x_grounding_or_line_fit,[],[],[],[],[],,{},,B,,0,0,0
458,a3658a926f147abfd2d04da35c6f54893c89886746075500a96a6acd546d4b88,bar,numerical,direct,What is the projected percentage point increase of the 60+ age group from 2011 to 2036 E?,direct_data_value_or_numeric_annotation_present,bar_chart_analysis,[],[],[],[],[],,{},,6.5,3.0,0,1,1
484,96b6443f5605b465796f2e19d81a3fcc4e175c6b2aa954fbc375e818ffc52577,bar,numerical,direct,What was VI's subscriber count in 3QFY22?,bar_count_out_of_scope,bar_chart_analysis,[],[],[],[],[],,{},,247,10.0,0,1,1
584,9526b346f489af113b06b685c988bba3250e13912aa666ed3a2abe48cf1d8dff,line,single_choice,direct,What is the P/E ratio value approximately in Feb 2024 on the chart?,ambiguous_series,x_grounding_or_line_fit,[],[],[],[],[],,{},,A,,0,0,0
730,9794f705b05ccae3e56ec94da386da7a6bc0727330f77ea68fe0ecfd28f1ab70,line,single_choice,direct,What is the closing price of Kia Corp's stock around January 2024?,x_grounding_unrecoverable,x_grounding_or_line_fit,[],[],[],[],[],,{},,A,,0,0,0
837,d9f3edfa7390e9dddaf6e95b7389110e717a07ea062cb653d36787395e1c16ba,line,single_choice,direct,What was the approximate PBV value on Feb 16?,x_grounding_unrecoverable,x_grounding_or_line_fit,[],[],[],[],[],,{},,C,,0,0,0
840,eca6074930559c168f8b6568dd1c5f1f8bcd7e7df70b07c4a97148d761b2ada7,line,single_choice,direct,What was the approximate marketing margin in Jul-21?,success,,"[""Jul-21""]","[""Jul-21""]","[{""both_sides"": 1, ""chart_type"": ""line"", ""fit_mode"": ""two_sided_piecewise_robust"", ""fitted_segments"": [{""inlier_count"": 43, ""median_residual"": 0.7868081192309262, ""side"": ""all"", ""slope"": -0.1799539051735253, ""target_y"": 209.90639326579264, ""x_max"": 362.0, ""x_min"": 318.0}, {""inlier_count"": 23, ""median_residual"": 0.40914739888103213, ""side"": ""left"", ""slope"": -0.0071943743519585325, ""target_y"": 212.30842615795362, ""x_max"": 340.0, ""x_min"": 318.0}, {""inlier_count"": 23, ""median_residual"": 0.6942566250903326, ""side"": ""right"", ""slope"": -0.3053994398566365, ""target_y"": 210.83205270408678, ""x_max"": 362.0, ""x_min"": 340.0}], ""local_columns"": 45, ""local_fit_residual_pixels"": 0.40914739888103213, ""method"": ""auto_x_local_line_fit"", ""point"": [340.0, 211.57023943102018], ""score"": 0.7096489698622546, ""search_window"": [318.0, 362.0], ""target_x"": 340.0, ""target_y"": 211.57023943102018, ""window_half_width"": 21.84}]","[{""bbox"": [31.0, 82.0, 67.0, 110.0], ""confidence"": 0.9999959539049404, ""pixel_y"": 96.0, ""text"": ""20"", ""value"": 20.0}, {""bbox"": [31.0, 116.0, 67.0, 146.0], ""confidence"": 0.9999932565108979, ""pixel_y"": 131.0, ""text"": ""15"", ""value"": 15.0}, {""bbox"": [33.0, 153.0, 67.0, 181.0], ""confidence"": 0.9999976397772992, ""pixel_y"": 167.0, ""text"": ""10"", ""value"": 10.0}, {""bbox"": [45.0, 189.0, 66.0, 217.0], ""confidence"": 0.9999933242909265, ""pixel_y"": 203.0, ""text"": ""5"", ""value"": 5.0}, {""bbox"": [23.0, 292.0, 67.0, 320.0], ""confidence"": 0.995768088278635, ""pixel_y"": 306.0, ""text"": ""-10"", ""value"": -10.0}, {""bbox"": [23.0, 327.0, 67.0, 355.0], ""confidence"": 0.9991395930131632, ""pixel_y"": 341.0, ""text"": ""-15"", ""value"": -15.0}, {""bbox"": [23.0, 362.0, 67.0, 390.0], ""confidence"": 0.7488820552825928, ""pixel_y"": 376.0, ""text"": ""-20"", ""value"": -20.0}, {""bbox"": [23.0, 398.0, 67.0, 426.0], ""confidence"": 0.7367972731590271, ""pixel_y"": 412.0, ""text"": ""-25"", ""value"": -25.0}]",[3.563266211368493],3.563266211368493,"{""executor"": ""python"", ""formula"": ""direct"", ""numeric_answer"": 3.563266211368493, ""option_values"": [[""A"", 3.0, ""3 INR/liter""], [""B"", 5.0, ""5 INR/liter""], [""C"", 7.0, ""7 INR/liter""], [""D"", -2.0, ""-2 INR/liter""]], ""selected_option"": ""A""}",A,A,,1,1,1
1146,913974bf7bd00127303a939c2cef35738d33a9bf80799e54b39e11a5b37b8b64,line,single_choice,direct,What was the Loan-to-Deposit Ratio (LDR) in 1Q16?,success,,"[""1Q16""]","[""1Q16""]","[{""both_sides"": 0, ""chart_type"": ""line"", ""fit_mode"": ""global_robust"", ""fitted_segments"": [{""inlier_count"": 51, ""median_residual"": 11.006354437787365, ""side"": ""all"", ""slope"": -0.31761628761476174, ""target_y"": 286.4464944250569, ""x_max"": 178.0, ""x_min"": 128.0}], ""local_columns"": 51, ""local_fit_residual_pixels"": 11.006354437787365, ""method"": ""auto_x_local_line_fit"", ""point"": [130.0, 286.4464944250569], ""score"": 0.08328922864818313, ""search_window"": [111.0, 178.0], ""target_x"": 130.0, ""target_y"": 286.4464944250569, ""window_half_width"": 47.04}]","[{""bbox"": [32.0, 30.0, 97.0, 70.0], ""confidence"": 0.9999926356734838, ""pixel_y"": 50.0, ""text"": ""106"", ""value"": 106.0}, {""bbox"": [33.0, 78.0, 97.0, 116.0], ""confidence"": 1.0, ""pixel_y"": 97.0, ""text"": ""104"", ""value"": 104.0}, {""bbox"": [32.0, 125.0, 97.0, 163.0], ""confidence"": 0.5423829555511475, ""pixel_y"": 144.0, ""text"": ""102"", ""value"": 102.0}, {""bbox"": [32.0, 173.0, 97.0, 211.0], ""confidence"": 0.999918923983187, ""pixel_y"": 192.0, ""text"": ""100"", ""value"": 100.0}, {""bbox"": [48.0, 219.0, 99.0, 260.0], ""confidence"": 0.9999973026027609, ""pixel_y"": 239.5, ""text"": ""98"", ""value"": 98.0}, {""bbox"": [48.0, 265.0, 99.0, 307.0], ""confidence"": 0.9999340829652656, ""pixel_y"": 286.0, ""text"": ""96"", ""value"": 96.0}, {""bbox"": [48.0, 312.0, 99.0, 353.0], ""confidence"": 0.9999959539049404, ""pixel_y"": 332.5, ""text"": ""94"", ""value"": 94.0}, {""bbox"": [49.0, 360.0, 97.0, 398.0], ""confidence"": 0.9961524079519979, ""pixel_y"": 379.0, ""text"": ""92"", ""value"": 92.0}, {""bbox"": [48.0, 406.0, 97.0, 444.0], ""confidence"": 0.9998513091564443, ""pixel_y"": 425.0, ""text"": ""90"", ""value"": 90.0}, {""bbox"": [48.0, 454.0, 97.0, 492.0], ""confidence"": 0.9999981455391691, ""pixel_y"": 473.0, ""text"": ""88"", ""value"": 88.0}]",[95.95001957487207],95.95001957487207,"{""executor"": ""python"", ""formula"": ""direct"", ""numeric_answer"": 95.95001957487207, ""option_values"": [[""A"", 94.5, ""94.5""], [""B"", 96.2, ""96.2""], [""C"", 98.0, ""98.0""], [""D"", 100.3, ""100.3""]], ""selected_option"": ""B""}",B,A,,0,0,0
1154,e2f9539e4e5cacd1513ee511e53482ce3e2a02936a555049cacb4c4ac4443020,line,numerical,difference,Calculate the approximate increase in domestic formulation sales from 1Q FY16 to 3Q FY24 in INR mn.,success,,"[""1QFY16"", ""3QFY24""]","[""1QFY16"", ""3QFY24""]","[{""both_sides"": 1, ""chart_type"": ""line"", ""fit_mode"": ""two_sided_piecewise_robust"", ""fitted_segments"": [{""inlier_count"": 18, ""median_residual"": 0.16131598708710726, ""side"": ""all"", ""slope"": -0.00585518889179659, ""target_y"": 146.1613159870871, ""x_max"": 118.0, ""x_min"": 93.0}, {""inlier_count"": 11, ""median_residual"": 11.188128439936065, ""side"": ""left"", ""slope"": -6.219805206703315, ""target_y"": 137.88017376955125, ""x_max"": 105.0, ""x_min"": 93.0}, {""inlier_count"": 13, ""median_residual"": 5.684341886080802e-14, ""side"": ""right"", ""slope"": 1.3432829587353444e-14, ""target_y"": 145.99999999999994, ""x_max"": 118.0, ""x_min"": 106.0}], ""local_columns"": 26, ""local_fit_residual_pixels"": 5.684341886080802e-14, ""method"": ""auto_x_local_line_fit"", ""point"": [105.5, 141.9400868847756], ""score"": 0.9999999999999432, ""search_window"": [93.0, 118.0], ""target_x"": 105.5, ""target_y"": 141.9400868847756, ""window_half_width"": 12.48}, {""both_sides"": 1, ""chart_type"": ""line"", ""fit_mode"": ""two_sided_piecewise_robust"", ""fitted_segments"": [{""inlier_count"": 25, ""median_residual"": 1.4210854715202004e-14, ""side"": ""all"", ""slope"": -2.7045862446784337e-16, ""target_y"": 35.000000000000014, ""x_max"": 984.0, ""x_min"": 960.0}, {""inlier_count"": 14, ""median_residual"": 1.4210854715202004e-14, ""side"": ""left"", ""slope"": -3.2957680285784926e-15, ""target_y"": 34.999999999999964, ""x_max"": 973.0, ""x_min"": 960.0}, {""inlier_count"": 12, ""median_residual"": 7.105427357601002e-15, ""side"": ""right"", ""slope"": -7.612446284702326e-16, ""target_y"": 35.0, ""x_max"": 984.0, ""x_min"": 973.0}], ""local_columns"": 25, ""local_fit_residual_pixels"": 7.105427357601002e-15, ""method"": ""auto_x_local_line_fit"", ""point"": [973.0, 34.999999999999986], ""score"": 0.9999999999999929, ""search_window"": [960.0, 986.0], ""target_x"": 973.0, ""target_y"": 34.999999999999986, ""window_half_width"": 12.24}]","[{""bbox"": [22.0, 22.0, 80.0, 48.0], ""confidence"": 0.9980587363243103, ""pixel_y"": 35.0, ""text"": ""9000"", ""value"": 9000.0}, {""bbox"": [22.0, 58.0, 80.0, 85.0], ""confidence"": 0.998535692691803, ""pixel_y"": 71.5, ""text"": ""8000"", ""value"": 8000.0}, {""bbox"": [22.0, 95.0, 80.0, 123.0], ""confidence"": 0.9980554580688477, ""pixel_y"": 109.0, ""text"": ""7000"", ""value"": 7000.0}, {""bbox"": [22.0, 132.0, 80.0, 160.0], ""confidence"": 0.9977681636810303, ""pixel_y"": 146.0, ""text"": ""6000"", ""value"": 6000.0}, {""bbox"": [22.0, 169.0, 80.0, 197.0], ""confidence"": 0.9778226613998413, ""pixel_y"": 183.0, ""text"": ""5000"", ""value"": 5000.0}, {""bbox"": [22.0, 206.0, 80.0, 234.0], ""confidence"": 0.9997113347053528, ""pixel_y"": 220.0, ""text"": ""4000"", ""value"": 4000.0}, {""bbox"": [22.0, 242.0, 80.0, 270.0], ""confidence"": 0.999726414680481, ""pixel_y"": 256.0, ""text"": ""3000"", ""value"": 3000.0}, {""bbox"": [22.0, 279.0, 80.0, 307.0], ""confidence"": 0.9990838170051575, ""pixel_y"": 293.0, ""text"": ""2000"", ""value"": 2000.0}, {""bbox"": [22.0, 316.0, 80.0, 344.0], ""confidence"": 0.9994992613792419, ""pixel_y"": 330.0, ""text"": ""1000"", ""value"": 1000.0}]","[6102.930168391579, 9002.966503332507]",2900.036334940928,"{""executor"": ""python"", ""formula"": ""difference"", ""numeric_answer"": 2900.036334940928}",2900.036334940928,3500,10.0,0,0,0
1158,41fbf27e7d4801b1c6585ebc39b456d0d291bb2ef6722cda77652dae760aa5a5,bar,numerical,growth_rate,What is the percentage change in API sales from 30FY23 to 10FY24?,bar_count_out_of_scope,bar_chart_analysis,[],[],[],[],[],,{},,-1.5,2.0,0,0,0
1286,dd4651477ec88bfa5719a1768e4e46448979d3084ce013b6c345644bf0c4d053,line,numerical,direct,What was the PMI value for the US manufacturing sector in July 2020?,success,,"[""July2020""]",[null],"[{""both_sides"": 1, ""chart_type"": ""line"", ""fit_mode"": ""two_sided_piecewise_robust"", ""fitted_segments"": [{""inlier_count"": 20, ""median_residual"": 5.684341886080802e-14, ""side"": ""all"", ""slope"": 1.3833795803553168e-15, ""target_y"": 498.99999999999994, ""x_max"": 824.0, ""x_min"": 805.0}, {""inlier_count"": 10, ""median_residual"": 5.684341886080802e-14, ""side"": ""left"", ""slope"": -1.4362833628322507e-14, ""target_y"": 498.9999999999999, ""x_max"": 814.0, ""x_min"": 805.0}, {""inlier_count"": 10, ""median_residual"": 1.1368683772161603e-13, ""side"": ""right"", ""slope"": -9.530089455378054e-15, ""target_y"": 499.00000000000017, ""x_max"": 824.0, ""x_min"": 815.0}], ""local_columns"": 20, ""local_fit_residual_pixels"": 5.684341886080802e-14, ""method"": ""auto_x_local_line_fit"", ""point"": [814.2666666666701, 499.0], ""score"": 0.9999999999999432, ""search_window"": [805.0, 824.0], ""target_x"": 814.2666666666701, ""target_y"": 499.0, ""window_half_width"": 9.0}]","[{""bbox"": [25.0, 28.0, 88.0, 61.0], ""confidence"": 0.9999543647922537, ""pixel_y"": 44.5, ""text"": ""65.0"", ""value"": 65.0}, {""bbox"": [25.0, 92.0, 88.0, 125.0], ""confidence"": 0.9999784231185913, ""pixel_y"": 108.5, ""text"": ""60.0"", ""value"": 60.0}, {""bbox"": [25.0, 158.0, 88.0, 190.0], ""confidence"": 0.9992874264717102, ""pixel_y"": 174.0, ""text"": ""55.0"", ""value"": 55.0}, {""bbox"": [24.0, 221.0, 89.0, 257.0], ""confidence"": 0.9999649524688721, ""pixel_y"": 239.0, ""text"": ""50.0"", ""value"": 50.0}, {""bbox"": [25.0, 287.0, 88.0, 320.0], ""confidence"": 0.9999842047691345, ""pixel_y"": 303.5, ""text"": ""45.0"", ""value"": 45.0}, {""bbox"": [24.0, 350.0, 89.0, 387.0], ""confidence"": 0.8466613861225277, ""pixel_y"": 368.5, ""text"": ""40.0"", ""value"": 40.0}, {""bbox"": [25.0, 417.0, 88.0, 450.0], ""confidence"": 0.6811106034764776, ""pixel_y"": 433.5, ""text"": ""35.0"", ""value"": 35.0}, {""bbox"": [24.0, 480.0, 89.0, 516.0], ""confidence"": 0.9999924898147583, ""pixel_y"": 498.0, ""text"": ""30.0"", ""value"": 30.0}]",[29.93580390935113],29.93580390935113,"{""executor"": ""python"", ""formula"": ""direct"", ""numeric_answer"": 29.93580390935113}",29.93580390935113,60,5.0,0,0,0
1304,d40d94eb0a16ea6d928ed27e76d7848104a1c3bbe43bd3cce2ca4f981d632ade,line,single_choice,direct,What was the rapeseed oil price in January 2020?,success,,"[""January2020""]","[""Jan-20""]","[{""both_sides"": 0, ""chart_type"": ""line"", ""fit_mode"": ""global_robust"", ""fitted_segments"": [{""inlier_count"": 32, ""median_residual"": 1.0074696363909084, ""side"": ""all"", ""slope"": 0.009127439114581928, ""target_y"": 346.4879666440518, ""x_max"": 152.0, ""x_min"": 100.0}], ""local_columns"": 53, ""local_fit_residual_pixels"": 1.0074696363909084, ""method"": ""auto_x_local_line_fit"", ""point"": [99.5, 346.4879666440518], ""score"": 0.49813953938443184, ""search_window"": [92.0, 152.0], ""target_x"": 99.5, ""target_y"": 346.4879666440518, ""window_half_width"": 52.32}]","[{""bbox"": [0.0, 50.0, 80.0, 88.0], ""confidence"": 0.9998783944210222, ""pixel_y"": 69.0, ""text"": ""2,500"", ""value"": 2500.0}, {""bbox"": [0.0, 137.0, 78.0, 175.0], ""confidence"": 0.9989638709227503, ""pixel_y"": 156.0, ""text"": ""2,000"", ""value"": 2000.0}, {""bbox"": [0.0, 225.0, 78.0, 262.0], ""confidence"": 0.9998759953455705, ""pixel_y"": 243.5, ""text"": ""1,500"", ""value"": 1500.0}, {""bbox"": [0.0, 312.0, 78.0, 348.0], ""confidence"": 0.9993966464381847, ""pixel_y"": 330.0, ""text"": ""1,000"", ""value"": 1000.0}, {""bbox"": [23.0, 401.0, 78.0, 432.0], ""confidence"": 0.9184571989039579, ""pixel_y"": 416.5, ""text"": ""500"", ""value"": 500.0}, {""bbox"": [55.0, 493.0, 73.0, 514.0], ""confidence"": 0.9999846220607687, ""pixel_y"": 503.5, ""text"": ""0"", ""value"": 0.0}]",[904.2527827674712],904.2527827674712,"{""executor"": ""python"", ""formula"": ""direct"", ""numeric_answer"": 904.2527827674712, ""option_values"": [[""A"", 500.0, ""Around 500 US$/MT""], [""B"", 1000.0, ""Around 1,000 US$/MT""], [""C"", 1500.0, ""Around 1,500 US$/MT""], [""D"", 2000.0, ""Around 2,000 US$/MT""]], ""selected_option"": ""B""}",B,B,,1,1,1
1312,b5093a4785b35eb531e4c959d524ced620523a841ff141634bd511b11d25dcf8,bar,single_choice,difference,Which of the following months saw a decrease in NCM/NCA's market share?,bar_count_out_of_scope,bar_chart_analysis,[],[],[],[],[],,{},,A,,0,0,0
1408,36121da8d9cf455d1566bd7caf9f1ab66a5030b57060a73b61271bdf5040a593,bar,numerical,difference,Calculate the difference between the propane price and GGL input cost in 4QFY24.,direct_data_value_or_numeric_annotation_present,bar_chart_analysis,[],[],[],[],[],,{},,0.5,0.10000000149011612,0,0,0
1489,b2dd2d5ff9d368ccd1b754fc764ada9d1702da6b48f0418054a9ee848b51dc9a,line,single_choice,direct,What was the closing price of Wilmar International around mid-2022?,x_grounding_unrecoverable,x_grounding_or_line_fit,[],[],[],[],[],,{},,A,,0,0,0
1511,e0caa727e887dc896c865a9495d902e9a6c52407ec101fc5a95d3a8816f736ad,line,numerical,growth_rate,What is the approximate percentage change in commercial paper outstanding from June 2022 to January 2024?,success,,"[""June2022"", ""January2024""]","[""Jun-22"", ""Jan-24""]","[{""both_sides"": 0, ""chart_type"": ""line"", ""fit_mode"": ""global_robust"", ""fitted_segments"": [{""inlier_count"": 20, ""median_residual"": 0.13659980636867886, ""side"": ""all"", ""slope"": 0.4251059051330971, ""target_y"": 454.07289434972233, ""x_max"": 183.0, ""x_min"": 164.0}], ""local_columns"": 20, ""local_fit_residual_pixels"": 0.13659980636867886, ""method"": ""auto_x_local_line_fit"", ""point"": [162.5, 454.07289434972233], ""score"": 0.8798171479501643, ""search_window"": [144.0, 183.0], ""target_x"": 162.5, ""target_y"": 454.07289434972233, ""window_half_width"": 19.919999999999998}, {""both_sides"": 1, ""chart_type"": ""line"", ""fit_mode"": ""two_sided_piecewise_robust"", ""fitted_segments"": [{""inlier_count"": 43, ""median_residual"": 1.0204936186177633, ""side"": ""all"", ""slope"": -0.1700105679197235, ""target_y"": 461.8304196431797, ""x_max"": 969.0, ""x_min"": 927.0}, {""inlier_count"": 22, ""median_residual"": 0.1574748319652599, ""side"": ""left"", ""slope"": -0.37605326615610885, ""target_y"": 459.575672909537, ""x_max"": 948.0, ""x_min"": 927.0}, {""inlier_count"": 22, ""median_residual"": 0.11004760190880347, ""side"": ""right"", ""slope"": 0.020008654892509598, ""target_y"": 459.87980701643875, ""x_max"": 969.0, ""x_min"": 948.0}], ""local_columns"": 43, ""local_fit_residual_pixels"": 0.11004760190880347, ""method"": ""auto_x_local_line_fit"", ""point"": [948.0, 459.72773996298787], ""score"": 0.9008622677806167, ""search_window"": [927.0, 969.0], ""target_x"": 948.0, ""target_y"": 459.72773996298787, ""window_half_width"": 20.64}]","[{""bbox"": [40.0, 107.0, 131.0, 148.0], ""confidence"": 0.9997299703404143, ""pixel_y"": 127.5, ""text"": ""5,000"", ""value"": 5000.0}, {""bbox"": [40.0, 163.0, 131.0, 204.0], ""confidence"": 0.999966573300654, ""pixel_y"": 183.5, ""text"": ""4,500"", ""value"": 4500.0}, {""bbox"": [39.0, 218.0, 131.0, 261.0], ""confidence"": 0.9998687448022977, ""pixel_y"": 239.5, ""text"": ""4,000"", ""value"": 4000.0}, {""bbox"": [38.0, 275.0, 130.0, 316.0], ""confidence"": 0.9994550910239156, ""pixel_y"": 295.5, ""text"": ""3,500"", ""value"": 3500.0}, {""bbox"": [38.0, 331.0, 130.0, 372.0], ""confidence"": 0.9960527659364129, ""pixel_y"": 351.5, ""text"": ""3,000"", ""value"": 3000.0}, {""bbox"": [40.0, 387.0, 131.0, 427.0], ""confidence"": 0.9999407168319049, ""pixel_y"": 407.0, ""text"": ""2,500"", ""value"": 2500.0}, {""bbox"": [38.0, 443.0, 131.0, 483.0], ""confidence"": 0.9997770462194505, ""pixel_y"": 463.0, ""text"": ""2,000"", ""value"": 2000.0}, {""bbox"": [41.0, 497.0, 131.0, 539.0], ""confidence"": 0.9997898414301394, ""pixel_y"": 518.0, ""text"": ""1,500"", ""value"": 1500.0}, {""bbox"": [41.0, 553.0, 131.0, 595.0], ""confidence"": 0.9997707552337741, ""pixel_y"": 574.0, ""text"": ""1,000"", ""value"": 1000.0}, {""bbox"": [67.0, 609.0, 132.0, 647.0], ""confidence"": 0.9982331829674873, ""pixel_y"": 628.0, ""text"": ""500"", ""value"": 500.0}]","[2073.7142471691623, 2022.9422799508911]",-2.4483588945574444,"{""executor"": ""python"", ""formula"": ""growth_rate"", ""numeric_answer"": -2.4483588945574444}",-2.4483588945574444,2.63,2.0,0,0,0
1520,117c009293650b02cd2ad91fc410c4e4256d562050f5d79a369a1fdea92b09e2,line,single_choice,direct,What was the price of the cement in March 2019?,x_grounding_unrecoverable,x_grounding_or_line_fit,[],[],[],[],[],,{},,A,,0,1,1
1522,e633813ad2cdc952c5fdaeb0da12ebcc663092c0716234b2ce5c8319cc461e1a,line,numerical,growth_rate,Calculate the approximate percentage increase in the closing price from July 2021 to January 2024.,x_grounding_unrecoverable | x_grounding_unrecoverable,x_grounding_or_line_fit,[],[],[],[],[],,{},,2,2.0,0,0,0
1541,3f5a8123d06663e6bb0c5d1d926ec43a154308a6312bbbaacab7c6a0e5e28cd5,line,single_choice,direct,What is the closing price of iQIYI Inc. around January 2024?,x_grounding_unrecoverable,x_grounding_or_line_fit,[],[],[],[],[],,{},,B,,0,0,0
1564,2ca16bdd6cd45d26c03973f686d032e53d94018db4d51a71ded5e4009ffb848a,bar,single_choice,direct,What is the approximate value of Germany sales (EUR Mn) in 3QFY24?,bar_count_out_of_scope,bar_chart_analysis,[],[],[],[],[],,{},,C,,0,0,0
1675,7b9a609ec1bfa1188fa5628eea3dd5637d11ebc14eaf86f2e3b72179a2ec4d38,line,numerical,difference,What is the difference between the US Effective Tax Rate in 1990 and 2025?,line_localization_failed | success,x_grounding_or_line_fit,[],[],[],[],[],,{},,105,10.0,0,0,0
1696,b03adc71468280827ef53f5a70e19eab9b1c8f0892e7319b6d9cb03b3ed9b85b,bar,single_choice,direct,What is the number of overseas distributors for Pop Mart in 2017?,x_axis_labels_unreadable_or_grouped_bars,bar_chart_analysis,[],[],[],[],[],,{},,A,,0,1,1
1703,7ac76ad793feab39a4053cc049cd334257a69b2cd9e75b498e02773399c2ac4c,line,numerical,direct,What was the approximate Net Interest Margin (bps) in 3Q18?,success,,"[""3Q18""]",[null],"[{""both_sides"": 1, ""chart_type"": ""line"", ""fit_mode"": ""two_sided_piecewise_robust"", ""fitted_segments"": [{""inlier_count"": 48, ""median_residual"": 1.2991915897902118, ""side"": ""all"", ""slope"": -0.29124656487987316, ""target_y"": 127.67293128442984, ""x_max"": 484.0, ""x_min"": 437.0}, {""inlier_count"": 24, ""median_residual"": 0.1222259096038556, ""side"": ""left"", ""slope"": -0.08148393973590572, ""target_y"": 130.1679873497176, ""x_max"": 460.0, ""x_min"": 437.0}, {""inlier_count"": 23, ""median_residual"": 0.14801730851007022, ""side"": ""right"", ""slope"": -0.5171390852333987, ""target_y"": 130.384777597841, ""x_max"": 484.0, ""x_min"": 461.0}], ""local_columns"": 48, ""local_fit_residual_pixels"": 0.1222259096038556, ""method"": ""auto_x_local_line_fit"", ""point"": [460.5, 130.2763824737793], ""score"": 0.8910861809927368, ""search_window"": [437.0, 484.0], ""target_x"": 460.5, ""target_y"": 130.2763824737793, ""window_half_width"": 22.8}]","[{""bbox"": [30.0, 30.0, 97.0, 68.0], ""confidence"": 0.9799857139587402, ""pixel_y"": 49.0, ""text"": ""300"", ""value"": 300.0}, {""bbox"": [30.0, 96.0, 97.0, 135.0], ""confidence"": 0.9999945627862629, ""pixel_y"": 115.5, ""text"": ""250"", ""value"": 250.0}, {""bbox"": [30.0, 160.0, 95.0, 198.0], ""confidence"": 0.9998950418269726, ""pixel_y"": 179.0, ""text"": ""200"", ""value"": 200.0}, {""bbox"": [32.0, 224.0, 95.0, 262.0], ""confidence"": 0.9999871984651112, ""pixel_y"": 243.0, ""text"": ""150"", ""value"": 150.0}, {""bbox"": [32.0, 288.0, 95.0, 327.0], ""confidence"": 0.9998847181519784, ""pixel_y"": 307.5, ""text"": ""100"", ""value"": 100.0}, {""bbox"": [48.0, 353.0, 95.0, 391.0], ""confidence"": 0.9998202062786206, ""pixel_y"": 372.0, ""text"": ""50"", ""value"": 50.0}, {""bbox"": [68.0, 418.0, 96.0, 453.0], ""confidence"": 0.9999983310706426, ""pixel_y"": 435.5, ""text"": ""0"", ""value"": 0.0}]",[237.67863329015603],237.67863329015603,"{""executor"": ""python"", ""formula"": ""direct"", ""numeric_answer"": 237.67863329015603}",237.67863329015603,30,5.0,0,0,0
1797,816025c1cd5d4559b5709d33e9fe5a6f2fd61b90ebaea1c1716ec73cc83e4800,line,numerical,difference,How much did the EBITDA margin decrease from 2QFY23 to 3QFY24?,success,,"[""2QFY23"", ""3QFY24""]","[""2QFY23"", ""3QFY24""]","[{""both_sides"": 1, ""chart_type"": ""line"", ""fit_mode"": ""two_sided_piecewise_robust"", ""fitted_segments"": [{""inlier_count"": 45, ""median_residual"": 0.12354377153883433, ""side"": ""all"", ""slope"": -0.9793713099385468, ""target_y"": 163.73205539803098, ""x_max"": 727.0, ""x_min"": 681.0}, {""inlier_count"": 23, ""median_residual"": 0.1646622312201913, ""side"": ""left"", ""slope"": -0.9573311156100975, ""target_y"": 163.91034518876813, ""x_max"": 704.0, ""x_min"": 681.0}, {""inlier_count"": 24, ""median_residual"": 2.842170943040401e-14, ""side"": ""right"", ""slope"": -1.0000000000000024, ""target_y"": 164.00000000000006, ""x_max"": 727.0, ""x_min"": 704.0}], ""local_columns"": 47, ""local_fit_residual_pixels"": 2.842170943040401e-14, ""method"": ""auto_x_local_line_fit"", ""point"": [704.0, 163.9551725943841], ""score"": 0.9999999999999716, ""search_window"": [681.0, 727.0], ""target_x"": 704.0, ""target_y"": 163.9551725943841, ""window_half_width"": 22.08}, {""both_sides"": 1, ""chart_type"": ""line"", ""fit_mode"": ""two_sided_piecewise_robust"", ""fitted_segments"": [{""inlier_count"": 43, ""median_residual"": 0.4276275191037371, ""side"": ""all"", ""slope"": 6.079829837920223, ""target_y"": 257.6083081674228, ""x_max"": 963.0, ""x_min"": 917.0}, {""inlier_count"": 20, ""median_residual"": 0.39922486577697214, ""side"": ""left"", ""slope"": 6.039807936291901, ""target_y"": 257.20904656085014, ""x_max"": 940.0, ""x_min"": 917.0}, {""inlier_count"": 24, ""median_residual"": 0.4583631117681932, ""side"": ""right"", ""slope"": 6.084676935497029, ""target_y"": 257.6115937567979, ""x_max"": 963.0, ""x_min"": 940.0}], ""local_columns"": 47, ""local_fit_residual_pixels"": 0.39922486577697214, ""method"": ""auto_x_local_line_fit"", ""point"": [940.0, 257.410320158824], ""score"": 0.7146814100139025, ""search_window"": [917.0, 963.0], ""target_x"": 940.0, ""target_y"": 257.410320158824, ""window_half_width"": 22.8}]","[{""bbox"": [18.0, 18.0, 83.0, 43.0], ""confidence"": 0.9957453779181454, ""pixel_y"": 30.5, ""text"": ""25.0%"", ""value"": 25.0}, {""bbox"": [18.0, 98.0, 83.0, 125.0], ""confidence"": 0.9637002479904815, ""pixel_y"": 111.5, ""text"": ""20.0%"", ""value"": 20.0}, {""bbox"": [18.0, 180.0, 85.0, 205.0], ""confidence"": 0.9991824741086277, ""pixel_y"": 192.5, ""text"": ""15.0%"", ""value"": 15.0}, {""bbox"": [18.0, 260.0, 85.0, 286.0], ""confidence"": 0.9985685580430762, ""pixel_y"": 273.0, ""text"": ""10.0%"", ""value"": 10.0}, {""bbox"": [30.0, 340.0, 85.0, 366.0], ""confidence"": 0.925101101398468, ""pixel_y"": 353.0, ""text"": ""5.0%"", ""value"": 5.0}, {""bbox"": [28.0, 422.0, 83.0, 446.0], ""confidence"": 0.9966985960361432, ""pixel_y"": 434.0, ""text"": ""0.0%"", ""value"": 0.0}, {""bbox"": [23.0, 502.0, 83.0, 528.0], ""confidence"": 0.7107249671305771, ""pixel_y"": 515.0, ""text"": ""-5.0%"", ""value"": -5.0}]","[16.744679526957768, 10.952876870544923]",5.791802656412845,"{""executor"": ""python"", ""formula"": ""difference"", ""numeric_answer"": 5.791802656412845}",5.791802656412845,1,2.0,0,0,0
1929,b20caa557109db5bc3ccaf8afce8d902baea1c479f7326ba6b60baa8e6e5bc95,line,single_choice,direct,What was the percentage growth of customer deposits in 1Q20?,x_grounding_unrecoverable,x_grounding_or_line_fit,[],[],[],[],[],,{},,B,,0,1,1
2026,2df03ca835cf3c49832fe230e80cc3804da9c437af070e69ae05dbb2ba66e371,bar,single_choice,direct,What was the percentage for OEM in FY21?,direct_data_value_or_numeric_annotation_present,bar_chart_analysis,[],[],[],[],[],,{},,A,,0,1,1
2134,f215a32284ca82e867cb9539593f5ee7365d685478e64883a3e34a14b3848014,line,single_choice,direct,What was the approximate P/E ratio for Uno Minda in February 2020?,ambiguous_series,x_grounding_or_line_fit,[],[],[],[],[],,{},,A,,0,1,1
2142,7b9a609ec1bfa1188fa5628eea3dd5637d11ebc14eaf86f2e3b72179a2ec4d38,line,single_choice,direct,What was the US Effective Tax Rate around the year 1990?,line_localization_failed,x_grounding_or_line_fit,[],[],[],[],[],,{},,B,,0,1,1
2164,4ea83410fe19bf13b4bc6029680a6d1d9f711d66c227b1e6488b5455e32f3aec,bar,single_choice,difference,What was the revenue difference between 1QFY18 and 1QFY24?,bar_count_out_of_scope,bar_chart_analysis,[],[],[],[],[],,{},,A,,0,1,1
2168,1a07d6768ce43cafb7d41d68bba02fffbcba7ba6196473d8a0ec4f08a18cd606,line,numerical,difference,What is the difference in P/E between August 2021 and February 2022?,ambiguous_series | ambiguous_series,x_grounding_or_line_fit,[],[],[],[],[],,{},,12.5,2.0,0,1,1
2330,8f51f59c04f31cd519ec250a35dc742d57d40793cd23d63727f480a5797102bd,line,numerical,growth_rate,What is the approximate percentage increase in the closing price from July 2021 to January 2024?,x_grounding_unrecoverable | x_grounding_unrecoverable,x_grounding_or_line_fit,[],[],[],[],[],,{},,75,5.0,0,1,1
2363,83aa7f614c60dce753a4f4be142634809b6f072946315bc50411be12f3148598,line,numerical,direct,What is the value for the integrated player category in 2023?,x_grounding_unrecoverable,x_grounding_or_line_fit,[],[],[],[],[],,{},,0,0.5,0,0,0
2392,6396dbb646b4e53512a9fbb158f53ad93af8ef499fbfabcbeee32dd30366def1,line,single_choice,direct,What was the non-interest income as a percentage of operating income in 1Q15?,success,,"[""1Q15""]","[""1Q15""]","[{""both_sides"": 1, ""chart_type"": ""line"", ""fit_mode"": ""two_sided_piecewise_robust"", ""fitted_segments"": [{""inlier_count"": 27, ""median_residual"": 0.16158318513728887, ""side"": ""all"", ""slope"": -0.20854594614907215, ""target_y"": 239.41413453892616, ""x_max"": 135.0, ""x_min"": 108.0}, {""inlier_count"": 4, ""median_residual"": 0.12371864515074549, ""side"": ""left"", ""slope"": 0.15013674980571207, ""target_y"": 239.5989237698593, ""x_max"": 111.0, ""x_min"": 108.0}, {""inlier_count"": 24, ""median_residual"": 0.15131643563387343, ""side"": ""right"", ""slope"": -0.21827919393931416, ""target_y"": 239.55238756896634, ""x_max"": 135.0, ""x_min"": 111.0}], ""local_columns"": 28, ""local_fit_residual_pixels"": 0.12371864515074549, ""method"": ""auto_x_local_line_fit"", ""point"": [111.0, 239.5756556694128], ""score"": 0.8899024718646109, ""search_window"": [90.0, 135.0], ""target_x"": 111.0, ""target_y"": 239.5756556694128, ""window_half_width"": 23.04}]","[{""bbox"": [30.0, 30.0, 78.0, 68.0], ""confidence"": 0.9999954481433951, ""pixel_y"": 49.0, ""text"": ""35"", ""value"": 35.0}, {""bbox"": [29.0, 110.0, 78.0, 148.0], ""confidence"": 0.6115339383362132, ""pixel_y"": 129.0, ""text"": ""30"", ""value"": 30.0}, {""bbox"": [29.0, 192.0, 78.0, 230.0], ""confidence"": 0.9999994942378553, ""pixel_y"": 211.0, ""text"": ""25"", ""value"": 25.0}, {""bbox"": [30.0, 272.0, 78.0, 310.0], ""confidence"": 0.9136382026104265, ""pixel_y"": 291.0, ""text"": ""20"", ""value"": 20.0}, {""bbox"": [32.0, 352.0, 78.0, 390.0], ""confidence"": 0.9999929193367925, ""pixel_y"": 371.0, ""text"": ""15"", ""value"": 15.0}, {""bbox"": [30.0, 433.0, 78.0, 470.0], ""confidence"": 0.9999978926582248, ""pixel_y"": 451.5, ""text"": ""10"", ""value"": 10.0}]",[23.173107991369577],23.173107991369577,"{""executor"": ""python"", ""formula"": ""direct"", ""numeric_answer"": 23.173107991369577, ""option_values"": [[""A"", 24.0, ""24%""], [""B"", 25.0, ""25%""], [""C"", 22.0, ""22%""], [""D"", 23.0, ""23%""]], ""selected_option"": ""D""}",D,B,,0,0,0
2429,e4d2a8d715bb3192630992370aaf4ac8883cf53870a21eb525b226bd52b8e9ea,line,single_choice,direct,What was the commercial paper issuance value in Jun-22?,success,,"[""Jun-22""]","[""Jun-22""]","[{""both_sides"": 0, ""chart_type"": ""line"", ""fit_mode"": ""global_robust"", ""fitted_segments"": [{""inlier_count"": 18, ""median_residual"": 0.5642503684368023, ""side"": ""all"", ""slope"": -3.2875135173079895, ""target_y"": 371.2581152655547, ""x_max"": 182.0, ""x_min"": 161.0}], ""local_columns"": 22, ""local_fit_residual_pixels"": 0.5642503684368023, ""method"": ""auto_x_local_line_fit"", ""point"": [161.5, 371.2581152655547], ""score"": 0.6392838513436484, ""search_window"": [143.0, 182.0], ""target_x"": 161.5, ""target_y"": 371.2581152655547, ""window_half_width"": 19.919999999999998}]","[{""bbox"": [40.0, 97.0, 131.0, 139.0], ""confidence"": 0.9998410753926302, ""pixel_y"": 118.0, ""text"": ""1,000"", ""value"": 1000.0}, {""bbox"": [65.0, 153.0, 131.0, 191.0], ""confidence"": 0.9995413608585064, ""pixel_y"": 172.0, ""text"": ""900"", ""value"": 900.0}, {""bbox"": [65.0, 211.0, 131.0, 247.0], ""confidence"": 0.9997582198806338, ""pixel_y"": 229.0, ""text"": ""800"", ""value"": 800.0}, {""bbox"": [67.0, 267.0, 131.0, 305.0], ""confidence"": 0.9997743245468785, ""pixel_y"": 286.0, ""text"": ""700"", ""value"": 700.0}, {""bbox"": [65.0, 325.0, 131.0, 361.0], ""confidence"": 0.9998591843238325, ""pixel_y"": 343.0, ""text"": ""600"", ""value"": 600.0}, {""bbox"": [65.0, 494.0, 131.0, 532.0], ""confidence"": 0.9999611825102453, ""pixel_y"": 513.0, ""text"": ""300"", ""value"": 300.0}, {""bbox"": [65.0, 552.0, 131.0, 590.0], ""confidence"": 0.999909219697237, ""pixel_y"": 571.0, ""text"": ""200"", ""value"": 200.0}, {""bbox"": [69.0, 608.0, 131.0, 646.0], ""confidence"": 0.9998925641436717, ""pixel_y"": 627.0, ""text"": ""100"", ""value"": 100.0}]",[550.5348735837225],550.5348735837225,"{""executor"": ""python"", ""formula"": ""direct"", ""numeric_answer"": 550.5348735837225, ""option_values"": [[""A"", 500.0, ""Around 500 INR billion""], [""B"", 600.0, ""Around 600 INR billion""], [""C"", 700.0, ""Around 700 INR billion""], [""D"", 400.0, ""Around 400 INR billion""]], ""selected_option"": ""B""}",B,A,,0,0,0
2434,312c6acdb8bd2e9509ed258934f64626cd86fe76c5d87243194413cb596ea820,bar,numerical,direct,Calculate the change in percentage of sedans from Dec-21 to Dec-23.,bar_count_out_of_scope,bar_chart_analysis,[],[],[],[],[],,{},,60,5.0,0,0,0
2456,b303d93a723c60915ec7cbc6a0731836d65c863d5b067fafb5746c400fea7b34,bar,single_choice,direct,What is the non-interest income growth percentage in 1Q16?,bar_count_out_of_scope,bar_chart_analysis,[],[],[],[],[],,{},,B,,0,1,1
2462,5d0329828cf3c90b8d1ed36befc86372e946380adbd455bae1c5f044c38c86a6,line,single_choice,direct,What is the closing price of THK stock around April 2023?,x_grounding_unrecoverable,x_grounding_or_line_fit,[],[],[],[],[],,{},,D,,0,1,1
2498,941cdc66087a34730abc4e031ba84d69fc5b236022900489ae23a0f9634c05b0,bar,single_choice,direct,What was the penetration rate of the Purley platform in 1Q20?,x_axis_labels_unreadable_or_grouped_bars,bar_chart_analysis,[],[],[],[],[],,{},,A,,0,1,1
2629,4f2022a6b4fb5f982c1df7550e9d6353af5d4db101529c4fe268a4f62c45c7e3,line,single_choice,direct,What is the GDP growth target for the year 2024 based on the chart?,x_grounding_unrecoverable,x_grounding_or_line_fit,[],[],[],[],[],,{},,A,,0,1,1
2683,9794f705b05ccae3e56ec94da386da7a6bc0727330f77ea68fe0ecfd28f1ab70,line,numerical,growth_rate,What is the approximate percentage increase in closing price from July 2021 to January 2024?,x_grounding_unrecoverable | x_grounding_unrecoverable,x_grounding_or_line_fit,[],[],[],[],[],,{},,45,3.0,0,0,0
2780,4f597a5ac3925a427cc6655246d146e361982a9f623b2409dd6c0c33c8747f6a,line,single_choice,direct,What was the GMV for 3QFY23?,success,,"[""3QFY23""]","[""3QFY23""]","[{""both_sides"": 1, ""chart_type"": ""line"", ""fit_mode"": ""two_sided_piecewise_robust"", ""fitted_segments"": [{""inlier_count"": 19, ""median_residual"": 0.0, ""side"": ""all"", ""slope"": 1.1904544075255656e-15, ""target_y"": 156.5, ""x_max"": 210.0, ""x_min"": 192.0}, {""inlier_count"": 10, ""median_residual"": 8.526512829121202e-14, ""side"": ""left"", ""slope"": 6.7970022779025555e-15, ""target_y"": 156.49999999999994, ""x_max"": 201.0, ""x_min"": 192.0}, {""inlier_count"": 10, ""median_residual"": 9.947598300641403e-14, ""side"": ""right"", ""slope"": 3.304338333154339e-15, ""target_y"": 156.4999999999999, ""x_max"": 210.0, ""x_min"": 201.0}], ""local_columns"": 19, ""local_fit_residual_pixels"": 0.0, ""method"": ""auto_x_local_line_fit"", ""point"": [201.0, 156.49999999999991], ""score"": 1.0, ""search_window"": [192.0, 210.0], ""target_x"": 201.0, ""target_y"": 156.49999999999991, ""window_half_width"": 9.0}]","[{""bbox"": [28.0, 22.0, 93.0, 51.0], ""confidence"": 0.9999581499648622, ""pixel_y"": 36.5, ""text"": ""7,500"", ""value"": 7500.0}, {""bbox"": [28.0, 82.0, 93.0, 112.0], ""confidence"": 0.9999207246627938, ""pixel_y"": 97.0, ""text"": ""7,000"", ""value"": 7000.0}, {""bbox"": [28.0, 142.0, 93.0, 171.0], ""confidence"": 0.8155055888205627, ""pixel_y"": 156.5, ""text"": ""6,500"", ""value"": 6500.0}, {""bbox"": [28.0, 204.0, 93.0, 232.0], ""confidence"": 0.9999114482803017, ""pixel_y"": 218.0, ""text"": ""6,000"", ""value"": 6000.0}, {""bbox"": [28.0, 263.0, 93.0, 293.0], ""confidence"": 0.9999547912906603, ""pixel_y"": 278.0, ""text"": ""5,500"", ""value"": 5500.0}, {""bbox"": [28.0, 324.0, 93.0, 354.0], ""confidence"": 0.9999239767255157, ""pixel_y"": 339.0, ""text"": ""5,000"", ""value"": 5000.0}, {""bbox"": [28.0, 385.0, 93.0, 413.0], ""confidence"": 0.9999724376434119, ""pixel_y"": 399.0, ""text"": ""4,500"", ""value"": 4500.0}, {""bbox"": [28.0, 446.0, 93.0, 474.0], ""confidence"": 0.9999358654032026, ""pixel_y"": 460.0, ""text"": ""4,000"", ""value"": 4000.0}]",[6506.19342815233],6506.19342815233,"{""executor"": ""python"", ""formula"": ""direct"", ""numeric_answer"": 6506.19342815233, ""option_values"": [[""A"", 5000.0, ""5,000 INR Mn""], [""B"", 5500.0, ""5,500 INR Mn""], [""C"", 6000.0, ""6,000 INR Mn""], [""D"", 6500.0, ""6,500 INR Mn""]], ""selected_option"": ""D""}",D,B,,0,1,0
2814,8f46428b48fcc63f72a9f86947b29c608a244480d04407fcf0341ebb46739084,line,numerical,difference,By how much did the stock price increase from January 2023 to January 2024?,x_grounding_unrecoverable | x_grounding_unrecoverable,x_grounding_or_line_fit,[],[],[],[],[],,{},,10000,0.5,0,0,0
2845,b608ebdf11b1d0fa2c6e4641e0781b16c7d37a6c552329f6dcd396652e6ce610,line,numerical,growth_rate,What is the approximate percentage increase in the closing price of Quanta Computer from July 2021 to March 2024?,x_grounding_unrecoverable | x_grounding_unrecoverable,x_grounding_or_line_fit,[],[],[],[],[],,{},,250,10.0,0,0,0
3020,e5e7467e82d20a041ad0a624e4d69e2106ef619337b21da6bc8e4753eba62bea,line,single_choice,direct,What was the approximate value of the UN Food and Agriculture Price Index in Dec 2018?,success,,"[""Dec2018""]",[null],"[{""both_sides"": 1, ""chart_type"": ""line"", ""fit_mode"": ""global_robust_side_disagreement"", ""fitted_segments"": [{""inlier_count"": 91, ""median_residual"": 7.824279292016229, ""side"": ""all"", ""slope"": -1.0261992835526694, ""target_y"": 746.6888203497601, ""x_max"": 284.0, ""x_min"": 171.0}], ""local_columns"": 114, ""local_fit_residual_pixels"": 7.824279292016229, ""method"": ""auto_x_local_line_fit"", ""point"": [227.5, 746.6888203497601], ""score"": 0.11332370235660498, ""search_window"": [171.0, 284.0], ""target_x"": 227.5, ""target_y"": 746.6888203497601, ""window_half_width"": 56.32}]","[{""bbox"": [9.0, 97.0, 52.0, 134.0], ""confidence"": 0.6874567204965155, ""pixel_y"": 115.5, ""text"": ""31"", ""value"": 31.0}, {""bbox"": [9.0, 246.0, 57.0, 283.0], ""confidence"": 0.9999984827137908, ""pixel_y"": 264.5, ""text"": ""26"", ""value"": 26.0}, {""bbox"": [9.0, 393.0, 52.0, 430.0], ""confidence"": 1.0, ""pixel_y"": 411.5, ""text"": ""21"", ""value"": 21.0}, {""bbox"": [13.0, 541.0, 57.0, 579.0], ""confidence"": 0.9999957010241584, ""pixel_y"": 560.0, ""text"": ""16"", ""value"": 16.0}, {""bbox"": [11.0, 689.0, 54.0, 726.0], ""confidence"": 0.9999957010241584, ""pixel_y"": 707.5, ""text"": ""11"", ""value"": 11.0}, {""bbox"": [30.0, 841.0, 56.0, 874.0], ""confidence"": 0.9999980926522767, ""pixel_y"": 857.5, ""text"": ""6"", ""value"": 6.0}]",[9.708544588547095],9.708544588547095,"{""executor"": ""python"", ""formula"": ""direct"", ""numeric_answer"": 9.708544588547095, ""option_values"": [[""A"", 11.0, ""11 USD/cwt""], [""B"", 14.0, ""14 USD/cwt""], [""C"", 17.0, ""17 USD/cwt""], [""D"", 20.0, ""20 USD/cwt""]], ""selected_option"": ""A""}",A,B,,0,1,0
3021,816025c1cd5d4559b5709d33e9fe5a6f2fd61b90ebaea1c1716ec73cc83e4800,line,numerical,direct,What was the EBITDA margin for 1QFY23?,success,,"[""1QFY23""]","[""1QFY23""]","[{""both_sides"": 1, ""chart_type"": ""line"", ""fit_mode"": ""two_sided_piecewise_robust"", ""fitted_segments"": [{""inlier_count"": 44, ""median_residual"": 0.1223139329194396, ""side"": ""all"", ""slope"": -0.0625390640619999, ""target_y"": 185.37153265167944, ""x_max"": 681.0, ""x_min"": 635.0}, {""inlier_count"": 21, ""median_residual"": 0.12591572426717335, ""side"": ""left"", ""slope"": -0.06295786213358519, ""target_y"": 185.35712377795303, ""x_max"": 658.0, ""x_min"": 635.0}, {""inlier_count"": 24, ""median_residual"": 0.1161362520208229, ""side"": ""right"", ""slope"": -0.06749062213977917, ""target_y"": 185.44375121365653, ""x_max"": 681.0, ""x_min"": 658.0}], ""local_columns"": 47, ""local_fit_residual_pixels"": 0.1161362520208229, ""method"": ""auto_x_local_line_fit"", ""point"": [658.0, 185.4004374958048], ""score"": 0.8959479617201286, ""search_window"": [635.0, 681.0], ""target_x"": 658.0, ""target_y"": 185.4004374958048, ""window_half_width"": 22.08}]","[{""bbox"": [18.0, 18.0, 83.0, 43.0], ""confidence"": 0.9957453779181454, ""pixel_y"": 30.5, ""text"": ""25.0%"", ""value"": 25.0}, {""bbox"": [18.0, 98.0, 83.0, 125.0], ""confidence"": 0.9637002479904815, ""pixel_y"": 111.5, ""text"": ""20.0%"", ""value"": 20.0}, {""bbox"": [18.0, 180.0, 85.0, 205.0], ""confidence"": 0.9991824741086277, ""pixel_y"": 192.5, ""text"": ""15.0%"", ""value"": 15.0}, {""bbox"": [18.0, 260.0, 85.0, 286.0], ""confidence"": 0.9985685580430762, ""pixel_y"": 273.0, ""text"": ""10.0%"", ""value"": 10.0}, {""bbox"": [30.0, 340.0, 85.0, 366.0], ""confidence"": 0.925101101398468, ""pixel_y"": 353.0, ""text"": ""5.0%"", ""value"": 5.0}, {""bbox"": [28.0, 422.0, 83.0, 446.0], ""confidence"": 0.9966985960361432, ""pixel_y"": 434.0, ""text"": ""0.0%"", ""value"": 0.0}, {""bbox"": [23.0, 502.0, 83.0, 528.0], ""confidence"": 0.7107249671305771, ""pixel_y"": 515.0, ""text"": ""-5.0%"", ""value"": -5.0}]",[15.415627618523493],15.415627618523493,"{""executor"": ""python"", ""formula"": ""direct"", ""numeric_answer"": 15.415627618523493}",15.415627618523493,16,3.0,1,1,1
3092,958fdd5ebfbdc532180207a2dbdbf7e1e1f06ba0f5159502ff504a87edb8fcea,line,single_choice,direct,What is the credit cost percentage for Navi Finserv in FY23?,x_grounding_unrecoverable,x_grounding_or_line_fit,[],[],[],[],[],,{},,A,,0,1,1
3098,574d54e8f376d65508c359c3519721b1fece4ddbd4de32f5831e7dd79e41ba15,line,numerical,growth_rate,Calculate the percentage increase in stock price from January 2022 to July 2023.,x_grounding_unrecoverable | x_grounding_unrecoverable,x_grounding_or_line_fit,[],[],[],[],[],,{},,50,5.0,0,0,0
3119,0cdaa2822549c1e0f5670cafc5107a8464f9b773324665099865a39ccc91d18d,line,numerical,growth_rate,What is the percentage change in the P/E ratio for CEAT from 2022 to 2023?,ambiguous_series | ambiguous_series,x_grounding_or_line_fit,[],[],[],[],[],,{},,60,5.0,0,0,0
3237,ff2207b98bef949def145047a95f743705646b254158b9712626bf0dbcbc393d,line,numerical,growth_rate,What is the percentage increase in the number of licenses issued from October 2023 to January 2024?,success,,"[""October2023"", ""January2024""]","[null, ""Jan-24""]","[{""both_sides"": 1, ""chart_type"": ""line"", ""fit_mode"": ""global_robust_side_disagreement"", ""fitted_segments"": [{""inlier_count"": 19, ""median_residual"": 0.45993943062588016, ""side"": ""all"", ""slope"": -0.07665657177097814, ""target_y"": 215.3595193790973, ""x_max"": 452.0, ""x_min"": 429.0}], ""local_columns"": 24, ""local_fit_residual_pixels"": 0.45993943062588016, ""method"": ""auto_x_local_line_fit"", ""point"": [440.75, 215.3595193790973], ""score"": 0.6849599230094753, ""search_window"": [429.0, 452.0], ""target_x"": 440.75, ""target_y"": 215.3595193790973, ""window_half_width"": 11.16}, {""both_sides"": 0, ""chart_type"": ""line"", ""fit_mode"": ""global_robust"", ""fitted_segments"": [{""inlier_count"": 24, ""median_residual"": 6.590553262129518, ""side"": ""all"", ""slope"": -1.384728375104916, ""target_y"": 190.58161973703116, ""x_max"": 466.0, ""x_min"": 441.0}], ""local_columns"": 26, ""local_fit_residual_pixels"": 6.590553262129518, ""method"": ""auto_x_local_line_fit"", ""point"": [464.0, 190.58161973703116], ""score"": 0.13174270247060377, ""search_window"": [441.0, 482.0], ""target_x"": 464.0, ""target_y"": 190.58161973703116, ""window_half_width"": 22.32}]","[{""bbox"": [0.0, 12.0, 34.0, 37.0], ""confidence"": 0.7178921103477478, ""pixel_y"": 24.5, ""text"": ""200"", ""value"": 200.0}, {""bbox"": [0.0, 78.0, 32.0, 102.0], ""confidence"": 0.9995889853400863, ""pixel_y"": 90.0, ""text"": ""150"", ""value"": 150.0}, {""bbox"": [1.0, 142.0, 32.0, 166.0], ""confidence"": 0.9976627076400334, ""pixel_y"": 154.0, ""text"": ""100"", ""value"": 100.0}, {""bbox"": [7.0, 209.0, 34.0, 234.0], ""confidence"": 0.9995130700421996, ""pixel_y"": 221.5, ""text"": ""50"", ""value"": 50.0}]","[54.122304992997954, 73.03474849353788]",34.94389882874853,"{""executor"": ""python"", ""formula"": ""growth_rate"", ""numeric_answer"": 34.94389882874853}",34.94389882874853,20,3.0,0,0,0
3245,97bc89916b893db39495c9173dca85d49280d2810bf1e79fc130ec1892377bd4,bar,single_choice,direct,What was the GSPL transmission volume in 2QFY21?,x_axis_labels_unreadable_or_grouped_bars,bar_chart_analysis,[],[],[],[],[],,{},,B,,0,0,0
3287,7e29ab271fdb2e97d137b1dbe8d70944950aaf9b6d8211a913369a398f084ad1,bar,single_choice,direct,What is the percentage of PHEV in 2021?,x_axis_labels_unreadable_or_grouped_bars,bar_chart_analysis,[],[],[],[],[],,{},,B,,0,1,1
3311,d6252810aa97c732c50589e188c480f06afb24e0d3ddd07b681f3cff399bbbb9,line,single_choice,direct,What was the reported return on regulated equity for the year 2021?,success,,"[""2021""]","[""2021""]","[{""both_sides"": 0, ""chart_type"": ""line"", ""fit_mode"": ""global_robust"", ""fitted_segments"": [{""inlier_count"": 32, ""median_residual"": 0.012280323406926641, ""side"": ""all"", ""slope"": -0.0015350404258662415, ""target_y"": 157.03358730149955, ""x_max"": 159.0, ""x_min"": 128.0}], ""local_columns"": 32, ""local_fit_residual_pixels"": 0.012280323406926641, ""method"": ""auto_x_local_line_fit"", ""point"": [127.5, 157.03358730149955], ""score"": 0.9878686534520438, ""search_window"": [96.0, 159.0], ""target_x"": 127.5, ""target_y"": 157.03358730149955, ""window_half_width"": 31.13}]","[{""bbox"": [35.0, 147.0, 66.0, 165.0], ""confidence"": 0.4525674879550934, ""pixel_y"": 156.0, ""text"": ""1596"", ""value"": 1596.0}, {""bbox"": [35.0, 181.0, 66.0, 199.0], ""confidence"": 0.462655246257782, ""pixel_y"": 190.0, ""text"": ""1095"", ""value"": 1095.0}, {""bbox"": [42.0, 248.0, 65.0, 266.0], ""confidence"": 0.6270999062180473, ""pixel_y"": 257.0, ""text"": ""0%"", ""value"": 0.0}]",[1595.0770921923013],1595.0770921923013,"{""executor"": ""python"", ""formula"": ""direct"", ""numeric_answer"": 1595.0770921923013, ""option_values"": [[""A"", 23.0, ""23%""], [""B"", 25.0, ""25%""], [""C"", 30.0, ""30%""], [""D"", 15.0, ""15%""]], ""selected_option"": ""C""}",C,B,,0,1,0
3314,9b1581bf72f70be8d68b92e9c9226411207f46ee6db10e14f3990c5f24adca12,bar,numerical,direct,How much did the deposit rate in Ireland change between July 2022 and December 2023?,bar_count_out_of_scope,bar_chart_analysis,[],[],[],[],[],,{},,5,2.0,0,0,0
3353,202bdb375c8c29723ed53f542e723c37736205cce759220cbbeeac68544f2cc7,bar,single_choice,direct,What was the percentage of <2 ton MM in FY23?,direct_data_value_or_numeric_annotation_present,bar_chart_analysis,[],[],[],[],[],,{},,B,,0,1,1
3378,a35c0cdb8e5cbd8b6c8a3642a18d666fdd5912876fd5eb0f6ce096cfa843d726,bar,numerical,difference,What is the difference in stock levels between Jan-20 and Jan-22?,success,,"[""Jan-20"", ""Jan-22""]",[],"[{""bar_id"": ""bar_00"", ""bbox"": [354, 267, 8, 248]}, {""bar_id"": ""bar_01"", ""bbox"": [564, 294, 8, 222]}]","[{""bbox"": [0.0, 37.0, 79.0, 73.0], ""confidence"": 0.9322288509979114, ""pixel_y"": 55.0, ""text"": ""3,000"", ""value"": 3000.0}, {""bbox"": [0.0, 113.0, 79.0, 150.0], ""confidence"": 0.9998684249252456, ""pixel_y"": 131.5, ""text"": ""2,500"", ""value"": 2500.0}, {""bbox"": [0.0, 190.0, 79.0, 228.0], ""confidence"": 0.9925789622573835, ""pixel_y"": 209.0, ""text"": ""2,000"", ""value"": 2000.0}, {""bbox"": [0.0, 267.0, 79.0, 305.0], ""confidence"": 0.9998299862782228, ""pixel_y"": 286.0, ""text"": ""1,500"", ""value"": 1500.0}, {""bbox"": [0.0, 344.0, 79.0, 382.0], ""confidence"": 0.9971042891138497, ""pixel_y"": 363.0, ""text"": ""1,000"", ""value"": 1000.0}, {""bbox"": [23.0, 423.0, 78.0, 454.0], ""confidence"": 0.7849892744567127, ""pixel_y"": 438.5, ""text"": ""500"", ""value"": 500.0}, {""bbox"": [55.0, 504.0, 74.0, 527.0], ""confidence"": 0.9999980926522767, ""pixel_y"": 515.5, ""text"": ""0"", ""value"": 0.0}]","[1620.4920491594642, 1444.6387882240285]",175.85326093543563,"{""executor"": ""python"", ""formula"": ""difference"", ""numeric_answer"": 175.85326093543563}",175.85326093543563,800,10.0,0,0,0
3443,0a18569ffe2d8c20481f51cfafe83f5a3c1ee0e243fcd92d2c6dc58f415a44fd,bar,single_choice,direct,What is the projected YoY growth for global chip sales in 2024?,bar_count_out_of_scope,bar_chart_analysis,[],[],[],[],[],,{},,D,,0,0,0
3617,5aeeaeb4bfcb3178dcf736093a5fdecce03453923b1b87c86d03bc0c47947570,bar,single_choice,direct,What was the gross margin in Dec. 2021?,bar_count_out_of_scope,bar_chart_analysis,[],[],[],[],[],,{},,A,,0,1,1
3647,816025c1cd5d4559b5709d33e9fe5a6f2fd61b90ebaea1c1716ec73cc83e4800,line,single_choice,direct,What was the EBITDA margin for Q3FY21?,success,,"[""Q3FY21""]","[""3QFY21""]","[{""both_sides"": 1, ""chart_type"": ""line"", ""fit_mode"": ""two_sided_piecewise_robust"", ""fitted_segments"": [{""inlier_count"": 44, ""median_residual"": 0.14512666962756526, ""side"": ""all"", ""slope"": -0.5562862233638244, ""target_y"": 111.74230088364479, ""x_max"": 398.0, ""x_min"": 351.0}, {""inlier_count"": 23, ""median_residual"": 0.39699889776056807, ""side"": ""left"", ""slope"": -0.5096144127061937, ""target_y"": 112.13257727870128, ""x_max"": 374.0, ""x_min"": 351.0}, {""inlier_count"": 24, ""median_residual"": 0.12050392954812139, ""side"": ""right"", ""slope"": -0.5647480352259364, ""target_y"": 111.83927769379382, ""x_max"": 398.0, ""x_min"": 375.0}], ""local_columns"": 48, ""local_fit_residual_pixels"": 0.12050392954812139, ""method"": ""auto_x_local_line_fit"", ""point"": [374.5, 111.98592748624755], ""score"": 0.8924555939784, ""search_window"": [351.0, 398.0], ""target_x"": 374.5, ""target_y"": 111.98592748624755, ""window_half_width"": 22.8}]","[{""bbox"": [18.0, 18.0, 83.0, 43.0], ""confidence"": 0.9957453779181454, ""pixel_y"": 30.5, ""text"": ""25.0%"", ""value"": 25.0}, {""bbox"": [18.0, 98.0, 83.0, 125.0], ""confidence"": 0.9637002479904815, ""pixel_y"": 111.5, ""text"": ""20.0%"", ""value"": 20.0}, {""bbox"": [18.0, 180.0, 85.0, 205.0], ""confidence"": 0.9991824741086277, ""pixel_y"": 192.5, ""text"": ""15.0%"", ""value"": 15.0}, {""bbox"": [18.0, 260.0, 85.0, 286.0], ""confidence"": 0.9985685580430762, ""pixel_y"": 273.0, ""text"": ""10.0%"", ""value"": 10.0}, {""bbox"": [30.0, 340.0, 85.0, 366.0], ""confidence"": 0.925101101398468, ""pixel_y"": 353.0, ""text"": ""5.0%"", ""value"": 5.0}, {""bbox"": [28.0, 422.0, 83.0, 446.0], ""confidence"": 0.9966985960361432, ""pixel_y"": 434.0, ""text"": ""0.0%"", ""value"": 0.0}, {""bbox"": [23.0, 502.0, 83.0, 528.0], ""confidence"": 0.7107249671305771, ""pixel_y"": 515.0, ""text"": ""-5.0%"", ""value"": -5.0}]",[19.96542894219496],19.96542894219496,"{""executor"": ""python"", ""formula"": ""direct"", ""numeric_answer"": 19.96542894219496, ""option_values"": [[""A"", 20.0, ""20%""], [""B"", 15.0, ""15%""], [""C"", 10.0, ""10%""], [""D"", 18.0, ""18%""]], ""selected_option"": ""A""}",A,A,,1,1,1
3737,2c7c07120c9c5ae3238d365c820057f588922af15a4a05a430d3b493fba50089,line,single_choice,direct,What is the gross margin value for 4QFY21?,success,,"[""4QFY21""]","[""4QFY21""]","[{""both_sides"": 1, ""chart_type"": ""line"", ""fit_mode"": ""two_sided_piecewise_robust"", ""fitted_segments"": [{""inlier_count"": 23, ""median_residual"": 0.014253814093137862, ""side"": ""all"", ""slope"": 0.0022000630692949235, ""target_y"": 369.0099468796691, ""x_max"": 710.0, ""x_min"": 686.0}, {""inlier_count"": 13, ""median_residual"": 5.684341886080802e-14, ""side"": ""left"", ""slope"": -1.547855014467022e-14, ""target_y"": 368.99999999999994, ""x_max"": 698.0, ""x_min"": 686.0}, {""inlier_count"": 11, ""median_residual"": 0.035956000345777284, ""side"": ""right"", ""slope"": 0.010395541254295489, ""target_y"": 368.9640439996542, ""x_max"": 710.0, ""x_min"": 698.0}], ""local_columns"": 25, ""local_fit_residual_pixels"": 5.684341886080802e-14, ""method"": ""auto_x_local_line_fit"", ""point"": [698.0, 368.9820219998271], ""score"": 0.9999999999999432, ""search_window"": [686.0, 710.0], ""target_x"": 698.0, ""target_y"": 368.9820219998271, ""window_half_width"": 12.0}]","[{""bbox"": [20.0, 20.0, 86.0, 45.0], ""confidence"": 0.9599925785394017, ""pixel_y"": 32.5, ""text"": ""66.0%"", ""value"": 66.0}, {""bbox"": [20.0, 66.0, 86.0, 93.0], ""confidence"": 0.6439130770554159, ""pixel_y"": 79.5, ""text"": ""64.0%"", ""value"": 64.0}, {""bbox"": [20.0, 114.0, 86.0, 141.0], ""confidence"": 0.988223649762563, ""pixel_y"": 127.5, ""text"": ""62.0%"", ""value"": 62.0}, {""bbox"": [20.0, 164.0, 86.0, 189.0], ""confidence"": 0.9801640848911042, ""pixel_y"": 176.5, ""text"": ""60.0%"", ""value"": 60.0}, {""bbox"": [20.0, 210.0, 86.0, 237.0], ""confidence"": 0.9497334858034913, ""pixel_y"": 223.5, ""text"": ""58.0%"", ""value"": 58.0}, {""bbox"": [20.0, 258.0, 86.0, 285.0], ""confidence"": 0.8325328105596398, ""pixel_y"": 271.5, ""text"": ""56.0%"", ""value"": 56.0}, {""bbox"": [20.0, 306.0, 86.0, 333.0], ""confidence"": 0.9652881486377245, ""pixel_y"": 319.5, ""text"": ""54.0%"", ""value"": 54.0}, {""bbox"": [20.0, 354.0, 86.0, 381.0], ""confidence"": 0.9827551683555568, ""pixel_y"": 367.5, ""text"": ""52.0%"", ""value"": 52.0}]",[51.93472922247324],51.93472922247324,"{""executor"": ""python"", ""formula"": ""direct"", ""numeric_answer"": 51.93472922247324, ""option_values"": [[""A"", 58.5, ""58.5%""], [""B"", 60.5, ""60.5%""], [""C"", 61.0, ""61.0%""], [""D"", 62.5, ""62.5%""]], ""selected_option"": ""A""}",A,B,,0,1,0
3864,4f95cde90759a129a37dec9b9c972927e8b0bb2647b3dbb2e35b24df0aed7ece,line,numerical,direct,What is the net credit charge value in 1Q19?,success,,"[""1Q19""]","[""1Q19-""]","[{""both_sides"": 1, ""chart_type"": ""line"", ""fit_mode"": ""two_sided_piecewise_robust"", ""fitted_segments"": [{""inlier_count"": 67, ""median_residual"": 2.0618505507208056, ""side"": ""all"", ""slope"": -0.2198043435356582, ""target_y"": 361.3777581363505, ""x_max"": 554.0, ""x_min"": 462.0}, {""inlier_count"": 47, ""median_residual"": 3.5773335561160025, ""side"": ""left"", ""slope"": 0.5291144222497779, ""target_y"": 370.7229056673649, ""x_max"": 508.0, ""x_min"": 462.0}, {""inlier_count"": 47, ""median_residual"": 1.3128160347056337, ""side"": ""right"", ""slope"": -0.47637960445350563, ""target_y"": 365.86800021284586, ""x_max"": 554.0, ""x_min"": 508.0}], ""local_columns"": 93, ""local_fit_residual_pixels"": 1.3128160347056337, ""method"": ""auto_x_local_line_fit"", ""point"": [508.0, 368.2954529401054], ""score"": 0.4323733427104487, ""search_window"": [462.0, 554.0], ""target_x"": 508.0, ""target_y"": 368.2954529401054, ""window_half_width"": 45.12}]","[{""bbox"": [32.0, 30.0, 97.0, 68.0], ""confidence"": 0.9999921538953669, ""pixel_y"": 49.0, ""text"": ""180"", ""value"": 180.0}, {""bbox"": [32.0, 73.0, 95.0, 111.0], ""confidence"": 0.9991122036671156, ""pixel_y"": 92.0, ""text"": ""160"", ""value"": 160.0}, {""bbox"": [32.0, 117.0, 95.0, 155.0], ""confidence"": 0.9999963522485745, ""pixel_y"": 136.0, ""text"": ""140"", ""value"": 140.0}, {""bbox"": [32.0, 160.0, 95.0, 198.0], ""confidence"": 0.9999968340269625, ""pixel_y"": 179.0, ""text"": ""120"", ""value"": 120.0}, {""bbox"": [32.0, 201.0, 95.0, 241.0], ""confidence"": 0.9998617996445325, ""pixel_y"": 221.0, ""text"": ""100"", ""value"": 100.0}, {""bbox"": [48.0, 245.0, 97.0, 286.0], ""confidence"": 0.9999681371312066, ""pixel_y"": 265.5, ""text"": ""80"", ""value"": 80.0}, {""bbox"": [48.0, 288.0, 95.0, 327.0], ""confidence"": 0.9993051534890667, ""pixel_y"": 307.5, ""text"": ""60"", ""value"": 60.0}, {""bbox"": [49.0, 331.0, 95.0, 367.0], ""confidence"": 0.47795391624348865, ""pixel_y"": 349.0, ""text"": ""40"", ""value"": 40.0}, {""bbox"": [48.0, 374.0, 95.0, 411.0], ""confidence"": 0.9999947737947846, ""pixel_y"": 392.5, ""text"": ""20"", ""value"": 20.0}, {""bbox"": [70.0, 420.0, 96.0, 453.0], ""confidence"": 0.9999983310706426, ""pixel_y"": 436.5, ""text"": ""0"", ""value"": 0.0}]",[31.557750197252915],31.557750197252915,"{""executor"": ""python"", ""formula"": ""direct"", ""numeric_answer"": 31.557750197252915}",31.557750197252915,40,1.0,0,0,0
3993,a4e74ae1c571e199340688ce336223c6ac0f7d0f6419fcb47989736f7319815f,bar,single_choice,direct,What was the approximate inventory value at 4Q21?,bar_count_out_of_scope,bar_chart_analysis,[],[],[],[],[],,{},,B,,0,0,0
4021,c7bee68691b74726a750b1d71e85c7c7e8e5ad3e176aa07e47ae2780159c79c0,line,single_choice,direct,What was the approximate value of the Arab Light-Heavy differential in Oct-21?,success,,"[""Oct-21""]","[""Oct-21""]","[{""both_sides"": 1, ""chart_type"": ""line"", ""fit_mode"": ""two_sided_piecewise_robust"", ""fitted_segments"": [{""inlier_count"": 63, ""median_residual"": 3.4942752532125496, ""side"": ""all"", ""slope"": 0.2256518067662778, ""target_y"": 305.0477656299254, ""x_max"": 344.0, ""x_min"": 272.0}, {""inlier_count"": 36, ""median_residual"": 2.966025157411991, ""side"": ""left"", ""slope"": 0.6692148525159208, ""target_y"": 315.3350330926349, ""x_max"": 308.0, ""x_min"": 272.0}, {""inlier_count"": 36, ""median_residual"": 0.8982769166025264, ""side"": ""right"", ""slope"": -0.23588045700765334, ""target_y"": 315.5594078847862, ""x_max"": 344.0, ""x_min"": 308.0}], ""local_columns"": 73, ""local_fit_residual_pixels"": 0.8982769166025264, ""method"": ""auto_x_local_line_fit"", ""point"": [308.0, 315.4472204887105], ""score"": 0.5267935311512754, ""search_window"": [272.0, 344.0], ""target_x"": 308.0, ""target_y"": 315.4472204887105, ""window_half_width"": 36.0}]","[{""bbox"": [42.0, 83.0, 61.0, 108.0], ""confidence"": 0.9999954700521272, ""pixel_y"": 95.5, ""text"": ""5"", ""value"": 5.0}, {""bbox"": [42.0, 144.0, 60.0, 172.0], ""confidence"": 0.9999992847443906, ""pixel_y"": 158.0, ""text"": ""4"", ""value"": 4.0}, {""bbox"": [39.0, 199.0, 64.0, 230.0], ""confidence"": 0.9999976158156301, ""pixel_y"": 214.5, ""text"": ""3"", ""value"": 3.0}, {""bbox"": [40.0, 259.0, 61.0, 300.0], ""confidence"": 0.9999988079074598, ""pixel_y"": 279.5, ""text"": ""2"", ""value"": 2.0}, {""bbox"": [45.0, 323.0, 57.0, 341.0], ""confidence"": 0.9992965505268927, ""pixel_y"": 332.0, ""text"": ""1"", ""value"": 1.0}, {""bbox"": [30.0, 436.0, 67.0, 467.0], ""confidence"": 0.9994459063461517, ""pixel_y"": 451.5, ""text"": ""(1)"", ""value"": -1.0}]",[1.3143909298446594],1.3143909298446594,"{""executor"": ""python"", ""formula"": ""direct"", ""numeric_answer"": 1.3143909298446594, ""option_values"": [[""A"", 0.5, ""USD 0.5/bbl""], [""B"", 2.0, ""USD 2.0/bbl""], [""C"", 1.0, ""USD 1.0/bbl""], [""D"", 3.5, ""USD 3.5/bbl""]], ""selected_option"": ""C""}",C,C,,1,1,1
4126,628430676c97e837a9bf4ba214a35e1acaff8332db184dad44f709849abdd605,line,single_choice,direct,What was the approximate value of the UN Food and Agriculture Price Index in December 2018?,success,,"[""December2018""]",[null],"[{""both_sides"": 1, ""chart_type"": ""line"", ""fit_mode"": ""two_sided_piecewise_robust"", ""fitted_segments"": [{""inlier_count"": 92, ""median_residual"": 2.225477913840905, ""side"": ""all"", ""slope"": 0.16229298726643346, ""target_y"": 770.5839422080364, ""x_max"": 308.0, ""x_min"": 195.0}, {""inlier_count"": 52, ""median_residual"": 1.5331826491805032, ""side"": ""left"", ""slope"": 0.026632668070610724, ""target_y"": 766.2595603277807, ""x_max"": 251.0, ""x_min"": 195.0}, {""inlier_count"": 43, ""median_residual"": 0.669144145704081, ""side"": ""right"", ""slope"": 0.4788992999930349, ""target_y"": 757.5480315960767, ""x_max"": 308.0, ""x_min"": 252.0}], ""local_columns"": 114, ""local_fit_residual_pixels"": 0.669144145704081, ""method"": ""auto_x_local_line_fit"", ""point"": [251.5, 761.9037959619287], ""score"": 0.5991094313656047, ""search_window"": [195.0, 308.0], ""target_x"": 251.5, ""target_y"": 761.9037959619287, ""window_half_width"": 56.32}]","[{""bbox"": [21.0, 99.0, 87.0, 139.0], ""confidence"": 0.998254513853537, ""pixel_y"": 119.0, ""text"": ""500"", ""value"": 500.0}, {""bbox"": [21.0, 225.0, 86.0, 265.0], ""confidence"": 0.9999885749731856, ""pixel_y"": 245.0, ""text"": ""450"", ""value"": 450.0}, {""bbox"": [21.0, 353.0, 86.0, 390.0], ""confidence"": 0.9998942847569878, ""pixel_y"": 371.5, ""text"": ""400"", ""value"": 400.0}, {""bbox"": [21.0, 478.0, 87.0, 519.0], ""confidence"": 0.9999822430381455, ""pixel_y"": 498.5, ""text"": ""350"", ""value"": 350.0}, {""bbox"": [21.0, 605.0, 86.0, 643.0], ""confidence"": 0.9998127281220254, ""pixel_y"": 624.0, ""text"": ""300"", ""value"": 300.0}, {""bbox"": [21.0, 733.0, 87.0, 772.0], ""confidence"": 0.5925015211105347, ""pixel_y"": 752.5, ""text"": ""250"", ""value"": 250.0}, {""bbox"": [21.0, 859.0, 86.0, 897.0], ""confidence"": 0.9974805170313186, ""pixel_y"": 878.0, ""text"": ""200"", ""value"": 200.0}]",[245.90532949297074],245.90532949297074,"{""executor"": ""python"", ""formula"": ""direct"", ""numeric_answer"": 245.90532949297074, ""option_values"": [[""A"", 250.0, ""250""], [""B"", 270.0, ""270""], [""C"", 290.0, ""290""], [""D"", 310.0, ""310""]], ""selected_option"": ""A""}",A,A,,1,0,1
4178,6eb457f11bf9bbfa8a2b8021d0be93c4f6fe67a06cb3be6a37637873202f7ec5,bar,single_choice,direct,What was the monthly wholesale volume for passenger vehicles in January 2023?,bar_count_out_of_scope,bar_chart_analysis,[],[],[],[],[],,{},,C,,0,1,1
4180,3086233958a661621f6d91aa1344fa9aba6851e381b20b2951eb0bffe2f1f10c,line,numerical,difference,By how much did the closing price increase from 2021 to 2024?,x_grounding_unrecoverable | x_grounding_unrecoverable,x_grounding_or_line_fit,[],[],[],[],[],,{},,66.7,0.10000000149011612,0,0,0
4207,67c5d73cd747e1289b63f76c96ffd32308f653538108f6522b8d07844ecced04,line,single_choice,direct,What is the approximate closing price of JD.com around mid-2022?,x_grounding_unrecoverable,x_grounding_or_line_fit,[],[],[],[],[],,{},,A,,0,1,1
4271,d6527f2e8dad46d9282e21c34d300bca4979bc8fd69b1fbc2ef5413206c1ad52,line,numerical,growth_rate,By what percentage did the number of transits decrease from November 2023 to February 2024?,success,,"[""November2023"", ""February2024""]","[""Nov-23"", ""Feb-24""]","[{""both_sides"": 1, ""chart_type"": ""line"", ""fit_mode"": ""global_robust_side_disagreement"", ""fitted_segments"": [{""inlier_count"": 108, ""median_residual"": 16.97214642744912, ""side"": ""all"", ""slope"": 0.1713089287584812, ""target_y"": 178.0726472949488, ""x_max"": 474.0, ""x_min"": 361.0}], ""local_columns"": 114, ""local_fit_residual_pixels"": 16.97214642744912, ""method"": ""auto_x_local_line_fit"", ""point"": [417.5, 178.0726472949488], ""score"": 0.05564165660661909, ""search_window"": [361.0, 474.0], ""target_x"": 417.5, ""target_y"": 178.0726472949488, ""window_half_width"": 56.32}, {""both_sides"": 1, ""chart_type"": ""line"", ""fit_mode"": ""two_sided_piecewise_robust"", ""fitted_segments"": [{""inlier_count"": 88, ""median_residual"": 1.2698261515854483, ""side"": ""all"", ""slope"": -0.3283002143757928, ""target_y"": 307.97737041840185, ""x_max"": 980.0, ""x_min"": 878.0}, {""inlier_count"": 56, ""median_residual"": 2.729731745654874, ""side"": ""left"", ""slope"": -0.17702682543451062, ""target_y"": 310.86643264529397, ""x_max"": 935.0, ""x_min"": 878.0}, {""inlier_count"": 46, ""median_residual"": 0.20251593022845782, ""side"": ""right"", ""slope"": -0.2553459262226525, ""target_y"": 305.98431836414716, ""x_max"": 980.0, ""x_min"": 935.0}], ""local_columns"": 103, ""local_fit_residual_pixels"": 0.20251593022845782, ""method"": ""auto_x_local_line_fit"", ""point"": [935.0, 308.4253755047206], ""score"": 0.8315898150388883, ""search_window"": [878.0, 992.0], ""target_x"": 935.0, ""target_y"": 308.4253755047206, ""window_half_width"": 56.32}]","[{""bbox"": [18.0, 50.0, 54.0, 80.0], ""confidence"": 0.9993553826752677, ""pixel_y"": 65.0, ""text"": ""60"", ""value"": 60.0}, {""bbox"": [18.0, 151.0, 54.0, 179.0], ""confidence"": 0.9999997471189183, ""pixel_y"": 165.0, ""text"": ""40"", ""value"": 40.0}, {""bbox"": [18.0, 250.0, 54.0, 278.0], ""confidence"": 0.9999973026027609, ""pixel_y"": 264.0, ""text"": ""20"", ""value"": 20.0}, {""bbox"": [32.0, 352.0, 53.0, 377.0], ""confidence"": 0.9999702444546157, ""pixel_y"": 364.5, ""text"": ""0"", ""value"": 0.0}]","[37.328737280924706, 11.193048927020584]",-70.0149275267869,"{""executor"": ""python"", ""formula"": ""growth_rate"", ""numeric_answer"": -70.0149275267869}",-70.0149275267869,50,5.0,0,0,0
4281,b5a5d662d5c0751194ae18db2a06c8fdc5a7dfc455cc51bab343e199ad64f5e6,bar,single_choice,direct,What is the gross margin expansion for FY22?,direct_data_value_or_numeric_annotation_present,bar_chart_analysis,[],[],[],[],[],,{},,B,,0,1,1
4364,64be240c99f99490d66ffd6ddc5c3ae756f1b8448b06c9b22ca065d39e8041bf,bar,single_choice,direct,What was the US sales figure in 1QFY16?,bar_count_out_of_scope,bar_chart_analysis,[],[],[],[],[],,{},,D,,0,1,1
4375,1a07d6768ce43cafb7d41d68bba02fffbcba7ba6196473d8a0ec4f08a18cd606,line,single_choice,direct,What is the approximate value of P/E around February 2015?,ambiguous_series,x_grounding_or_line_fit,[],[],[],[],[],,{},,C,,0,0,0
4493,eb3ae8c605d144c2c8eaaf8cbb4b543583360eba6abec24fa388a35841244870,line,single_choice,direct,What is the value of the IT P/E ratio for the year 2020?,x_grounding_unrecoverable,x_grounding_or_line_fit,[],[],[],[],[],,{},,C,,0,1,1
4569,95792d78d106fa369c19386c2f7ae106fe14c060669148a310eb861ff6dc9a23,bar,single_choice,direct,What was the delinquency rate for Medium enterprises in 4Q20?,direct_data_value_or_numeric_annotation_present,bar_chart_analysis,[],[],[],[],[],,{},,A,,0,1,1
4597,4298c531dd2c4f0d1808771945c939ddc9d2e4cfcf74ca3e63213c35301dbd32,line,single_choice,direct,What was the percentage of PV EV penetration in June 2023 according to the chart?,success,,"[""June2023""]",[null],"[{""both_sides"": 1, ""chart_type"": ""line"", ""fit_mode"": ""two_sided_piecewise_robust"", ""fitted_segments"": [{""inlier_count"": 20, ""median_residual"": 0.49797342415830315, ""side"": ""all"", ""slope"": -0.7510132879208544, ""target_y"": 132.63048161152818, ""x_max"": 858.0, ""x_min"": 839.0}, {""inlier_count"": 10, ""median_residual"": 0.12024141810744027, ""side"": ""left"", ""slope"": -0.9519034327570247, ""target_y"": 131.60222171934052, ""x_max"": 848.0, ""x_min"": 839.0}, {""inlier_count"": 10, ""median_residual"": 0.1842778104305296, ""side"": ""right"", ""slope"": -0.527604656195937, ""target_y"": 131.6132512907813, ""x_max"": 858.0, ""x_min"": 849.0}], ""local_columns"": 20, ""local_fit_residual_pixels"": 0.12024141810744027, ""method"": ""auto_x_local_line_fit"", ""point"": [848.7500000000242, 131.60773650506093], ""score"": 0.8926647272954978, ""search_window"": [839.0, 858.0], ""target_x"": 848.7500000000242, ""target_y"": 131.60773650506093, ""window_half_width"": 9.0}]","[{""bbox"": [22.0, 20.0, 75.0, 48.0], ""confidence"": 0.8511153536260865, ""pixel_y"": 34.0, ""text"": ""45%"", ""value"": 45.0}, {""bbox"": [22.0, 70.0, 75.0, 96.0], ""confidence"": 0.776284081573849, ""pixel_y"": 83.0, ""text"": ""40%"", ""value"": 40.0}, {""bbox"": [20.0, 164.0, 75.0, 192.0], ""confidence"": 0.8490997552871704, ""pixel_y"": 178.0, ""text"": ""30%"", ""value"": 30.0}, {""bbox"": [20.0, 260.0, 75.0, 288.0], ""confidence"": 0.8686199217560453, ""pixel_y"": 274.0, ""text"": ""20%"", ""value"": 20.0}, {""bbox"": [22.0, 356.0, 75.0, 384.0], ""confidence"": 0.979879689490576, ""pixel_y"": 370.0, ""text"": ""10%"", ""value"": 10.0}]",[34.86150071832722],34.86150071832722,"{""executor"": ""python"", ""formula"": ""direct"", ""numeric_answer"": 34.86150071832722, ""option_values"": [[""A"", 35.0, ""35%""], [""B"", 30.0, ""30%""], [""C"", 25.0, ""25%""], [""D"", 20.0, ""20%""]], ""selected_option"": ""A""}",A,B,,0,1,0
4631,b54fc3788f9fb1294f0c1a89aebe2dd618b97e10e72c1836db74c8d9b3b74a90,bar,numerical,direct,What is the approximate cash return yield for Specialty Chemicals?,success,,"[""Cash return yield (%)""]",[],"[{""bar_id"": ""bar_00"", ""bbox"": [144, 418, 68, 42]}]","[{""bbox"": [22.0, 18.0, 61.0, 42.0], ""confidence"": 0.9984138607978821, ""pixel_y"": 30.0, ""text"": ""35.0"", ""value"": 35.0}, {""bbox"": [23.0, 82.0, 58.0, 100.0], ""confidence"": 0.9989297986030579, ""pixel_y"": 91.0, ""text"": ""30.0"", ""value"": 30.0}, {""bbox"": [23.0, 143.0, 60.0, 164.0], ""confidence"": 0.9942117929458618, ""pixel_y"": 153.5, ""text"": ""25.0"", ""value"": 25.0}, {""bbox"": [22.0, 202.0, 59.0, 226.0], ""confidence"": 0.9957398772239685, ""pixel_y"": 214.0, ""text"": ""20.0"", ""value"": 20.0}, {""bbox"": [23.0, 263.0, 61.0, 288.0], ""confidence"": 0.9963408708572388, ""pixel_y"": 275.5, ""text"": ""15.0"", ""value"": 15.0}, {""bbox"": [24.0, 327.0, 60.0, 348.0], ""confidence"": 0.9910937459267098, ""pixel_y"": 337.5, ""text"": ""10.0"", ""value"": 10.0}, {""bbox"": [32.0, 389.0, 58.0, 407.0], ""confidence"": 0.9615831618880671, ""pixel_y"": 398.0, ""text"": ""5.0"", ""value"": 5.0}, {""bbox"": [32.0, 450.0, 58.0, 469.0], ""confidence"": 0.9989453923346359, ""pixel_y"": 459.5, ""text"": ""0.0"", ""value"": 0.0}]",[3.3948653392222],3.3948653392222,"{""executor"": ""python"", ""formula"": ""direct"", ""numeric_answer"": 3.3948653392222}",3.3948653392222,3,2.0,1,1,1
4748,c8a47375bcb525c54340ed1b965bf9b9c81e94b54d8bf8999e5505bfc4c90d51,bar,single_choice,direct,What is the approximate CoC % for the period of Jan 2020?,bar_count_out_of_scope,bar_chart_analysis,[],[],[],[],[],,{},,C,,0,1,1
4763,27e72fd9d38760dbb9f8cc069f4c70a3f1dc80b7254e96ae0141523330b5a358,line,numerical,direct,What was the PE value in July 2020?,ambiguous_series,x_grounding_or_line_fit,[],[],[],[],[],,{},,55,5.0,0,0,0
4824,22bcad85ddabb26217b7b7963328ab55a9b0d97a9624113982696ac7be1970fe,line,single_choice,direct,What was the closing price of Eureka Forbes stock around July 2021?,x_grounding_unrecoverable,x_grounding_or_line_fit,[],[],[],[],[],,{},,D,,0,0,0
4884,ce7e47dc33d73f3823f72ac6cb4c81ee8680cb20ba96baf19624dc1d0bef14d2,line,single_choice,direct,What was the approximate closing price of Budweiser Brewing Company APAC in July 2021?,x_grounding_unrecoverable,x_grounding_or_line_fit,[],[],[],[],[],,{},,A,,0,0,0
5100,83aa7f614c60dce753a4f4be142634809b6f072946315bc50411be12f3148598,line,numerical,difference,What is the value difference between the service supplier category in 2021 and 2023?,x_grounding_unrecoverable | x_grounding_unrecoverable,x_grounding_or_line_fit,[],[],[],[],[],,{},,1000,0.5,0,0,0
5127,46a7216d1a4be8d9fd60665f2abde4cda4a68e36a7a23cad68be5830d8e4fb03,line,single_choice,direct,What was the closing price of Stellantis N.V. in April 2021?,x_grounding_unrecoverable,x_grounding_or_line_fit,[],[],[],[],[],,{},,C,,0,0,0
5146,4ea83410fe19bf13b4bc6029680a6d1d9f711d66c227b1e6488b5455e32f3aec,bar,single_choice,direct,What was the Germany revenue in 3QFY19?,bar_count_out_of_scope,bar_chart_analysis,[],[],[],[],[],,{},,B,,0,0,0
5255,2b6e12727984364e64bba1bbae5302f0bca5ab68a30615b9b451aea975b27cb4,line,single_choice,direct,What was the PE ratio around August 2020?,ambiguous_series,x_grounding_or_line_fit,[],[],[],[],[],,{},,A,,0,1,1
5318,900f4be0bc5404c3203d5fd8b06c5b905b50137991a0f0a79b8ef9f409d4a10a,line,single_choice,direct,What was the approximate value of branded formulation exports in 3QFY23?,success,,"[""3QFY23""]","[""3QFY23""]","[{""both_sides"": 1, ""chart_type"": ""line"", ""fit_mode"": ""two_sided_piecewise_robust"", ""fitted_segments"": [{""inlier_count"": 26, ""median_residual"": 1.4210854715202004e-14, ""side"": ""all"", ""slope"": 1.857985269170437e-15, ""target_y"": 118.49999999999999, ""x_max"": 883.0, ""x_min"": 858.0}, {""inlier_count"": 13, ""median_residual"": 1.4210854715202004e-14, ""side"": ""left"", ""slope"": 1.940300671564763e-15, ""target_y"": 118.5, ""x_max"": 870.0, ""x_min"": 858.0}, {""inlier_count"": 13, ""median_residual"": 2.842170943040401e-14, ""side"": ""right"", ""slope"": 6.467980820756063e-15, ""target_y"": 118.49999999999999, ""x_max"": 883.0, ""x_min"": 871.0}], ""local_columns"": 26, ""local_fit_residual_pixels"": 1.4210854715202004e-14, ""method"": ""auto_x_local_line_fit"", ""point"": [870.5, 118.5], ""score"": 0.9999999999999858, ""search_window"": [858.0, 883.0], ""target_x"": 870.5, ""target_y"": 118.5, ""window_half_width"": 12.24}]","[{""bbox"": [23.0, 22.0, 80.0, 48.0], ""confidence"": 0.9999420642852783, ""pixel_y"": 35.0, ""text"": ""1800"", ""value"": 1800.0}, {""bbox"": [22.0, 63.0, 80.0, 90.0], ""confidence"": 0.9988909363746643, ""pixel_y"": 76.5, ""text"": ""1600"", ""value"": 1600.0}, {""bbox"": [22.0, 105.0, 80.0, 133.0], ""confidence"": 0.6447919882548724, ""pixel_y"": 119.0, ""text"": ""1400"", ""value"": 1400.0}, {""bbox"": [22.0, 146.0, 80.0, 174.0], ""confidence"": 0.9999687075614929, ""pixel_y"": 160.0, ""text"": ""1200"", ""value"": 1200.0}, {""bbox"": [22.0, 188.0, 80.0, 216.0], ""confidence"": 0.9994428753852844, ""pixel_y"": 202.0, ""text"": ""1000"", ""value"": 1000.0}, {""bbox"": [34.0, 230.0, 80.0, 258.0], ""confidence"": 0.9998178899079452, ""pixel_y"": 244.0, ""text"": ""800"", ""value"": 800.0}, {""bbox"": [34.0, 271.0, 80.0, 299.0], ""confidence"": 0.9989440848348057, ""pixel_y"": 285.0, ""text"": ""600"", ""value"": 600.0}, {""bbox"": [34.0, 314.0, 80.0, 341.0], ""confidence"": 0.9999814171339712, ""pixel_y"": 327.5, ""text"": ""400"", ""value"": 400.0}, {""bbox"": [34.0, 356.0, 80.0, 382.0], ""confidence"": 0.9999410855913192, ""pixel_y"": 369.0, ""text"": ""200"", ""value"": 200.0}]",[1399.9971315061027],1399.9971315061027,"{""executor"": ""python"", ""formula"": ""direct"", ""numeric_answer"": 1399.9971315061027, ""option_values"": [[""A"", 1050.0, ""1050""], [""B"", 1250.0, ""1250""], [""C"", 1450.0, ""1450""], [""D"", 1350.0, ""1350""]], ""selected_option"": ""D""}",D,B,,0,0,0
5326,5adcc52d12a76950b0ef7a7e916430cc2266f803e3c1ea00b50d523b142a8626,line,numerical,growth_rate,Calculate the approximate percentage increase in sales from FY14 to FY15.,x_grounding_unrecoverable | x_grounding_unrecoverable,x_grounding_or_line_fit,[],[],[],[],[],,{},,5.5,2.0,0,0,0
5356,249ecdf214bf7cc20479c176fdb17a6de18a3cd1f58f507012c1923882bed14d,bar,single_choice,direct,What was the EBITDA margin in Dec-21?,bar_count_out_of_scope,bar_chart_analysis,[],[],[],[],[],,{},,A,,0,1,1
5410,71519bed5b9d3c0655e414c5224e441c0e2331aca455a6a947fcdcc8c9d408ea,line,single_choice,direct,What was the target price for Malaysia Airports set around January 2023?,x_grounding_unrecoverable,x_grounding_or_line_fit,[],[],[],[],[],,{},,C,,0,0,0
5466,a3658a926f147abfd2d04da35c6f54893c89886746075500a96a6acd546d4b88,bar,single_choice,direct,In which year did the percentage of the population aged 0-14 years decline the most compared to the previous data point?,direct_data_value_or_numeric_annotation_present,bar_chart_analysis,[],[],[],[],[],,{},,B,,0,0,0
5476,a222b2cffa63cb9235023744934a38018a6bfd632133c87399a8745fd433ec2a,bar,single_choice,direct,"In FY16, what was the percentage of raw materials used?",direct_data_value_or_numeric_annotation_present,bar_chart_analysis,[],[],[],[],[],,{},,A,,0,1,1
5564,856d3252315b65f7c790a5f7ee2b97a398657d5ac9e5f98408e3f3e46de00ee8,line,single_choice,direct,What is the P/E ratio at Oct-21 as shown in the chart?,ambiguous_series,x_grounding_or_line_fit,[],[],[],[],[],,{},,B,,0,0,0
5625,26c660e0f75ef60083de5884918ad314eaf1816436772577fe9ca0c1fd327724,bar,single_choice,direct,What is the gross margin for food wholesale in FY24F?,success,,"[""FY24F""]",[],"[{""bar_id"": ""bar_00"", ""bbox"": [195, 338, 68, 120]}]","[{""bbox"": [23.0, 82.0, 107.0, 109.0], ""confidence"": 0.6633547628743733, ""pixel_y"": 95.5, ""text"": ""10.00%"", ""value"": 10.0}, {""bbox"": [34.0, 142.0, 107.0, 170.0], ""confidence"": 0.923755665238844, ""pixel_y"": 156.0, ""text"": ""9.75%"", ""value"": 9.75}, {""bbox"": [34.0, 202.0, 107.0, 230.0], ""confidence"": 0.9552915603492985, ""pixel_y"": 216.0, ""text"": ""9.50%"", ""value"": 9.5}, {""bbox"": [34.0, 324.0, 107.0, 352.0], ""confidence"": 0.9702525195323334, ""pixel_y"": 338.0, ""text"": ""9.00%"", ""value"": 9.0}, {""bbox"": [34.0, 444.0, 107.0, 472.0], ""confidence"": 0.9362397687020257, ""pixel_y"": 458.0, ""text"": ""8.50%"", ""value"": 8.5}]",[8.99734760791099],8.99734760791099,"{""executor"": ""python"", ""formula"": ""direct"", ""numeric_answer"": 8.99734760791099, ""option_values"": [[""A"", 8.5, ""8.50%""], [""B"", 9.0, ""9.00%""], [""C"", 9.5, ""9.50%""], [""D"", 10.0, ""10.00%""]], ""selected_option"": ""B""}",B,B,,1,1,1
5696,5d63854e08db9c3cb6464ecb13aaaf14a643bb0b2f41c8da5bfa46cd27541569,bar,single_choice,direct,What was the PAT growth in FY21?,direct_data_value_or_numeric_annotation_present,bar_chart_analysis,[],[],[],[],[],,{},,B,,0,1,1
5829,05b7c2ef37de71cd935f050e3da5c6a841b78bf3caa7062ce1778287cae8ec0e,line,single_choice,direct,What was the closing price of Sime Darby Plantations around January 2022?,x_grounding_unrecoverable,x_grounding_or_line_fit,[],[],[],[],[],,{},,B,,0,0,0
5993,c36fa311ce255c5b32283cc94759db7bd943682d2fa6c3a433b6bd1f16aac27f,line,single_choice,direct,What was the non-interest income year-on-year growth in 1Q21?,x_grounding_unrecoverable,x_grounding_or_line_fit,[],[],[],[],[],,{},,A,,0,0,0
6103,e58179a212a2ee2d81c3640b1d112438110b2cf18b3fd3332f9f069366c6448a,line,single_choice,direct,What was the approximate PP spread value in January 2019?,success,,"[""January2019""]","[""Jan-19-""]","[{""both_sides"": 0, ""chart_type"": ""line"", ""fit_mode"": ""global_robust"", ""fitted_segments"": [{""inlier_count"": 22, ""median_residual"": 1.546489504066031, ""side"": ""all"", ""slope"": 0.5988298346886772, ""target_y"": 225.9361533815493, ""x_max"": 131.0, ""x_min"": 110.0}], ""local_columns"": 22, ""local_fit_residual_pixels"": 1.546489504066031, ""method"": ""auto_x_local_line_fit"", ""point"": [109.5, 225.9361533815493], ""score"": 0.3926974756437362, ""search_window"": [106.0, 131.0], ""target_x"": 109.5, ""target_y"": 225.9361533815493, ""window_half_width"": 21.36}]","[{""bbox"": [25.0, 82.0, 94.0, 112.0], ""confidence"": 0.9998683716124025, ""pixel_y"": 97.0, ""text"": ""1,000"", ""value"": 1000.0}, {""bbox"": [42.0, 116.0, 94.0, 146.0], ""confidence"": 0.9995911876356058, ""pixel_y"": 131.0, ""text"": ""900"", ""value"": 900.0}, {""bbox"": [44.0, 153.0, 94.0, 182.0], ""confidence"": 0.9998589778511846, ""pixel_y"": 167.5, ""text"": ""800"", ""value"": 800.0}, {""bbox"": [44.0, 186.0, 94.0, 218.0], ""confidence"": 0.6490175127983093, ""pixel_y"": 202.0, ""text"": ""700"", ""value"": 700.0}, {""bbox"": [42.0, 222.0, 94.0, 253.0], ""confidence"": 0.98733313994105, ""pixel_y"": 237.5, ""text"": ""600"", ""value"": 600.0}, {""bbox"": [44.0, 257.0, 94.0, 288.0], ""confidence"": 0.9970036638531364, ""pixel_y"": 272.5, ""text"": ""500"", ""value"": 500.0}, {""bbox"": [46.0, 295.0, 94.0, 323.0], ""confidence"": 0.9999876802429084, ""pixel_y"": 309.0, ""text"": ""400"", ""value"": 400.0}, {""bbox"": [42.0, 329.0, 94.0, 358.0], ""confidence"": 0.9999800406272169, ""pixel_y"": 343.5, ""text"": ""300"", ""value"": 300.0}, {""bbox"": [44.0, 364.0, 94.0, 394.0], ""confidence"": 0.9996615926130563, ""pixel_y"": 379.0, ""text"": ""200"", ""value"": 200.0}, {""bbox"": [46.0, 402.0, 94.0, 430.0], ""confidence"": 0.9998022669135114, ""pixel_y"": 416.0, ""text"": ""100"", ""value"": 100.0}, {""bbox"": [72.0, 439.0, 93.0, 463.0], ""confidence"": 0.9999984502798362, ""pixel_y"": 451.0, ""text"": ""0"", ""value"": 0.0}]",[633.5434487615823],633.5434487615823,"{""executor"": ""python"", ""formula"": ""direct"", ""numeric_answer"": 633.5434487615823, ""option_values"": [[""A"", 700.0, ""700 USD/ton""], [""B"", 600.0, ""600 USD/ton""], [""C"", 500.0, ""500 USD/ton""], [""D"", 400.0, ""400 USD/ton""]], ""selected_option"": ""B""}",B,B,,1,1,1
6139,8adf45fda32cbf813617e08b31ead44581f972870e9255955fb0d8289bf972c5,bar,single_choice,direct,What is the percentage of the Agri sector in FY22?,bar_count_out_of_scope,bar_chart_analysis,[],[],[],[],[],,{},,A,,0,1,1
6242,76c604900979b60a500739523ae98a901fcf1f0e4c41d1cc9a4051ffd78a0403,line,single_choice,direct,What is the approximate value of global gold ETF holdings in 2010?,success,,"[""2010""]","[""2010-""]","[{""both_sides"": 1, ""chart_type"": ""line"", ""fit_mode"": ""two_sided_piecewise_robust"", ""fitted_segments"": [{""inlier_count"": 47, ""median_residual"": 0.7595718813535939, ""side"": ""all"", ""slope"": -0.22785284129415662, ""target_y"": 426.2920290432724, ""x_max"": 300.0, ""x_min"": 251.0}, {""inlier_count"": 25, ""median_residual"": 0.8582090464327052, ""side"": ""left"", ""slope"": -0.37049287106030304, ""target_y"": 423.93197686878193, ""x_max"": 275.0, ""x_min"": 251.0}, {""inlier_count"": 25, ""median_residual"": 0.5342459543824134, ""side"": ""right"", ""slope"": -0.1313395795375037, ""target_y"": 424.8625949032262, ""x_max"": 300.0, ""x_min"": 276.0}], ""local_columns"": 50, ""local_fit_residual_pixels"": 0.5342459543824134, ""method"": ""auto_x_local_line_fit"", ""point"": [275.5, 424.39728588600406], ""score"": 0.6517859780849377, ""search_window"": [251.0, 300.0], ""target_x"": 275.5, ""target_y"": 424.39728588600406, ""window_half_width"": 23.759999999999998}]","[{""bbox"": [17.0, 75.0, 97.0, 111.0], ""confidence"": 0.9368706605252238, ""pixel_y"": 93.0, ""text"": ""1,200"", ""value"": 1200.0}, {""bbox"": [17.0, 144.0, 97.0, 182.0], ""confidence"": 0.9458580452795405, ""pixel_y"": 163.0, ""text"": ""1,000"", ""value"": 1000.0}, {""bbox"": [39.0, 215.0, 96.0, 248.0], ""confidence"": 0.9996775594256738, ""pixel_y"": 231.5, ""text"": ""800"", ""value"": 800.0}, {""bbox"": [41.0, 284.0, 96.0, 317.0], ""confidence"": 0.999798206316789, ""pixel_y"": 300.5, ""text"": ""600"", ""value"": 600.0}, {""bbox"": [41.0, 354.0, 96.0, 386.0], ""confidence"": 0.9999645549437236, ""pixel_y"": 370.0, ""text"": ""400"", ""value"": 400.0}, {""bbox"": [39.0, 425.0, 96.0, 456.0], ""confidence"": 0.8732523322105408, ""pixel_y"": 440.5, ""text"": ""200"", ""value"": 200.0}]",[244.4511049139753],244.4511049139753,"{""executor"": ""python"", ""formula"": ""direct"", ""numeric_answer"": 244.4511049139753, ""option_values"": [[""A"", 100000000.0, ""Around 100 million oz""], [""B"", 200000000.0, ""Around 200 million oz""], [""C"", 300000000.0, ""Around 300 million oz""], [""D"", 400000000.0, ""Around 400 million oz""]], ""selected_option"": ""A""}",A,D,,0,1,0
6362,20abec205aa7e9cdb50b1e5ad0cf17066bf159010829d8c492f80b4e59b738ac,line,single_choice,direct,What is the value of the net credit charge in 1Q20?,success,,"[""1Q20""]","[""1Q20-""]","[{""both_sides"": 1, ""chart_type"": ""line"", ""fit_mode"": ""global_robust_side_disagreement"", ""fitted_segments"": [{""inlier_count"": 91, ""median_residual"": 42.5327081387133, ""side"": ""all"", ""slope"": -2.3080596119173546, ""target_y"": 252.65445729444372, ""x_max"": 648.0, ""x_min"": 556.0}], ""local_columns"": 93, ""local_fit_residual_pixels"": 42.5327081387133, ""method"": ""auto_x_local_line_fit"", ""point"": [602.0, 252.65445729444372], ""score"": 0.02297123341864201, ""search_window"": [556.0, 648.0], ""target_x"": 602.0, ""target_y"": 252.65445729444372, ""window_half_width"": 45.12}]","[{""bbox"": [32.0, 30.0, 95.0, 68.0], ""confidence"": 0.7285184264183044, ""pixel_y"": 49.0, ""text"": ""160"", ""value"": 160.0}, {""bbox"": [32.0, 80.0, 97.0, 116.0], ""confidence"": 0.999999449395897, ""pixel_y"": 98.0, ""text"": ""140"", ""value"": 140.0}, {""bbox"": [32.0, 128.0, 95.0, 166.0], ""confidence"": 0.9999966963759913, ""pixel_y"": 147.0, ""text"": ""120"", ""value"": 120.0}, {""bbox"": [32.0, 176.0, 95.0, 214.0], ""confidence"": 0.9999352693557739, ""pixel_y"": 195.0, ""text"": ""100"", ""value"": 100.0}, {""bbox"": [48.0, 224.0, 95.0, 262.0], ""confidence"": 0.9999851643415568, ""pixel_y"": 243.0, ""text"": ""80"", ""value"": 80.0}, {""bbox"": [48.0, 272.0, 95.0, 310.0], ""confidence"": 0.9139206762790341, ""pixel_y"": 291.0, ""text"": ""60"", ""value"": 60.0}, {""bbox"": [49.0, 321.0, 95.0, 358.0], ""confidence"": 0.9999978926582248, ""pixel_y"": 339.5, ""text"": ""40"", ""value"": 40.0}, {""bbox"": [48.0, 369.0, 95.0, 406.0], ""confidence"": 0.9991683588165593, ""pixel_y"": 387.5, ""text"": ""20"", ""value"": 20.0}, {""bbox"": [70.0, 420.0, 94.0, 453.0], ""confidence"": 0.9999983310706426, ""pixel_y"": 436.5, ""text"": ""0"", ""value"": 0.0}]",[75.98141049495922],75.98141049495922,"{""executor"": ""python"", ""formula"": ""direct"", ""numeric_answer"": 75.98141049495922, ""option_values"": [[""A"", 120000000000.0, ""120 bps""], [""B"", 50000000000.0, ""50 bps""], [""C"", 80000000000.0, ""80 bps""], [""D"", 100000000000.0, ""100 bps""]], ""selected_option"": ""B""}",B,D,,0,0,0
6517,44f1ce670942e9c5acbe8c334d6fbf641b758ae3ab0829ac66c74f11e339fee0,line,numerical,growth_rate,What is the approximate percentage change in the closing price of Axis Bank stock from July 2021 to January 2024?,x_grounding_unrecoverable | x_grounding_unrecoverable,x_grounding_or_line_fit,[],[],[],[],[],,{},,20,3.0,0,0,0
6547,9fec0658b454e71dfe44e91b83f4475bfe19488ef81ed31b00b480cadd4bd27d,line,numerical,direct,What is the approximate volume in January 2015?,success,,"[""January2015""]","[""Jan-15""]","[{""both_sides"": 1, ""chart_type"": ""line"", ""fit_mode"": ""two_sided_piecewise_robust"", ""fitted_segments"": [{""inlier_count"": 20, ""median_residual"": 0.2960503226577771, ""side"": ""all"", ""slope"": -0.0582013323217143, ""target_y"": 181.12144632569263, ""x_max"": 332.0, ""x_min"": 304.0}, {""inlier_count"": 12, ""median_residual"": 0.14883055698135195, ""side"": ""left"", ""slope"": -0.05888005990631216, ""target_y"": 180.97219037726242, ""x_max"": 318.0, ""x_min"": 304.0}, {""inlier_count"": 15, ""median_residual"": 0.46805184056520943, ""side"": ""right"", ""slope"": -0.3802064907803347, ""target_y"": 185.0305297299292, ""x_max"": 332.0, ""x_min"": 318.0}], ""local_columns"": 29, ""local_fit_residual_pixels"": 0.14883055698135195, ""method"": ""auto_x_local_line_fit"", ""point"": [318.0, 183.00136005359582], ""score"": 0.8704503844566803, ""search_window"": [304.0, 332.0], ""target_x"": 318.0, ""target_y"": 183.00136005359582, ""window_half_width"": 13.44}]","[{""bbox"": [40.0, 5.0, 58.0, 23.0], ""confidence"": 0.9998265279788094, ""pixel_y"": 14.0, ""text"": ""30"", ""value"": 30.0}, {""bbox"": [39.0, 43.0, 58.0, 66.0], ""confidence"": 0.999917730342936, ""pixel_y"": 54.5, ""text"": ""25"", ""value"": 25.0}, {""bbox"": [39.0, 83.0, 60.0, 108.0], ""confidence"": 0.9996952918841857, ""pixel_y"": 95.5, ""text"": ""20"", ""value"": 20.0}, {""bbox"": [40.0, 123.0, 60.0, 143.0], ""confidence"": 0.8648267632749123, ""pixel_y"": 133.0, ""text"": ""15"", ""value"": 15.0}, {""bbox"": [40.0, 163.0, 58.0, 181.0], ""confidence"": 0.9997807591338959, ""pixel_y"": 172.0, ""text"": ""10"", ""value"": 10.0}, {""bbox"": [48.0, 206.0, 57.0, 219.0], ""confidence"": 0.918314204099957, ""pixel_y"": 212.5, ""text"": ""5"", ""value"": 5.0}]",[8.714302341826606],8.714302341826606,"{""executor"": ""python"", ""formula"": ""direct"", ""numeric_answer"": 8.714302341826606}",8.714302341826606,15,2.0,0,1,0
6564,a0b4e09e535cc4de2649f1b798a1694a81a030166962dd0b75f8ba4fd5e1bbab,line,single_choice,direct,What was the approximate P/E ratio of Balkrishna Industries in January 2020?,x_grounding_unrecoverable,x_grounding_or_line_fit,[],[],[],[],[],,{},,B,,0,1,1
6667,8102220c508d15f33e3a0b1e425eaa65e778634d2fd27b373f600cc6f7cfd986,line,numerical,growth_rate,What is the percentage increase of domestic brands from 2021 to 2023?,success | line_localization_failed,x_grounding_or_line_fit,[],[],[],[],[],,{},,10,3.0,0,0,0
6693,707a5e507c7099946304bc926f93484ddcb442741edb2fb7a04811f66a552eb0,line,single_choice,direct,What was the approximate value of the spread in January 2024?,success,,"[""January2024""]","[""Jan-24""]","[{""both_sides"": 0, ""chart_type"": ""line"", ""fit_mode"": ""global_robust"", ""fitted_segments"": [{""inlier_count"": 39, ""median_residual"": 2.337870509698405, ""side"": ""all"", ""slope"": 0.9789595515357044, ""target_y"": 323.6992396240871, ""x_max"": 968.0, ""x_min"": 926.0}], ""local_columns"": 43, ""local_fit_residual_pixels"": 2.337870509698405, ""method"": ""auto_x_local_line_fit"", ""point"": [966.0, 323.6992396240871], ""score"": 0.2995922091927873, ""search_window"": [926.0, 1006.0], ""target_x"": 966.0, ""target_y"": 323.6992396240871, ""window_half_width"": 39.839999999999996}]","[{""bbox"": [40.0, 107.0, 97.0, 145.0], ""confidence"": 0.8400714993476868, ""pixel_y"": 126.0, ""text"": ""4.5"", ""value"": 4.5}, {""bbox"": [40.0, 171.0, 95.0, 207.0], ""confidence"": 0.999954919423543, ""pixel_y"": 189.0, ""text"": ""4.0"", ""value"": 4.0}, {""bbox"": [38.0, 233.0, 95.0, 271.0], ""confidence"": 0.9231308102607727, ""pixel_y"": 252.0, ""text"": ""3.5"", ""value"": 3.5}, {""bbox"": [38.0, 297.0, 95.0, 334.0], ""confidence"": 0.9999918097681595, ""pixel_y"": 315.5, ""text"": ""3.0"", ""value"": 3.0}, {""bbox"": [38.0, 360.0, 97.0, 396.0], ""confidence"": 0.5533235669136047, ""pixel_y"": 378.0, ""text"": ""2.5"", ""value"": 2.5}, {""bbox"": [38.0, 422.0, 97.0, 460.0], ""confidence"": 0.9876570701599121, ""pixel_y"": 441.0, ""text"": ""2.0"", ""value"": 2.0}, {""bbox"": [41.0, 485.0, 97.0, 523.0], ""confidence"": 0.9957012281773713, ""pixel_y"": 504.0, ""text"": ""1.5"", ""value"": 1.5}, {""bbox"": [41.0, 549.0, 97.0, 585.0], ""confidence"": 0.5046541690826416, ""pixel_y"": 567.0, ""text"": ""1.0"", ""value"": 1.0}, {""bbox"": [38.0, 611.0, 97.0, 649.0], ""confidence"": 0.9994816780090332, ""pixel_y"": 630.0, ""text"": ""0.5"", ""value"": 0.5}]",[2.9314560085702484],2.9314560085702484,"{""executor"": ""python"", ""formula"": ""direct"", ""numeric_answer"": 2.9314560085702484, ""option_values"": [[""A"", 3.5, ""3.5""], [""B"", 3.0, ""3.0""], [""C"", 4.0, ""4.0""], [""D"", 2.5, ""2.5""]], ""selected_option"": ""B""}",B,B,,1,1,1
6718,ffbe6d856bf148b7b4d11982cbd50f7be88e26b7801c5407d8ef57c3f152e52f,line,single_choice,direct,What was the approximate price of spodumene concentrate in April 2019?,success,,"[""April2019""]","[""Apr-19""]","[{""both_sides"": 1, ""chart_type"": ""line"", ""fit_mode"": ""two_sided_piecewise_robust"", ""fitted_segments"": [{""inlier_count"": 40, ""median_residual"": 0.3477187103851236, ""side"": ""all"", ""slope"": 0.08692967759628446, ""target_y"": 495.2334820536684, ""x_max"": 191.0, ""x_min"": 152.0}, {""inlier_count"": 20, ""median_residual"": 0.140718492669464, ""side"": ""left"", ""slope"": 0.07035924633471902, ""target_y"": 495.1665611388903, ""x_max"": 171.0, ""x_min"": 152.0}, {""inlier_count"": 20, ""median_residual"": 0.31385553262552435, ""side"": ""right"", ""slope"": 0.17763448968956905, ""target_y"": 494.23216508078923, ""x_max"": 191.0, ""x_min"": 172.0}], ""local_columns"": 40, ""local_fit_residual_pixels"": 0.140718492669464, ""method"": ""auto_x_local_line_fit"", ""point"": [171.5, 494.69936310983974], ""score"": 0.8766404738997785, ""search_window"": [152.0, 191.0], ""target_x"": 171.5, ""target_y"": 494.69936310983974, ""window_half_width"": 19.439999999999998}]","[{""bbox"": [25.0, 97.0, 105.0, 134.0], ""confidence"": 0.9997891483567222, ""pixel_y"": 115.5, ""text"": ""6,000"", ""value"": 6000.0}, {""bbox"": [24.0, 168.0, 105.0, 204.0], ""confidence"": 0.999893055422909, ""pixel_y"": 186.0, ""text"": ""5,000"", ""value"": 5000.0}, {""bbox"": [24.0, 240.0, 105.0, 276.0], ""confidence"": 0.8162730634650597, ""pixel_y"": 258.0, ""text"": ""4,000"", ""value"": 4000.0}, {""bbox"": [25.0, 312.0, 105.0, 348.0], ""confidence"": 0.9999060637087933, ""pixel_y"": 330.0, ""text"": ""3,000"", ""value"": 3000.0}, {""bbox"": [25.0, 385.0, 104.0, 418.0], ""confidence"": 0.9998920424817764, ""pixel_y"": 401.5, ""text"": ""2,000"", ""value"": 2000.0}, {""bbox"": [25.0, 454.0, 105.0, 491.0], ""confidence"": 0.9996418423119341, ""pixel_y"": 472.5, ""text"": ""1,000"", ""value"": 1000.0}, {""bbox"": [79.0, 529.0, 104.0, 558.0], ""confidence"": 0.9999967813517721, ""pixel_y"": 543.5, ""text"": ""0"", ""value"": 0.0}]",[688.805055723049],688.805055723049,"{""executor"": ""python"", ""formula"": ""direct"", ""numeric_answer"": 688.805055723049, ""option_values"": [[""A"", 500.0, ""USD 500""], [""B"", 700.0, ""USD 700""], [""C"", 900.0, ""USD 900""], [""D"", 1100.0, ""USD 1,100""]], ""selected_option"": ""B""}",B,B,,1,1,1
6746,26263f62288d31d429be4433be3afa3b21dd208549f33a4266d12d423780e409,line,single_choice,direct,What is the approximate value of the P/EV ratio in April 2020?,success,,"[""April2020""]",[null],"[{""both_sides"": 1, ""chart_type"": ""line"", ""fit_mode"": ""two_sided_piecewise_robust"", ""fitted_segments"": [{""inlier_count"": 113, ""median_residual"": 0.1520716595983913, ""side"": ""all"", ""slope"": -0.003526591100813253, ""target_y"": 199.61636492470265, ""x_max"": 591.0, ""x_min"": 478.0}, {""inlier_count"": 57, ""median_residual"": 0.20648459076753056, ""side"": ""left"", ""slope"": -0.016102011372476435, ""target_y"": 199.219881254088, ""x_max"": 534.0, ""x_min"": 478.0}, {""inlier_count"": 55, ""median_residual"": 0.06146235222237806, ""side"": ""right"", ""slope"": -0.0043029124691251475, ""target_y"": 199.6835574935338, ""x_max"": 591.0, ""x_min"": 535.0}], ""local_columns"": 114, ""local_fit_residual_pixels"": 0.06146235222237806, ""method"": ""auto_x_local_line_fit"", ""point"": [534.625, 199.4517193738109], ""score"": 0.9420965311735319, ""search_window"": [478.0, 591.0], ""target_x"": 534.625, ""target_y"": 199.4517193738109, ""window_half_width"": 56.32}]","[{""bbox"": [25.0, 78.0, 69.0, 106.0], ""confidence"": 0.8244104385375977, ""pixel_y"": 92.0, ""text"": ""2.9"", ""value"": 2.9}, {""bbox"": [25.0, 146.0, 69.0, 176.0], ""confidence"": 0.8769025206565857, ""pixel_y"": 161.0, ""text"": ""2.5"", ""value"": 2.5}, {""bbox"": [25.0, 217.0, 66.0, 245.0], ""confidence"": 0.9699161648750305, ""pixel_y"": 231.0, ""text"": ""2.1"", ""value"": 2.1}, {""bbox"": [26.0, 286.0, 69.0, 314.0], ""confidence"": 0.9905906319618225, ""pixel_y"": 300.0, ""text"": ""1.7"", ""value"": 1.7}, {""bbox"": [26.0, 356.0, 69.0, 384.0], ""confidence"": 0.8459011912345886, ""pixel_y"": 370.0, ""text"": ""1.3"", ""value"": 1.3}]",[2.280420638432565],2.280420638432565,"{""executor"": ""python"", ""formula"": ""direct"", ""numeric_answer"": 2.280420638432565, ""option_values"": [[""A"", 1.5, ""1.5""], [""B"", 2.0, ""2.0""], [""C"", 2.5, ""2.5""], [""D"", 3.0, ""3.0""]], ""selected_option"": ""C""}",C,A,,0,1,0
6789,e150eb694f6cba64f636c70521d1c6b73ee0fea9d82b96388969c1fdeee612ec,line,numerical,growth_rate,Calculate the approximate percentage decrease in JD.com's closing price from July 2021 to March 2024.,x_grounding_unrecoverable | x_grounding_unrecoverable,x_grounding_or_line_fit,[],[],[],[],[],,{},,71.4,5.0,0,0,0
6831,ddb7e37eb971c00b6cbfce252a45c9766fcc6d05f67a5628856a1e0459cb77fe,line,single_choice,direct,What is the closing price of Gland Pharma around the middle of 2023 (approximately July)?,x_grounding_unrecoverable,x_grounding_or_line_fit,[],[],[],[],[],,{},,A,,0,1,1
6860,1a2d67825b3a2950a645283aa13394230c19a4bd484365b9d3f9d1ed35a4181d,line,single_choice,direct,What is the approximate EV/EBITDA multiple in Jan-2017?,success,,"[""Jan-2017""]","[""Jan-17""]","[{""both_sides"": 0, ""chart_type"": ""line"", ""fit_mode"": ""global_robust"", ""fitted_segments"": [{""inlier_count"": 17, ""median_residual"": 0.028176142235821544, ""side"": ""all"", ""slope"": 0.007038023401447668, ""target_y"": 209.92607670565476, ""x_max"": 78.0, ""x_min"": 62.0}], ""local_columns"": 17, ""local_fit_residual_pixels"": 0.028176142235821544, ""method"": ""auto_x_local_line_fit"", ""point"": [62.5, 209.92607670565476], ""score"": 0.9725959968546332, ""search_window"": [59.0, 78.0], ""target_x"": 62.5, ""target_y"": 209.92607670565476, ""window_half_width"": 14.879999999999999}]","[{""bbox"": [10.0, 30.0, 53.0, 54.0], ""confidence"": 0.9995900988578796, ""pixel_y"": 42.0, ""text"": ""20.0"", ""value"": 20.0}, {""bbox"": [10.0, 68.0, 53.0, 93.0], ""confidence"": 0.9995782375335693, ""pixel_y"": 80.5, ""text"": ""18.0"", ""value"": 18.0}, {""bbox"": [12.0, 105.0, 53.0, 130.0], ""confidence"": 0.994801938533783, ""pixel_y"": 117.5, ""text"": ""16.0"", ""value"": 16.0}, {""bbox"": [13.0, 144.0, 52.0, 165.0], ""confidence"": 0.9952006936073303, ""pixel_y"": 154.5, ""text"": ""14.0"", ""value"": 14.0}, {""bbox"": [12.0, 180.0, 53.0, 205.0], ""confidence"": 0.9192781510028908, ""pixel_y"": 192.5, ""text"": ""12.0"", ""value"": 12.0}, {""bbox"": [12.0, 218.0, 53.0, 242.0], ""confidence"": 0.7263054630444189, ""pixel_y"": 230.0, ""text"": ""10.0"", ""value"": 10.0}, {""bbox"": [20.0, 255.0, 53.0, 280.0], ""confidence"": 0.9998951106515205, ""pixel_y"": 267.5, ""text"": ""8.0"", ""value"": 8.0}, {""bbox"": [20.0, 292.0, 53.0, 317.0], ""confidence"": 0.9991445478804795, ""pixel_y"": 304.5, ""text"": ""6.0"", ""value"": 6.0}, {""bbox"": [20.0, 330.0, 51.0, 354.0], ""confidence"": 0.9772118926048279, ""pixel_y"": 342.0, ""text"": ""4.0"", ""value"": 4.0}]",[11.060686656032766],11.060686656032766,"{""executor"": ""python"", ""formula"": ""direct"", ""numeric_answer"": 11.060686656032766, ""option_values"": [[""A"", 10.0, ""10.0x""], [""B"", 9.0, ""9.0x""], [""C"", 11.0, ""11.0x""], [""D"", 12.0, ""12.0x""]], ""selected_option"": ""C""}",C,B,,0,0,0
6938,48cbef7e3d685e0a58bdbf7530b9ce902c68fd9a88985d70fa940792af863486,line,single_choice,direct,What was the value of the one-year-forward P/E around February 2016?,x_grounding_unrecoverable,x_grounding_or_line_fit,[],[],[],[],[],,{},,B,,0,1,1
6941,e41877e9fd9da70dc11507540363b3cc54e1bec57bf352faa91990d50fbd409b,line,numerical,growth_rate,Calculate the approximate percentage increase in the stock price from July 2021 to January 2024.,x_grounding_unrecoverable | x_grounding_unrecoverable,x_grounding_or_line_fit,[],[],[],[],[],,{},,300,10.0,0,0,0
7057,431875768315bb2d2aad965758acb66452e3390f1421c4a513399f3853b13847,line,single_choice,direct,What was the approximate closing price of JD Health stock in January 2023?,x_grounding_unrecoverable,x_grounding_or_line_fit,[],[],[],[],[],,{},,B,,0,0,0
7190,a9cbe094f454ace29ee343ff5b222a1f2eb9f6053d9ca292ff03422cacd78f3b,line,numerical,growth_rate,Calculate the approximate percentage increase in the stock price from January 2023 to July 2023.,x_grounding_unrecoverable | x_grounding_unrecoverable,x_grounding_or_line_fit,[],[],[],[],[],,{},,100,10.0,0,0,0
7316,6968773b2c8ce8b9e199c5330cd13f18fa623f01a013b8f1e815aff3442db849,line,single_choice,direct,What was the gross margin for Glenmark Life Sciences in 1QFY20?,line_localization_failed,x_grounding_or_line_fit,[],[],[],[],[],,{},,C,,0,1,1
7430,8102220c508d15f33e3a0b1e425eaa65e778634d2fd27b373f600cc6f7cfd986,line,single_choice,direct,What is the percentage of domestic brands in 2021?,success,,"[""2021""]","[""2021""]","[{""both_sides"": 0, ""chart_type"": ""line"", ""fit_mode"": ""global_robust"", ""fitted_segments"": [{""inlier_count"": 56, ""median_residual"": 0.04439487905654005, ""side"": ""all"", ""slope"": -0.0031201815453295177, ""target_y"": 547.1209747428459, ""x_max"": 320.0, ""x_min"": 264.0}], ""local_columns"": 57, ""local_fit_residual_pixels"": 0.04439487905654005, ""method"": ""auto_x_local_line_fit"", ""point"": [263.0, 547.1209747428459], ""score"": 0.9574922474757398, ""search_window"": [206.0, 320.0], ""target_x"": 263.0, ""target_y"": 547.1209747428459, ""window_half_width"": 56.32}]","[{""bbox"": [26.0, 28.0, 104.0, 61.0], ""confidence"": 0.9610688090324402, ""pixel_y"": 44.5, ""text"": ""100%"", ""value"": 100.0}, {""bbox"": [41.0, 82.0, 104.0, 115.0], ""confidence"": 0.808826064188174, ""pixel_y"": 98.5, ""text"": ""90%"", ""value"": 90.0}, {""bbox"": [41.0, 137.0, 104.0, 170.0], ""confidence"": 0.8531507427039576, ""pixel_y"": 153.5, ""text"": ""80%"", ""value"": 80.0}, {""bbox"": [41.0, 189.0, 105.0, 225.0], ""confidence"": 0.6357671863063503, ""pixel_y"": 207.0, ""text"": ""70%"", ""value"": 70.0}, {""bbox"": [40.0, 243.0, 105.0, 279.0], ""confidence"": 0.97954439882869, ""pixel_y"": 261.0, ""text"": ""60%"", ""value"": 60.0}, {""bbox"": [40.0, 297.0, 105.0, 334.0], ""confidence"": 0.48832634713236744, ""pixel_y"": 315.5, ""text"": ""50%"", ""value"": 50.0}, {""bbox"": [41.0, 353.0, 104.0, 386.0], ""confidence"": 0.9945838868345634, ""pixel_y"": 369.5, ""text"": ""40%"", ""value"": 40.0}, {""bbox"": [41.0, 407.0, 104.0, 440.0], ""confidence"": 0.8975971585570479, ""pixel_y"": 423.5, ""text"": ""30%"", ""value"": 30.0}, {""bbox"": [41.0, 462.0, 104.0, 494.0], ""confidence"": 0.984925865277422, ""pixel_y"": 478.0, ""text"": ""20%"", ""value"": 20.0}, {""bbox"": [42.0, 516.0, 104.0, 549.0], ""confidence"": 0.9455257366982478, ""pixel_y"": 532.5, ""text"": ""10%"", ""value"": 10.0}, {""bbox"": [54.0, 568.0, 105.0, 604.0], ""confidence"": 0.639692746979907, ""pixel_y"": 586.0, ""text"": ""0%"", ""value"": 0.0}]",[7.2237237128698695],7.2237237128698695,"{""executor"": ""python"", ""formula"": ""direct"", ""numeric_answer"": 7.2237237128698695, ""option_values"": [[""A"", 40.0, ""40%""], [""B"", 30.0, ""30%""], [""C"", 50.0, ""50%""], [""D"", 20.0, ""20%""]], ""selected_option"": ""D""}",D,C,,0,0,0
7632,cf554150b04d5273a3e6de9172bc92c77cf0660b196f98c6450da2354693b086,bar,single_choice,direct,What percentage of VF+LAP+HL loans were from the East region in FY18?,direct_data_value_or_numeric_annotation_present,bar_chart_analysis,[],[],[],[],[],,{},,B,,0,1,1
7764,316baa2b9f8230f51f337a448e8560f617c37db925897fd067d41f1203d446d3,line,numerical,difference,What is the difference in CPO production between Jul-23 and Jan-24?,success,,"[""Jul-23"", ""Jan-24""]","[""Jul-23"", ""Jan-24""]","[{""both_sides"": 1, ""chart_type"": ""line"", ""fit_mode"": ""two_sided_piecewise_robust"", ""fitted_segments"": [{""inlier_count"": 85, ""median_residual"": 0.00992011731545972, ""side"": ""all"", ""slope"": -0.00011292813925854653, ""target_y"": 520.9926772298875, ""x_max"": 887.0, ""x_min"": 773.0}, {""inlier_count"": 47, ""median_residual"": 0.0020365839421288, ""side"": ""left"", ""slope"": 0.00011008561849235232, ""target_y"": 521.0024058493991, ""x_max"": 830.0, ""x_min"": 773.0}, {""inlier_count"": 58, ""median_residual"": 0.38846633736335434, ""side"": ""right"", ""slope"": 0.010349346363804607, ""target_y"": 520.3993720621786, ""x_max"": 887.0, ""x_min"": 830.0}], ""local_columns"": 115, ""local_fit_residual_pixels"": 0.0020365839421288, ""method"": ""auto_x_local_line_fit"", ""point"": [830.0, 520.7008889557889], ""score"": 0.9979675553021062, ""search_window"": [773.0, 887.0], ""target_x"": 830.0, ""target_y"": 520.7008889557889, ""window_half_width"": 56.32}, {""both_sides"": 1, ""chart_type"": ""line"", ""fit_mode"": ""two_sided_piecewise_robust"", ""fitted_segments"": [{""inlier_count"": 92, ""median_residual"": 0.48035328563378243, ""side"": ""all"", ""slope"": 0.0036164435500583673, ""target_y"": 520.6733455652437, ""x_max"": 1002.0, ""x_min"": 911.0}, {""inlier_count"": 58, ""median_residual"": 0.2892011634566529, ""side"": ""left"", ""slope"": -0.019163530594852114, ""target_y"": 519.8982872895117, ""x_max"": 968.0, ""x_min"": 911.0}, {""inlier_count"": 34, ""median_residual"": 0.15012534309903458, ""side"": ""right"", ""slope"": 0.017221834354900153, ""target_y"": 520.5915471415775, ""x_max"": 1002.0, ""x_min"": 968.0}], ""local_columns"": 92, ""local_fit_residual_pixels"": 0.15012534309903458, ""method"": ""auto_x_local_line_fit"", ""point"": [968.0, 520.2449172155445], ""score"": 0.869470450329771, ""search_window"": [911.0, 1008.0], ""target_x"": 968.0, ""target_y"": 520.2449172155445, ""window_half_width"": 56.32}]","[{""bbox"": [14.0, 41.0, 105.0, 83.0], ""confidence"": 0.6651450421096222, ""pixel_y"": 62.0, ""text"": ""1,800"", ""value"": 1800.0}, {""bbox"": [14.0, 107.0, 107.0, 150.0], ""confidence"": 0.5835924160276096, ""pixel_y"": 128.5, ""text"": ""1,600"", ""value"": 1600.0}, {""bbox"": [14.0, 173.0, 105.0, 214.0], ""confidence"": 0.9999892842782089, ""pixel_y"": 193.5, ""text"": ""1,400"", ""value"": 1400.0}, {""bbox"": [14.0, 238.0, 105.0, 279.0], ""confidence"": 0.9999761161836157, ""pixel_y"": 258.5, ""text"": ""1,200"", ""value"": 1200.0}, {""bbox"": [14.0, 304.0, 107.0, 347.0], ""confidence"": 0.9998812199979052, ""pixel_y"": 325.5, ""text"": ""1,000"", ""value"": 1000.0}, {""bbox"": [38.0, 369.0, 107.0, 409.0], ""confidence"": 0.9997386740930774, ""pixel_y"": 389.0, ""text"": ""800"", ""value"": 800.0}, {""bbox"": [38.0, 435.0, 105.0, 473.0], ""confidence"": 0.9999424620908892, ""pixel_y"": 454.0, ""text"": ""600"", ""value"": 600.0}, {""bbox"": [40.0, 501.0, 105.0, 539.0], ""confidence"": 0.9999659314476219, ""pixel_y"": 520.0, ""text"": ""400"", ""value"": 400.0}]","[397.8678832642943, 399.26394196750994]",1.3960587032156582,"{""executor"": ""python"", ""formula"": ""difference"", ""numeric_answer"": 1.3960587032156582}",1.3960587032156582,300,10.0,0,0,0
7861,f9ff593a9e65302d901aaf42a2d755a9a9cd57e07c13dd088464c73b7d0b84b2,bar,single_choice,direct,What was the approximate number of server units sold in 2019 according to the chart?,direct_data_value_or_numeric_annotation_present,bar_chart_analysis,[],[],[],[],[],,{},,B,,0,1,1
7932,58b0dd580576c142c6f34bb2154f754a456f8005999ea5cbb2730447ca9e61b1,bar,single_choice,direct,What was the percentage of Tier I capital in FY18?,bar_count_out_of_scope,bar_chart_analysis,[],[],[],[],[],,{},,A,,0,1,1
8158,c0a679bdb903b570c5dc0906adce2537fb92149ef120419e705d55854523dc0b,line,numerical,direct,"In 2018, what was the approximate percentage below the LTA for 'Defense and capital goods' stocks?",x_grounding_unrecoverable,x_grounding_or_line_fit,[],[],[],[],[],,{},,5,2.0,0,0,0
8174,35177d72213c11522774d7596c4ea59583714d4eb6dea6f9c1c7d0b8ec0b6b6a,line,single_choice,direct,"According to the supporting information, what is the expected EPS multiple for 2024?",x_grounding_unrecoverable,x_grounding_or_line_fit,[],[],[],[],[],,{},,C,,0,0,0
8245,7d7816822ffd8144f118baa6fac1e41c5ab0457e7bd056962be9c48d59666096,line,numerical,growth_rate,What was the approximate percentage increase of the global chip market per person from 2000 to 2010?,success,,"[""2000"", ""2010""]","[""2000"", ""2010""]","[{""both_sides"": 1, ""chart_type"": ""line"", ""fit_mode"": ""two_sided_piecewise_robust"", ""fitted_segments"": [{""inlier_count"": 19, ""median_residual"": 0.013144993203468402, ""side"": ""all"", ""slope"": 0.0004385473479477499, ""target_y"": 839.4868550067965, ""x_max"": 527.0, ""x_min"": 509.0}, {""inlier_count"": 10, ""median_residual"": 0.04139461908624753, ""side"": ""left"", ""slope"": -0.016557847634510646, ""target_y"": 839.3864807073484, ""x_max"": 518.0, ""x_min"": 509.0}, {""inlier_count"": 10, ""median_residual"": 2.2737367544323206e-13, ""side"": ""right"", ""slope"": -7.329276522179914e-15, ""target_y"": 839.4999999999998, ""x_max"": 527.0, ""x_min"": 518.0}], ""local_columns"": 19, ""local_fit_residual_pixels"": 2.2737367544323206e-13, ""method"": ""auto_x_local_line_fit"", ""point"": [518.0, 839.4432403536741], ""score"": 0.9999999999997726, ""search_window"": [509.0, 527.0], ""target_x"": 518.0, ""target_y"": 839.4432403536741, ""window_half_width"": 9.0}, {""both_sides"": 1, ""chart_type"": ""line"", ""fit_mode"": ""two_sided_piecewise_robust"", ""fitted_segments"": [{""inlier_count"": 115, ""median_residual"": 0.001997601460857368, ""side"": ""all"", ""slope"": 1.8127432554071502e-06, ""target_y"": 839.4980023985391, ""x_max"": 723.0, ""x_min"": 609.0}, {""inlier_count"": 58, ""median_residual"": 0.0064002193178112066, ""side"": ""left"", ""slope"": -0.0004413944357139761, ""target_y"": 839.4829217684925, ""x_max"": 666.0, ""x_min"": 609.0}, {""inlier_count"": 58, ""median_residual"": 1.1368683772161603e-13, ""side"": ""right"", ""slope"": -7.039744798056007e-15, ""target_y"": 839.5000000000001, ""x_max"": 723.0, ""x_min"": 666.0}], ""local_columns"": 115, ""local_fit_residual_pixels"": 1.1368683772161603e-13, ""method"": ""auto_x_local_line_fit"", ""point"": [666.0, 839.4914608842463], ""score"": 0.9999999999998863, ""search_window"": [609.0, 723.0], ""target_x"": 666.0, ""target_y"": 839.4914608842463, ""window_half_width"": 56.32}]","[{""bbox"": [22.0, 90.0, 58.0, 118.0], ""confidence"": 0.9999545659996133, ""pixel_y"": 104.0, ""text"": ""80"", ""value"": 80.0}, {""bbox"": [23.0, 182.0, 58.0, 210.0], ""confidence"": 0.9999789266407801, ""pixel_y"": 196.0, ""text"": ""70"", ""value"": 70.0}, {""bbox"": [23.0, 274.0, 58.0, 301.0], ""confidence"": 0.999966198394819, ""pixel_y"": 287.5, ""text"": ""60"", ""value"": 60.0}, {""bbox"": [23.0, 366.0, 58.0, 392.0], ""confidence"": 0.999928519693208, ""pixel_y"": 379.0, ""text"": ""50"", ""value"": 50.0}, {""bbox"": [23.0, 458.0, 58.0, 485.0], ""confidence"": 0.9999947737947846, ""pixel_y"": 471.5, ""text"": ""40"", ""value"": 40.0}, {""bbox"": [23.0, 550.0, 58.0, 576.0], ""confidence"": 0.9999979769518709, ""pixel_y"": 563.0, ""text"": ""30"", ""value"": 30.0}, {""bbox"": [23.0, 642.0, 58.0, 669.0], ""confidence"": 0.9999838999418298, ""pixel_y"": 655.5, ""text"": ""20"", ""value"": 20.0}, {""bbox"": [23.0, 734.0, 58.0, 760.0], ""confidence"": 0.9999964596665606, ""pixel_y"": 747.0, ""text"": ""10"", ""value"": 10.0}, {""bbox"": [34.0, 826.0, 58.0, 851.0], ""confidence"": 0.9999845028523993, ""pixel_y"": 838.5, ""text"": ""0"", ""value"": 0.0}]","[-0.07723835880683794, -0.08248827373896006]",-6.797030663548158,"{""executor"": ""python"", ""formula"": ""growth_rate"", ""numeric_answer"": -6.797030663548158}",-6.797030663548158,7.5,2.0,0,0,0
8316,c755edd131b7a17c44b6123aae17334617484b877695651a95d5f4822ff82f69,bar,single_choice,direct,What is the percentage contribution of 'Projects' in FY14?,bar_count_out_of_scope,bar_chart_analysis,[],[],[],[],[],,{},,A,,0,1,1
8336,431875768315bb2d2aad965758acb66452e3390f1421c4a513399f3853b13847,line,numerical,growth_rate,What is the percentage change in stock price from January 2023 to January 2024?,x_grounding_unrecoverable | x_grounding_unrecoverable,x_grounding_or_line_fit,[],[],[],[],[],,{},,-28.57,3.0,0,0,0
8379,0d760b973d51badc4fd69b9d385e2d1d35e5488e80e03ae910d80641fea14650,bar,numerical,direct,Calculate the overall percentage of sales from Malaysia in 4Q23.,semantic_target_not_found,semantic_targeting,[],[],[],[],[],,{},,26.7,3.0,0,0,0
8401,5adcc52d12a76950b0ef7a7e916430cc2266f803e3c1ea00b50d523b142a8626,line,single_choice,direct,What was the approximate sales value in BRL million for FY16?,x_grounding_unrecoverable,x_grounding_or_line_fit,[],[],[],[],[],,{},,C,,0,1,1
8411,af89c01bec689465fdefc6216ddda257a0fb081715c2d1d5826d134e3f4ee377,bar,single_choice,direct,What is the revenue of LGU in 2023 as shown in the chart?,bar_count_out_of_scope,bar_chart_analysis,[],[],[],[],[],,{},,B,,0,1,1
8529,464391b618b4e6e29b439d7c8a52e0982b3a25ea1024cafbd221fec22f9217c8,line,numerical,difference,By how much did the stock price increase from January 2023 to February 2024?,x_grounding_unrecoverable | x_grounding_unrecoverable,x_grounding_or_line_fit,[],[],[],[],[],,{},,5.5,1.0,0,0,0
8581,fac72504a34fc2bf05291c958dd4b6d90a6470a327c60472c2fde438c28917ce,line,single_choice,direct,What was the year-on-year growth percentage in 3Q21?,success,,"[""3Q21""]",[null],"[{""both_sides"": 1, ""chart_type"": ""line"", ""fit_mode"": ""global_robust_side_disagreement"", ""fitted_segments"": [{""inlier_count"": 59, ""median_residual"": 4.349048249146051, ""side"": ""all"", ""slope"": -1.8756607986825908, ""target_y"": 464.08349576073454, ""x_max"": 381.0, ""x_min"": 304.0}], ""local_columns"": 78, ""local_fit_residual_pixels"": 4.349048249146051, ""method"": ""auto_x_local_line_fit"", ""point"": [324.0, 464.08349576073454], ""score"": 0.18694914560915488, ""search_window"": [267.0, 381.0], ""target_x"": 324.0, ""target_y"": 464.08349576073454, ""window_half_width"": 56.32}]","[{""bbox"": [29.0, 30.0, 78.0, 68.0], ""confidence"": 0.9999991570631338, ""pixel_y"": 49.0, ""text"": ""94"", ""value"": 94.0}, {""bbox"": [30.0, 96.0, 78.0, 134.0], ""confidence"": 0.9999992413568111, ""pixel_y"": 115.0, ""text"": ""92"", ""value"": 92.0}, {""bbox"": [30.0, 160.0, 78.0, 198.0], ""confidence"": 0.9999334929208298, ""pixel_y"": 179.0, ""text"": ""90"", ""value"": 90.0}, {""bbox"": [30.0, 225.0, 78.0, 262.0], ""confidence"": 0.9999961224921389, ""pixel_y"": 243.5, ""text"": ""88"", ""value"": 88.0}, {""bbox"": [30.0, 289.0, 78.0, 327.0], ""confidence"": 0.9999758920877662, ""pixel_y"": 308.0, ""text"": ""86"", ""value"": 86.0}, {""bbox"": [29.0, 353.0, 78.0, 391.0], ""confidence"": 1.0, ""pixel_y"": 372.0, ""text"": ""84"", ""value"": 84.0}, {""bbox"": [30.0, 417.0, 79.0, 457.0], ""confidence"": 0.9999997471189183, ""pixel_y"": 437.0, ""text"": ""82"", ""value"": 82.0}, {""bbox"": [30.0, 483.0, 78.0, 521.0], ""confidence"": 0.9999887046632835, ""pixel_y"": 502.0, ""text"": ""80"", ""value"": 80.0}, {""bbox"": [32.0, 549.0, 78.0, 585.0], ""confidence"": 0.9999996628252286, ""pixel_y"": 567.0, ""text"": ""78"", ""value"": 78.0}, {""bbox"": [32.0, 613.0, 78.0, 651.0], ""confidence"": 0.9999955324369808, ""pixel_y"": 632.0, ""text"": ""76"", ""value"": 76.0}]",[81.17648745699778],81.17648745699778,"{""executor"": ""python"", ""formula"": ""direct"", ""numeric_answer"": 81.17648745699778, ""option_values"": [[""A"", 27.0, ""27%""], [""B"", 6.0, ""6%""], [""C"", -1.0, ""-1%""], [""D"", 13.0, ""13%""]], ""selected_option"": ""A""}",A,C,,0,1,0
8866,574d54e8f376d65508c359c3519721b1fece4ddbd4de32f5831e7dd79e41ba15,line,single_choice,direct,What is the closing price of Firstsource Solutions around January 2023?,x_grounding_unrecoverable,x_grounding_or_line_fit,[],[],[],[],[],,{},,B,,0,0,0
8872,143a99a417ba27a8d5b470209c9547c65800a53ad1b2612b23db3057365da43d,line,single_choice,direct,What is the price of General Motors stock in February 2024?,x_grounding_unrecoverable,x_grounding_or_line_fit,[],[],[],[],[],,{},,A,,0,1,1
8983,9d5be4e558c2e15f6ef464c403624fea82b439d4310b7fb96861819c53047c85,line,single_choice,direct,What is the approximate value of the defense EV/EBITDA on 12/22/2023?,x_grounding_unrecoverable,x_grounding_or_line_fit,[],[],[],[],[],,{},,A,,0,1,1
9007,6396dbb646b4e53512a9fbb158f53ad93af8ef499fbfabcbeee32dd30366def1,line,numerical,difference,What was the approximate difference in the percentage of non-interest income between 1Q20 and 3Q21?,success,,"[""1Q20"", ""3Q21""]","[""1Q20"", null]","[{""both_sides"": 1, ""chart_type"": ""line"", ""fit_mode"": ""two_sided_piecewise_robust"", ""fitted_segments"": [{""inlier_count"": 46, ""median_residual"": 12.647765742285756, ""side"": ""all"", ""slope"": -2.128784215020405, ""target_y"": 237.07932741895908, ""x_max"": 615.0, ""x_min"": 570.0}, {""inlier_count"": 23, ""median_residual"": 0.23455392103016948, ""side"": ""left"", ""slope"": -0.2840275324379027, ""target_y"": 257.98732218299926, ""x_max"": 592.0, ""x_min"": 570.0}, {""inlier_count"": 20, ""median_residual"": 0.6410719593282295, ""side"": ""right"", ""slope"": -4.683720051373815, ""target_y"": 266.4868284259754, ""x_max"": 615.0, ""x_min"": 593.0}], ""local_columns"": 46, ""local_fit_residual_pixels"": 0.23455392103016948, ""method"": ""auto_x_local_line_fit"", ""point"": [592.5, 262.23707530448735], ""score"": 0.810009172515975, ""search_window"": [570.0, 615.0], ""target_x"": 592.5, ""target_y"": 262.23707530448735, ""window_half_width"": 22.32}, {""both_sides"": 1, ""chart_type"": ""line"", ""fit_mode"": ""two_sided_piecewise_robust"", ""fitted_segments"": [{""inlier_count"": 49, ""median_residual"": 1.9832950470112678, ""side"": ""all"", ""slope"": 0.8092454982877254, ""target_y"": 284.91973224628316, ""x_max"": 763.0, ""x_min"": 715.0}, {""inlier_count"": 25, ""median_residual"": 0.09907737037411835, ""side"": ""left"", ""slope"": 0.48686019720665746, ""target_y"": 280.91027864195144, ""x_max"": 739.0, ""x_min"": 715.0}, {""inlier_count"": 23, ""median_residual"": 0.14865141390825443, ""side"": ""right"", ""slope"": 1.1405394344366884, ""target_y"": 280.9076272903938, ""x_max"": 763.0, ""x_min"": 740.0}], ""local_columns"": 49, ""local_fit_residual_pixels"": 0.09907737037411835, ""method"": ""auto_x_local_line_fit"", ""point"": [739.125, 280.9089529661726], ""score"": 0.9098540530041183, ""search_window"": [715.0, 763.0], ""target_x"": 739.125, ""target_y"": 280.9089529661726, ""window_half_width"": 23.46}]","[{""bbox"": [30.0, 30.0, 78.0, 68.0], ""confidence"": 0.9999954481433951, ""pixel_y"": 49.0, ""text"": ""35"", ""value"": 35.0}, {""bbox"": [29.0, 110.0, 78.0, 148.0], ""confidence"": 0.6115339383362132, ""pixel_y"": 129.0, ""text"": ""30"", ""value"": 30.0}, {""bbox"": [29.0, 192.0, 78.0, 230.0], ""confidence"": 0.9999994942378553, ""pixel_y"": 211.0, ""text"": ""25"", ""value"": 25.0}, {""bbox"": [30.0, 272.0, 78.0, 310.0], ""confidence"": 0.9136382026104265, ""pixel_y"": 291.0, ""text"": ""20"", ""value"": 20.0}, {""bbox"": [32.0, 352.0, 78.0, 390.0], ""confidence"": 0.9999929193367925, ""pixel_y"": 371.0, ""text"": ""15"", ""value"": 15.0}, {""bbox"": [30.0, 433.0, 78.0, 470.0], ""confidence"": 0.9999978926582248, ""pixel_y"": 451.5, ""text"": ""10"", ""value"": 10.0}]","[21.766082147007634, 20.606763143352055]",1.159319003655579,"{""executor"": ""python"", ""formula"": ""difference"", ""numeric_answer"": 1.159319003655579}",1.159319003655579,15,3.0,0,0,0
9143,4323cc87a1125e88c1e0ef245138e48a72e6296f8f959cb41fa2e328eebf3b85,line,single_choice,direct,What was the approximate share of the global chip market as a percentage of global GDP in 1985?,success,,"[""1985""]",[null],"[{""both_sides"": 1, ""chart_type"": ""line"", ""fit_mode"": ""two_sided_piecewise_robust"", ""fitted_segments"": [{""inlier_count"": 71, ""median_residual"": 3.410605131648481e-13, ""side"": ""all"", ""slope"": 5.878971546655823e-16, ""target_y"": 839.5000000000003, ""x_max"": 351.0, ""x_min"": 281.0}, {""inlier_count"": 36, ""median_residual"": 1.1368683772161603e-13, ""side"": ""left"", ""slope"": 3.749611627933635e-15, ""target_y"": 839.5000000000002, ""x_max"": 316.0, ""x_min"": 281.0}, {""inlier_count"": 35, ""median_residual"": 5.684341886080801e-13, ""side"": ""right"", ""slope"": 2.322615323797553e-14, ""target_y"": 839.5000000000001, ""x_max"": 351.0, ""x_min"": 317.0}], ""local_columns"": 71, ""local_fit_residual_pixels"": 1.1368683772161603e-13, ""method"": ""auto_x_local_line_fit"", ""point"": [316.25, 839.5000000000002], ""score"": 0.9999999999998863, ""search_window"": [281.0, 351.0], ""target_x"": 316.25, ""target_y"": 839.5000000000002, ""window_half_width"": 34.44}]","[{""bbox"": [22.0, 90.0, 82.0, 118.0], ""confidence"": 0.9638060331344604, ""pixel_y"": 104.0, ""text"": ""0.7%"", ""value"": 0.7}, {""bbox"": [22.0, 194.0, 82.0, 222.0], ""confidence"": 0.9619347453117371, ""pixel_y"": 208.0, ""text"": ""0.6%"", ""value"": 0.6}, {""bbox"": [22.0, 300.0, 82.0, 328.0], ""confidence"": 0.9706670641899109, ""pixel_y"": 314.0, ""text"": ""0.5%"", ""value"": 0.5}, {""bbox"": [22.0, 406.0, 82.0, 432.0], ""confidence"": 0.9937401413917542, ""pixel_y"": 419.0, ""text"": ""0.4%"", ""value"": 0.4}, {""bbox"": [22.0, 510.0, 82.0, 538.0], ""confidence"": 0.9217938780784607, ""pixel_y"": 524.0, ""text"": ""0.3%"", ""value"": 0.3}, {""bbox"": [22.0, 615.0, 82.0, 643.0], ""confidence"": 0.9471076726913452, ""pixel_y"": 629.0, ""text"": ""0.2%"", ""value"": 0.2}, {""bbox"": [22.0, 721.0, 82.0, 747.0], ""confidence"": 0.9893445372581482, ""pixel_y"": 734.0, ""text"": ""0.1%"", ""value"": 0.1}, {""bbox"": [22.0, 826.0, 82.0, 853.0], ""confidence"": 0.9369518756866455, ""pixel_y"": 839.5, ""text"": ""0.0%"", ""value"": 0.0}]",[-0.00019762634193443152],-0.00019762634193443152,"{""executor"": ""python"", ""formula"": ""direct"", ""numeric_answer"": -0.00019762634193443152, ""option_values"": [[""A"", 0.1, ""0.1%""], [""B"", 0.2, ""0.2%""], [""C"", 0.3, ""0.3%""], [""D"", 0.4, ""0.4%""]], ""selected_option"": ""A""}",A,B,,0,1,0
9147,e2f9539e4e5cacd1513ee511e53482ce3e2a02936a555049cacb4c4ac4443020,line,single_choice,direct,What was the approximate domestic formulation sales in INR mn during 1Q FY21?,success,,"[""1QFY21""]","[""1QFY21""]","[{""both_sides"": 1, ""chart_type"": ""line"", ""fit_mode"": ""two_sided_piecewise_robust"", ""fitted_segments"": [{""inlier_count"": 26, ""median_residual"": 0.0, ""side"": ""all"", ""slope"": 3.715970538340874e-16, ""target_y"": 90.5, ""x_max"": 629.0, ""x_min"": 604.0}, {""inlier_count"": 13, ""median_residual"": 1.4210854715202004e-14, ""side"": ""left"", ""slope"": 4.211805851304505e-15, ""target_y"": 90.50000000000001, ""x_max"": 616.0, ""x_min"": 604.0}, {""inlier_count"": 13, ""median_residual"": 2.842170943040401e-14, ""side"": ""right"", ""slope"": 6.312562490317721e-15, ""target_y"": 90.49999999999994, ""x_max"": 629.0, ""x_min"": 617.0}], ""local_columns"": 26, ""local_fit_residual_pixels"": 0.0, ""method"": ""auto_x_local_line_fit"", ""point"": [616.5, 90.49999999999997], ""score"": 1.0, ""search_window"": [604.0, 629.0], ""target_x"": 616.5, ""target_y"": 90.49999999999997, ""window_half_width"": 12.0}]","[{""bbox"": [22.0, 22.0, 80.0, 48.0], ""confidence"": 0.9980587363243103, ""pixel_y"": 35.0, ""text"": ""9000"", ""value"": 9000.0}, {""bbox"": [22.0, 58.0, 80.0, 85.0], ""confidence"": 0.998535692691803, ""pixel_y"": 71.5, ""text"": ""8000"", ""value"": 8000.0}, {""bbox"": [22.0, 95.0, 80.0, 123.0], ""confidence"": 0.9980554580688477, ""pixel_y"": 109.0, ""text"": ""7000"", ""value"": 7000.0}, {""bbox"": [22.0, 132.0, 80.0, 160.0], ""confidence"": 0.9977681636810303, ""pixel_y"": 146.0, ""text"": ""6000"", ""value"": 6000.0}, {""bbox"": [22.0, 169.0, 80.0, 197.0], ""confidence"": 0.9778226613998413, ""pixel_y"": 183.0, ""text"": ""5000"", ""value"": 5000.0}, {""bbox"": [22.0, 206.0, 80.0, 234.0], ""confidence"": 0.9997113347053528, ""pixel_y"": 220.0, ""text"": ""4000"", ""value"": 4000.0}, {""bbox"": [22.0, 242.0, 80.0, 270.0], ""confidence"": 0.999726414680481, ""pixel_y"": 256.0, ""text"": ""3000"", ""value"": 3000.0}, {""bbox"": [22.0, 279.0, 80.0, 307.0], ""confidence"": 0.9990838170051575, ""pixel_y"": 293.0, ""text"": ""2000"", ""value"": 2000.0}, {""bbox"": [22.0, 316.0, 80.0, 344.0], ""confidence"": 0.9994992613792419, ""pixel_y"": 330.0, ""text"": ""1000"", ""value"": 1000.0}]",[7497.899308440082],7497.899308440082,"{""executor"": ""python"", ""formula"": ""direct"", ""numeric_answer"": 7497.899308440082, ""option_values"": [[""A"", 3500.0, ""3500""], [""B"", 4500.0, ""4500""], [""C"", 6000.0, ""6000""], [""D"", 7000.0, ""7000""]], ""selected_option"": ""D""}",D,B,,0,1,0
9171,044b8afca5fb07362f1dc62f8c8794176f11f3e8232fe0c0802af3ec414f08ce,bar,single_choice,direct,What is the VNB margin percentage for SBI Life in Q3 FY23?,direct_data_value_or_numeric_annotation_present,bar_chart_analysis,[],[],[],[],[],,{},,A,,0,1,1
9346,d8acb3a7d062e305cf5749e61c9966b42cd26dbaaf76f29573be78fa92e39b1a,bar,numerical,difference,What is the approximate increase in the number of tourists from 2022 to 2024F?,success,,"[""2022"", ""2024F""]",[],"[{""bar_id"": ""bar_00"", ""bbox"": [175, 318, 95, 140]}, {""bar_id"": ""bar_02"", ""bbox"": [785, 78, 96, 380]}]","[{""bbox"": [22.0, 22.0, 56.0, 50.0], ""confidence"": 0.9999946052076528, ""pixel_y"": 36.0, ""text"": ""35"", ""value"": 35.0}, {""bbox"": [22.0, 82.0, 56.0, 109.0], ""confidence"": 0.9999988198884456, ""pixel_y"": 95.5, ""text"": ""30"", ""value"": 30.0}, {""bbox"": [22.0, 143.0, 56.0, 170.0], ""confidence"": 0.9999992413568111, ""pixel_y"": 156.5, ""text"": ""25"", ""value"": 25.0}, {""bbox"": [22.0, 204.0, 56.0, 230.0], ""confidence"": 0.9999991570631338, ""pixel_y"": 217.0, ""text"": ""20"", ""value"": 20.0}, {""bbox"": [22.0, 263.0, 56.0, 290.0], ""confidence"": 0.999993087923841, ""pixel_y"": 276.5, ""text"": ""15"", ""value"": 15.0}, {""bbox"": [23.0, 324.0, 56.0, 350.0], ""confidence"": 0.9999983141264758, ""pixel_y"": 337.0, ""text"": ""10"", ""value"": 10.0}, {""bbox"": [35.0, 386.0, 53.0, 409.0], ""confidence"": 0.9999946355891645, ""pixel_y"": 397.5, ""text"": ""5"", ""value"": 5.0}, {""bbox"": [35.0, 447.0, 53.0, 468.0], ""confidence"": 0.9999976158156301, ""pixel_y"": 457.5, ""text"": ""0"", ""value"": 0.0}]","[11.582562654835016, 31.49751393041219]",19.914951275577174,"{""executor"": ""python"", ""formula"": ""difference"", ""numeric_answer"": 19.914951275577174}",19.914951275577174,25,2.0,0,0,0
9408,e150eb694f6cba64f636c70521d1c6b73ee0fea9d82b96388969c1fdeee612ec,line,numerical,growth_rate,Calculate the approximate percentage decrease in JD.com's closing price from July 2021 to March 2024.,x_grounding_unrecoverable | x_grounding_unrecoverable,x_grounding_or_line_fit,[],[],[],[],[],,{},,70,5.0,0,0,0
9450,7747667f14e4ec90be02b11e4145fa15e01d1110062ddcdee104011f25513757,line,numerical,growth_rate,What is the percentage increase in non-financial corporate debt as a percentage of GDP in China from Q4 2008 to Q2 2023?,x_grounding_unrecoverable | x_grounding_unrecoverable,x_grounding_or_line_fit,[],[],[],[],[],,{},,2.21,2.0,0,1,1
9466,e3dc86fcb346df8aa27ad1abfa0a62f8ea68fb4b5208a2035083616ba8df8ead,line,numerical,growth_rate,Calculate the approximate percentage change in closing price from July 2021 to January 2022.,x_grounding_unrecoverable | x_grounding_unrecoverable,x_grounding_or_line_fit,[],[],[],[],[],,{},,-20,3.0,0,0,0
9479,27e72fd9d38760dbb9f8cc069f4c70a3f1dc80b7254e96ae0141523330b5a358,line,single_choice,direct,What is the value of PE in January 2024?,ambiguous_series,x_grounding_or_line_fit,[],[],[],[],[],,{},,B,,0,0,0
9546,c3bc71c8147cc672445ce44d3fe94ec94aa766af376dd3ee24763705ae59fbe5,line,single_choice,direct,What is the approximate value of EV EBITDA in February 2024?,x_grounding_unrecoverable,x_grounding_or_line_fit,[],[],[],[],[],,{},,B,,0,1,1
9588,bfcc0dd02e674391a3f31647ef77f4b870a33bc3b3dde52c5fd9c3cdd926d3b5,bar,single_choice,direct,What percentage of Home equity/LAP loans came from the North region in FY18?,direct_data_value_or_numeric_annotation_present,bar_chart_analysis,[],[],[],[],[],,{},,A,,0,1,1
9609,e0caa727e887dc896c865a9495d902e9a6c52407ec101fc5a95d3a8816f736ad,line,single_choice,direct,What is the value of commercial paper outstanding in June 2022?,success,,"[""June2022""]","[""Jun-22""]","[{""both_sides"": 0, ""chart_type"": ""line"", ""fit_mode"": ""global_robust"", ""fitted_segments"": [{""inlier_count"": 20, ""median_residual"": 0.13659980636867886, ""side"": ""all"", ""slope"": 0.4251059051330971, ""target_y"": 454.07289434972233, ""x_max"": 183.0, ""x_min"": 164.0}], ""local_columns"": 20, ""local_fit_residual_pixels"": 0.13659980636867886, ""method"": ""auto_x_local_line_fit"", ""point"": [162.5, 454.07289434972233], ""score"": 0.8798171479501643, ""search_window"": [144.0, 183.0], ""target_x"": 162.5, ""target_y"": 454.07289434972233, ""window_half_width"": 19.919999999999998}]","[{""bbox"": [40.0, 107.0, 131.0, 148.0], ""confidence"": 0.9997299703404143, ""pixel_y"": 127.5, ""text"": ""5,000"", ""value"": 5000.0}, {""bbox"": [40.0, 163.0, 131.0, 204.0], ""confidence"": 0.999966573300654, ""pixel_y"": 183.5, ""text"": ""4,500"", ""value"": 4500.0}, {""bbox"": [39.0, 218.0, 131.0, 261.0], ""confidence"": 0.9998687448022977, ""pixel_y"": 239.5, ""text"": ""4,000"", ""value"": 4000.0}, {""bbox"": [38.0, 275.0, 130.0, 316.0], ""confidence"": 0.9994550910239156, ""pixel_y"": 295.5, ""text"": ""3,500"", ""value"": 3500.0}, {""bbox"": [38.0, 331.0, 130.0, 372.0], ""confidence"": 0.9960527659364129, ""pixel_y"": 351.5, ""text"": ""3,000"", ""value"": 3000.0}, {""bbox"": [40.0, 387.0, 131.0, 427.0], ""confidence"": 0.9999407168319049, ""pixel_y"": 407.0, ""text"": ""2,500"", ""value"": 2500.0}, {""bbox"": [38.0, 443.0, 131.0, 483.0], ""confidence"": 0.9997770462194505, ""pixel_y"": 463.0, ""text"": ""2,000"", ""value"": 2000.0}, {""bbox"": [41.0, 497.0, 131.0, 539.0], ""confidence"": 0.9997898414301394, ""pixel_y"": 518.0, ""text"": ""1,500"", ""value"": 1500.0}, {""bbox"": [41.0, 553.0, 131.0, 595.0], ""confidence"": 0.9997707552337741, ""pixel_y"": 574.0, ""text"": ""1,000"", ""value"": 1000.0}, {""bbox"": [67.0, 609.0, 132.0, 647.0], ""confidence"": 0.9982331829674873, ""pixel_y"": 628.0, ""text"": ""500"", ""value"": 500.0}]",[2073.7142471691623],2073.7142471691623,"{""executor"": ""python"", ""formula"": ""direct"", ""numeric_answer"": 2073.7142471691623, ""option_values"": [[""A"", 4000.0, ""Around 4,000 INR billion""], [""B"", 3000.0, ""Around 3,000 INR billion""], [""C"", 1500.0, ""Around 1,500 INR billion""], [""D"", 4500.0, ""Around 4,500 INR billion""]], ""selected_option"": ""C""}",C,A,,0,1,0
9747,b5093a4785b35eb531e4c959d524ced620523a841ff141634bd511b11d25dcf8,bar,single_choice,direct,What was the approximate market share percentage of NCM/NCA in July 2021?,bar_count_out_of_scope,bar_chart_analysis,[],[],[],[],[],,{},,C,,0,0,0
9805,de938d13797b1cf58e0ef2d3df8cd2d9e40aaafd12e925c8aaee9891174004e8,bar,single_choice,direct,What is the percentage of people who believe farmers' protests are exaggerated?,semantic_target_not_found,semantic_targeting,[],[],[],[],[],,{},,B,,0,1,1
9898,12064b49a44001e06e2b7cb0f3501e2c51e0bfac708aeb2b2a5e91241efec775,line,numerical,difference,What was the approximate increase in the US Geopolitical Risk Index between 2001 and 2008?,success,,"[""2001"", ""2008""]","[null, null]","[{""both_sides"": 1, ""chart_type"": ""line"", ""fit_mode"": ""global_robust_side_disagreement"", ""fitted_segments"": [{""inlier_count"": 16, ""median_residual"": 5.51009562385633, ""side"": ""all"", ""slope"": -2.5699863394490965, ""target_y"": 206.56781899752994, ""x_max"": 186.0, ""x_min"": 167.0}], ""local_columns"": 20, ""local_fit_residual_pixels"": 5.51009562385633, ""method"": ""auto_x_local_line_fit"", ""point"": [176.625, 206.56781899752994], ""score"": 0.15360757472370867, ""search_window"": [167.0, 186.0], ""target_x"": 176.625, ""target_y"": 206.56781899752994, ""window_half_width"": 9.0}, {""both_sides"": 1, ""chart_type"": ""line"", ""fit_mode"": ""two_sided_piecewise_robust"", ""fitted_segments"": [{""inlier_count"": 20, ""median_residual"": 1.4048332540286879, ""side"": ""all"", ""slope"": 0.23941364793824388, ""target_y"": 216.58528952969803, ""x_max"": 239.0, ""x_min"": 220.0}, {""inlier_count"": 10, ""median_residual"": 0.5247595547324977, ""side"": ""left"", ""slope"": 0.7494250626472397, ""target_y"": 219.32280476773312, ""x_max"": 229.0, ""x_min"": 220.0}, {""inlier_count"": 10, ""median_residual"": 0.16389828475283252, ""side"": ""right"", ""slope"": -0.22406781016477945, ""target_y"": 218.73146870202456, ""x_max"": 239.0, ""x_min"": 230.0}], ""local_columns"": 20, ""local_fit_residual_pixels"": 0.16389828475283252, ""method"": ""auto_x_local_line_fit"", ""point"": [229.9, 219.02713673487884], ""score"": 0.8591816081354238, ""search_window"": [220.0, 239.0], ""target_x"": 229.9, ""target_y"": 219.02713673487884, ""window_half_width"": 9.0}]","[{""bbox"": [16.0, 51.0, 42.0, 68.0], ""confidence"": 0.9913832864404772, ""pixel_y"": 59.5, ""text"": ""500"", ""value"": 500.0}, {""bbox"": [16.0, 88.0, 42.0, 106.0], ""confidence"": 0.999865722627301, ""pixel_y"": 97.0, ""text"": ""400"", ""value"": 400.0}, {""bbox"": [16.0, 125.0, 42.0, 143.0], ""confidence"": 0.9998248411186251, ""pixel_y"": 134.0, ""text"": ""300"", ""value"": 300.0}, {""bbox"": [16.0, 163.0, 42.0, 180.0], ""confidence"": 0.9990075332488443, ""pixel_y"": 171.5, ""text"": ""200"", ""value"": 200.0}, {""bbox"": [16.0, 200.0, 42.0, 218.0], ""confidence"": 0.995578240179262, ""pixel_y"": 209.0, ""text"": ""100"", ""value"": 100.0}]","[106.24516751913995, 72.8870664395946]",33.35810107954535,"{""executor"": ""python"", ""formula"": ""difference"", ""numeric_answer"": 33.35810107954535}",33.35810107954535,35,1.0,0,0,0
9929,a3fd3f4afca60b7f501992a682847bf037eecccfdba2a5c04b767c260b59fb18,line,single_choice,direct,What is the closing price of Tata Motors around July 2021?,x_grounding_unrecoverable,x_grounding_or_line_fit,[],[],[],[],[],,{},,A,,0,0,0
9932,e0f5262293a208d7eb6af745ee262ba83d6d2a6fd74033a893ce7f647f4532c4,bar,single_choice,direct,What is the percentage of Sedan sales in Jun 2021?,bar_count_out_of_scope,bar_chart_analysis,[],[],[],[],[],,{},,B,,0,1,1
9948,b5093a4785b35eb531e4c959d524ced620523a841ff141634bd511b11d25dcf8,bar,numerical,difference,Calculate the difference in NCM/NCA market share between Jul 2021 and Nov 2023.,bar_count_out_of_scope,bar_chart_analysis,[],[],[],[],[],,{},,13,3.0,0,1,1
10049,f4af7a617b76834c08f761fd2b12ce288616c16a2fdf8defdbfe626ab719130f,line,single_choice,direct,What was the sales value for Europe in 2QFY18?,line_localization_failed,x_grounding_or_line_fit,[],[],[],[],[],,{},,C,,0,1,1
10099,94bfac4fcd540a8dc35c9d8e5e5af47e9b22abc3b4944064763519fc98d8285f,line,single_choice,direct,What is the P/E ratio of Consumer Durables around 12/22/2021?,x_grounding_unrecoverable,x_grounding_or_line_fit,[],[],[],[],[],,{},,C,,0,1,1
10121,ead1293e21cee6e8ed109f9154e82e7d9916d62d939e82d62197e07f6d519e53,line,single_choice,direct,What was the approximate closing price of Asymchem in July 2021?,x_grounding_unrecoverable,x_grounding_or_line_fit,[],[],[],[],[],,{},,A,,0,0,0
10161,7ac76ad793feab39a4053cc049cd334257a69b2cd9e75b498e02773399c2ac4c,line,single_choice,direct,What was the approximate Net Interest Margin (bps) in 1Q15?,success,,"[""1Q15""]","[""1Q15-""]","[{""both_sides"": 1, ""chart_type"": ""line"", ""fit_mode"": ""two_sided_piecewise_robust"", ""fitted_segments"": [{""inlier_count"": 50, ""median_residual"": 1.8757298250083068, ""side"": ""all"", ""slope"": -0.4460946791247694, ""target_y"": 135.58796853004762, ""x_max"": 175.0, ""x_min"": 126.0}, {""inlier_count"": 5, ""median_residual"": 0.09993009651165607, ""side"": ""left"", ""slope"": -0.09915515381550907, ""target_y"": 133.40161978888065, ""x_max"": 130.0, ""x_min"": 126.0}, {""inlier_count"": 46, ""median_residual"": 1.8827217529932838, ""side"": ""right"", ""slope"": -0.4902268127494399, ""target_y"": 136.78608594188245, ""x_max"": 175.0, ""x_min"": 130.0}], ""local_columns"": 50, ""local_fit_residual_pixels"": 0.09993009651165607, ""method"": ""auto_x_local_line_fit"", ""point"": [130.0, 135.09385286538156], ""score"": 0.9091486842404106, ""search_window"": [109.0, 175.0], ""target_x"": 130.0, ""target_y"": 135.09385286538156, ""window_half_width"": 44.879999999999995}]","[{""bbox"": [30.0, 30.0, 97.0, 68.0], ""confidence"": 0.9799857139587402, ""pixel_y"": 49.0, ""text"": ""300"", ""value"": 300.0}, {""bbox"": [30.0, 96.0, 97.0, 135.0], ""confidence"": 0.9999945627862629, ""pixel_y"": 115.5, ""text"": ""250"", ""value"": 250.0}, {""bbox"": [30.0, 160.0, 95.0, 198.0], ""confidence"": 0.9998950418269726, ""pixel_y"": 179.0, ""text"": ""200"", ""value"": 200.0}, {""bbox"": [32.0, 224.0, 95.0, 262.0], ""confidence"": 0.9999871984651112, ""pixel_y"": 243.0, ""text"": ""150"", ""value"": 150.0}, {""bbox"": [32.0, 288.0, 95.0, 327.0], ""confidence"": 0.9998847181519784, ""pixel_y"": 307.5, ""text"": ""100"", ""value"": 100.0}, {""bbox"": [48.0, 353.0, 95.0, 391.0], ""confidence"": 0.9998202062786206, ""pixel_y"": 372.0, ""text"": ""50"", ""value"": 50.0}, {""bbox"": [68.0, 418.0, 96.0, 453.0], ""confidence"": 0.9999983310706426, ""pixel_y"": 435.5, ""text"": ""0"", ""value"": 0.0}]",[233.9338835474607],233.9338835474607,"{""executor"": ""python"", ""formula"": ""direct"", ""numeric_answer"": 233.9338835474607, ""option_values"": [[""A"", 275000000000.0, ""Around 275 bps""], [""B"", 225000000000.0, ""Around 225 bps""], [""C"", 250000000000.0, ""Around 250 bps""], [""D"", 200000000000.0, ""Around 200 bps""]], ""selected_option"": ""D""}",D,B,,0,1,0
10164,01bcf6a8031f667a23349635a02921c9d78fde424e087c8c3365deddc6f13467,bar,numerical,growth_rate,What was the percentage increase in imports between Jan-23 and Jul-23?,bar_count_out_of_scope,bar_chart_analysis,[],[],[],[],[],,{},,83.3,5.0,0,0,0
10271,fd25fdf94ba81da00fac1d98017f41bf754f37e3b7c738eb615e464e2943d04e,line,numerical,growth_rate,Calculate the percentage change in the closing price from July 2021 to February 2024.,x_grounding_unrecoverable | x_grounding_unrecoverable,x_grounding_or_line_fit,[],[],[],[],[],,{},,27.27,3.0,0,0,0
10323,ff2207b98bef949def145047a95f743705646b254158b9712626bf0dbcbc393d,line,numerical,difference,How much higher is the game license issuance in January 2024 compared to January 2023?,success,,"[""January2024"", ""January2023""]","[""Jan-24"", ""Jan-23""]","[{""both_sides"": 0, ""chart_type"": ""line"", ""fit_mode"": ""global_robust"", ""fitted_segments"": [{""inlier_count"": 24, ""median_residual"": 6.590553262129518, ""side"": ""all"", ""slope"": -1.384728375104916, ""target_y"": 190.58161973703116, ""x_max"": 466.0, ""x_min"": 441.0}], ""local_columns"": 26, ""local_fit_residual_pixels"": 6.590553262129518, ""method"": ""auto_x_local_line_fit"", ""point"": [464.0, 190.58161973703116], ""score"": 0.13174270247060377, ""search_window"": [441.0, 482.0], ""target_x"": 464.0, ""target_y"": 190.58161973703116, ""window_half_width"": 22.32}, {""both_sides"": 1, ""chart_type"": ""line"", ""fit_mode"": ""global_robust_side_disagreement"", ""fitted_segments"": [{""inlier_count"": 15, ""median_residual"": 0.5366119426198424, ""side"": ""all"", ""slope"": 0.09832649282747954, ""target_y"": 214.36183448533185, ""x_max"": 383.0, ""x_min"": 360.0}], ""local_columns"": 24, ""local_fit_residual_pixels"": 0.5366119426198424, ""method"": ""auto_x_local_line_fit"", ""point"": [371.5, 214.36183448533185], ""score"": 0.6507823948674073, ""search_window"": [360.0, 383.0], ""target_x"": 371.5, ""target_y"": 214.36183448533185, ""window_half_width"": 11.04}]","[{""bbox"": [0.0, 12.0, 34.0, 37.0], ""confidence"": 0.7178921103477478, ""pixel_y"": 24.5, ""text"": ""200"", ""value"": 200.0}, {""bbox"": [0.0, 78.0, 32.0, 102.0], ""confidence"": 0.9995889853400863, ""pixel_y"": 90.0, ""text"": ""150"", ""value"": 150.0}, {""bbox"": [1.0, 142.0, 32.0, 166.0], ""confidence"": 0.9976627076400334, ""pixel_y"": 154.0, ""text"": ""100"", ""value"": 100.0}, {""bbox"": [7.0, 209.0, 34.0, 234.0], ""confidence"": 0.9995130700421996, ""pixel_y"": 221.5, ""text"": ""50"", ""value"": 50.0}]","[73.03474849353788, 54.88381664076681]",18.150931852771066,"{""executor"": ""python"", ""formula"": ""difference"", ""numeric_answer"": 18.150931852771066}",18.150931852771066,15,2.0,0,0,0
10486,528d6c0ae7ec17fc88e0ea0db8813f34abd4fd818c86207426b3a77547df3556,bar,numerical,growth_rate,What is the percentage increase in order inflows from 2QCY20 to 4QCY23?,bar_count_out_of_scope,bar_chart_analysis,[],[],[],[],[],,{},,100,10.0,0,0,0
10533,6baea5d8a4ce33c3acaca8fa86a125ae4b63252eea4a0a3abf32c22931baef02,bar,single_choice,direct,What was the percentage of first-time borrowers in FY20?,direct_data_value_or_numeric_annotation_present,bar_chart_analysis,[],[],[],[],[],,{},,A,,0,1,1
10534,27e72fd9d38760dbb9f8cc069f4c70a3f1dc80b7254e96ae0141523330b5a358,line,numerical,direct,What was the PE value in July 2022?,ambiguous_series,x_grounding_or_line_fit,[],[],[],[],[],,{},,55,5.0,0,1,1
10535,e9650c07e05ec8ed6ca917cf1bdaf25e6d5a5aebe841706873a6c20af33e000d,line,numerical,growth_rate,Calculate the approximate percentage increase in the closing price from July 2021 to February 2024.,x_grounding_unrecoverable | x_grounding_unrecoverable,x_grounding_or_line_fit,[],[],[],[],[],,{},,104,10.0,0,0,0
10539,e0f5262293a208d7eb6af745ee262ba83d6d2a6fd74033a893ce7f647f4532c4,bar,numerical,difference,"In Jun 2023, what is the percentage difference between Sedan and MPV sales?",bar_count_out_of_scope,bar_chart_analysis,[],[],[],[],[],,{},,40,3.0,0,0,0
10544,356d70b4a6a9246329010397fcd294f7232bc2f62cf2e25fe223f413079a5a84,bar,single_choice,direct,What percentage of the revenue is contributed by North America in CY21?,bar_count_out_of_scope,bar_chart_analysis,[],[],[],[],[],,{},,B,,0,1,1
10565,ea9e0a306c0d710eaee791a4eb80128073de473efce727784a10c1f84836fd21,line,numerical,difference,What is the approximate difference in EBITDA between 1QFY24 and 1QFY23?,success,,"[""1QFY24"", ""1QFY23""]","[""1QFY24"", ""1QFY23""]","[{""both_sides"": 1, ""chart_type"": ""line"", ""fit_mode"": ""global_robust_side_disagreement"", ""fitted_segments"": [{""inlier_count"": 61, ""median_residual"": 6.570809407260384, ""side"": ""all"", ""slope"": -0.8413478690427717, ""target_y"": 113.1262768190125, ""x_max"": 931.0, ""x_min"": 869.0}], ""local_columns"": 63, ""local_fit_residual_pixels"": 6.570809407260384, ""method"": ""auto_x_local_line_fit"", ""point"": [900.0, 113.1262768190125], ""score"": 0.13208627323797148, ""search_window"": [869.0, 931.0], ""target_x"": 900.0, ""target_y"": 113.1262768190125, ""window_half_width"": 30.72}, {""both_sides"": 1, ""chart_type"": ""line"", ""fit_mode"": ""two_sided_piecewise_robust"", ""fitted_segments"": [{""inlier_count"": 64, ""median_residual"": 0.0, ""side"": ""all"", ""slope"": 0.0, ""target_y"": 134.0, ""x_max"": 802.0, ""x_min"": 739.0}, {""inlier_count"": 32, ""median_residual"": 5.684341886080802e-14, ""side"": ""left"", ""slope"": -3.2484709225184372e-15, ""target_y"": 134.0, ""x_max"": 770.0, ""x_min"": 739.0}, {""inlier_count"": 32, ""median_residual"": 5.684341886080802e-14, ""side"": ""right"", ""slope"": 2.158154969041518e-15, ""target_y"": 134.00000000000003, ""x_max"": 802.0, ""x_min"": 771.0}], ""local_columns"": 64, ""local_fit_residual_pixels"": 0.0, ""method"": ""auto_x_local_line_fit"", ""point"": [770.5, 134.0], ""score"": 1.0, ""search_window"": [739.0, 802.0], ""target_x"": 770.5, ""target_y"": 134.0, ""window_half_width"": 30.72}]","[{""bbox"": [31.0, 82.0, 86.0, 110.0], ""confidence"": 0.5514221661373557, ""pixel_y"": 96.0, ""text"": ""18.0"", ""value"": 18.0}, {""bbox"": [31.0, 121.0, 86.0, 149.0], ""confidence"": 0.9943646953915267, ""pixel_y"": 135.0, ""text"": ""16.0"", ""value"": 16.0}, {""bbox"": [31.0, 158.0, 88.0, 186.0], ""confidence"": 0.9247338243325461, ""pixel_y"": 172.0, ""text"": ""14.0"", ""value"": 14.0}, {""bbox"": [31.0, 196.0, 86.0, 224.0], ""confidence"": 0.9801152956357179, ""pixel_y"": 210.0, ""text"": ""12.0"", ""value"": 12.0}, {""bbox"": [31.0, 233.0, 86.0, 262.0], ""confidence"": 0.9999771824268544, ""pixel_y"": 247.5, ""text"": ""10.0"", ""value"": 10.0}, {""bbox"": [44.0, 271.0, 88.0, 299.0], ""confidence"": 0.9999922227208102, ""pixel_y"": 285.0, ""text"": ""8.0"", ""value"": 8.0}, {""bbox"": [44.0, 308.0, 88.0, 338.0], ""confidence"": 0.9998792810222225, ""pixel_y"": 323.0, ""text"": ""6.0"", ""value"": 6.0}, {""bbox"": [46.0, 346.0, 86.0, 374.0], ""confidence"": 0.9999873361159073, ""pixel_y"": 360.0, ""text"": ""4.0"", ""value"": 4.0}, {""bbox"": [44.0, 385.0, 86.0, 413.0], ""confidence"": 0.9999773564397761, ""pixel_y"": 399.0, ""text"": ""2.0"", ""value"": 2.0}]","[17.12213763974613, 16.015779000351166]",1.106358639394962,"{""executor"": ""python"", ""formula"": ""difference"", ""numeric_answer"": 1.106358639394962}",1.106358639394962,6,1.0,0,0,0
10622,06ce6d6082dafbdc51d5a11a14e855d8f41b5dd3b0668fe4a0d6139c6ee80978,bar,numerical,direct,What is the estimated sales margin for 2023 based on the chart?,success,,"[""2023e""]",[],"[{""bar_id"": ""bar_01"", ""bbox"": [336, 84, 59, 247]}]","[{""bbox"": [31.0, 21.0, 60.0, 39.0], ""confidence"": 0.9999933927534448, ""pixel_y"": 30.0, ""text"": ""950"", ""value"": 950.0}, {""bbox"": [31.0, 53.0, 61.0, 74.0], ""confidence"": 0.999538401543816, ""pixel_y"": 63.5, ""text"": ""900"", ""value"": 900.0}, {""bbox"": [31.0, 85.0, 61.0, 106.0], ""confidence"": 0.9999762552349516, ""pixel_y"": 95.5, ""text"": ""850"", ""value"": 850.0}, {""bbox"": [31.0, 120.0, 60.0, 140.0], ""confidence"": 0.9992238950235979, ""pixel_y"": 130.0, ""text"": ""800"", ""value"": 800.0}, {""bbox"": [31.0, 152.0, 61.0, 173.0], ""confidence"": 0.9999527858457565, ""pixel_y"": 162.5, ""text"": ""750"", ""value"": 750.0}, {""bbox"": [31.0, 186.0, 61.0, 205.0], ""confidence"": 0.9985677408631771, ""pixel_y"": 195.5, ""text"": ""700"", ""value"": 700.0}, {""bbox"": [31.0, 253.0, 60.0, 273.0], ""confidence"": 0.7995048206918957, ""pixel_y"": 263.0, ""text"": ""600"", ""value"": 600.0}, {""bbox"": [31.0, 285.0, 61.0, 306.0], ""confidence"": 0.9998728803555608, ""pixel_y"": 295.5, ""text"": ""550"", ""value"": 550.0}, {""bbox"": [31.0, 320.0, 60.0, 338.0], ""confidence"": 0.9601805146943017, ""pixel_y"": 329.0, ""text"": ""500"", ""value"": 500.0}]",[868.4946385653542],868.4946385653542,"{""executor"": ""python"", ""formula"": ""direct"", ""numeric_answer"": 868.4946385653542}",868.4946385653542,820,10.0,0,0,0
10849,3eeef9f9f378035b4f51d320844dbbdd252ae3a6e461658d76be80d3d2494736,line,single_choice,direct,What is the approximate P/E ratio in March 2020?,ambiguous_series,x_grounding_or_line_fit,[],[],[],[],[],,{},,A,,0,1,1
10986,31d567ef592511119f4873cba0d38083185eff51af65331154244078cc03e581,line,single_choice,direct,What was the closing price of The Ramco Cement around July 2023?,x_grounding_unrecoverable,x_grounding_or_line_fit,[],[],[],[],[],,{},,D,,0,0,0
10993,df8fd66d302df6cbcc861461e31b161d22f139dfbb49b06136db3672347b51e1,line,single_choice,direct,What was the diagnostic revenue in INR Mn in the year 2023?,success,,"[""2023""]","[""2023""]","[{""both_sides"": 1, ""chart_type"": ""line"", ""fit_mode"": ""two_sided_piecewise_robust"", ""fitted_segments"": [{""inlier_count"": 75, ""median_residual"": 5.684341886080802e-14, ""side"": ""all"", ""slope"": -3.031918521757376e-16, ""target_y"": 288.99999999999994, ""x_max"": 479.0, ""x_min"": 405.0}, {""inlier_count"": 38, ""median_residual"": 5.684341886080802e-14, ""side"": ""left"", ""slope"": -3.0983584478513113e-15, ""target_y"": 288.99999999999994, ""x_max"": 442.0, ""x_min"": 405.0}, {""inlier_count"": 38, ""median_residual"": 5.684341886080802e-14, ""side"": ""right"", ""slope"": -3.762090021715837e-15, ""target_y"": 289.0, ""x_max"": 479.0, ""x_min"": 442.0}], ""local_columns"": 75, ""local_fit_residual_pixels"": 5.684341886080802e-14, ""method"": ""auto_x_local_line_fit"", ""point"": [442.0, 289.0], ""score"": 0.9999999999999432, ""search_window"": [405.0, 479.0], ""target_x"": 442.0, ""target_y"": 289.0, ""window_half_width"": 36.48}]","[{""bbox"": [28.0, 22.0, 74.0, 48.0], ""confidence"": 0.7529418468475342, ""pixel_y"": 35.0, ""text"": ""250"", ""value"": 250.0}, {""bbox"": [28.0, 106.0, 74.0, 134.0], ""confidence"": 0.9999262194121389, ""pixel_y"": 120.0, ""text"": ""200"", ""value"": 200.0}, {""bbox"": [28.0, 191.0, 74.0, 218.0], ""confidence"": 0.9999942186589443, ""pixel_y"": 204.5, ""text"": ""150"", ""value"": 150.0}, {""bbox"": [30.0, 276.0, 74.0, 302.0], ""confidence"": 0.9999039890235187, ""pixel_y"": 289.0, ""text"": ""100"", ""value"": 100.0}, {""bbox"": [41.0, 361.0, 74.0, 387.0], ""confidence"": 0.9999391404931851, ""pixel_y"": 374.0, ""text"": ""50"", ""value"": 50.0}]",[100.11813328501131],100.11813328501131,"{""executor"": ""python"", ""formula"": ""direct"", ""numeric_answer"": 100.11813328501131, ""option_values"": [[""A"", 1200.0, ""1200""], [""B"", 1500.0, ""1500""], [""C"", 1800.0, ""1800""], [""D"", 2000.0, ""2000""]], ""selected_option"": ""A""}",A,A,,1,0,1
11059,36121da8d9cf455d1566bd7caf9f1ab66a5030b57060a73b61271bdf5040a593,bar,single_choice,direct,What is the propane price in 1QFY25 according to the chart?,direct_data_value_or_numeric_annotation_present,bar_chart_analysis,[],[],[],[],[],,{},,C,,0,1,1
