sample_id,chart_id,representative_sample_id,chart_type,source_image_path,masked_image_path,debug_overlay_path,masked_label_text,pseudo_gold,label_ocr_confidence,crop_confirm_text,crop_confirm_confidence,label_bbox,mask_pixel_count,tick_values,tick_pixel_y,tick_details,axis_slope,axis_intercept,axis_r_squared,axis_max_residual_pixels,axis_tick_step,axis_span,plot_bbox,bar_bbox,line_point,target_x,target_y,geometry_score,raw_geometry_value,absolute_error,relative_error,axis_normalized_error,finmme_numerical_sample_ids,finmme_numerical_gold,finmme_numerical_unit,finmme_numerical_tolerance,geometry_gold_access
fgmvp_0000,4e7ce11fec61c5286c550fd7d939fd3ab7d2fcc2e1d6164cde0df759006cc890,1110,bar,/data/liu_jun/finmme_reproduction/outputs/cache/phase2c_official_jpeg/1110.jpg,phase6_geometry_scale/masked_images/fgmvp_0000.png,phase6_geometry_scale/debug_overlays/fgmvp_0000.png,100,100.0,0.9918500848972361,100,0.86356520652771,"[74.0,2.0,101.0,18.0]",510,"[100.0,90.0,80.0,70.0,60.0,50.0,40.0,30.0,20.0,10.0,0.0]","[28.0,46.0,65.0,86.0,104.0,122.5,141.0,161.5,179.0,198.0,218.5]","[{""value"":100.0,""pixel_y"":28.0,""text"":""100"",""confidence"":0.9977358465892231,""bbox"":[29.0,19.0,55.0,37.0]},{""value"":90.0,""pixel_y"":46.0,""text"":""90"",""confidence"":0.9986217392346564,""bbox"":[35.0,37.0,55.0,55.0]},{""value"":80.0,""pixel_y"":65.0,""text"":""80"",""confidence"":0.8818507822190675,""bbox"":[35.0,56.0,55.0,74.0]},{""value"":70.0,""pixel_y"":86.0,""text"":""70"",""confidence"":0.9972744409661424,""bbox"":[34.0,74.0,58.0,98.0]},{""value"":60.0,""pixel_y"":104.0,""text"":""60"",""confidence"":0.9968791054779683,""bbox"":[35.0,95.0,55.0,113.0]},{""value"":50.0,""pixel_y"":122.5,""text"":""50"",""confidence"":0.9824086427290843,""bbox"":[35.0,112.0,57.0,133.0]},{""value"":40.0,""pixel_y"":141.0,""text"":""40"",""confidence"":0.9999805282115137,""bbox"":[35.0,131.0,55.0,151.0]},{""value"":30.0,""pixel_y"":161.5,""text"":""30"",""confidence"":0.9998091644037069,""bbox"":[35.0,151.0,57.0,172.0]},{""value"":20.0,""pixel_y"":179.0,""text"":""20"",""confidence"":0.997350835114053,""bbox"":[35.0,170.0,55.0,188.0]},{""value"":10.0,""pixel_y"":198.0,""text"":""10"",""confidence"":0.9186792354243083,""bbox"":[35.0,189.0,55.0,207.0]},{""value"":0.0,""pixel_y"":218.5,""text"":""0"",""confidence"":0.9999485022499357,""bbox"":[43.0,211.0,55.0,226.0]}]",-0.5261152967070176,114.54478117328357,0.9998582070600186,1.332662912309125,10.0,111.07609201726909,"[64.624,17.6875,543.72,228.8125]","[65,30,47,188]",null,88.5,30.0,3.0259656670845336,98.76132227207304,1.2386777279269552,0.012386777279269552,0.011151614226168283,10782,35,percentage,3.0,False
fgmvp_0001,63534e777ffe73a3e8737b25bf41765f8ca458ca43c2ce783eed06d15215c4fc,10,line,/data/liu_jun/finmme_reproduction/outputs/cache/phase2c_official_jpeg/10.jpg,phase6_geometry_scale/masked_images/fgmvp_0001.png,phase6_geometry_scale/debug_overlays/fgmvp_0001.png,47.0,47.0,0.9998009204864502,47.0,0.9995995759963989,"[934.0,337.0,995.0,374.0]",2560,"[90.0,80.0,70.0,60.0,50.0,40.0,30.0,20.0,10.0,0.0]","[103.5,158.0,211.5,266.5,320.5,374.0,428.5,482.5,536.5,590.0]","[{""value"":90.0,""pixel_y"":103.5,""text"":""90.0"",""confidence"":0.9993299841880798,""bbox"":[26.0,87.0,86.0,120.0]},{""value"":80.0,""pixel_y"":158.0,""text"":""80.0"",""confidence"":0.986212432384491,""bbox"":[26.0,142.0,85.0,174.0]},{""value"":70.0,""pixel_y"":211.5,""text"":""70.0"",""confidence"":0.9959288239479065,""bbox"":[27.0,193.0,87.0,230.0]},{""value"":60.0,""pixel_y"":266.5,""text"":""60.0"",""confidence"":0.9991552823124689,""bbox"":[28.0,250.0,85.0,283.0]},{""value"":50.0,""pixel_y"":320.5,""text"":""50.0"",""confidence"":0.9997486472129822,""bbox"":[28.0,305.0,86.0,336.0]},{""value"":40.0,""pixel_y"":374.0,""text"":""40.0"",""confidence"":0.9993818402290344,""bbox"":[28.0,358.0,85.0,390.0]},{""value"":30.0,""pixel_y"":428.5,""text"":""30.0"",""confidence"":0.9989003539085388,""bbox"":[26.0,412.0,85.0,445.0]},{""value"":20.0,""pixel_y"":482.5,""text"":""20.0"",""confidence"":0.9994519880711785,""bbox"":[28.0,466.0,85.0,499.0]},{""value"":10.0,""pixel_y"":536.5,""text"":""10.0"",""confidence"":0.9981651902198792,""bbox"":[28.0,521.0,85.0,552.0]},{""value"":0.0,""pixel_y"":590.0,""text"":""0.0"",""confidence"":0.9993695160877768,""bbox"":[41.0,574.0,85.0,606.0]}]",-0.18492494347846045,109.19669412854755,0.99999564132519,0.4919697394228682,10.0,100.95052664489157,"[99.288,73.8,1008.64,619.7]",null,"[964.5,333.97511721903624]",964.5,333.97511721903624,2.6487097381538844,47.43636445360507,0.4363644536050728,0.009284350076703677,0.004322557475505298,8508,62.5,percentage,5.0,False
fgmvp_0002,63534e777ffe73a3e8737b25bf41765f8ca458ca43c2ce783eed06d15215c4fc,10,line,/data/liu_jun/finmme_reproduction/outputs/cache/phase2c_official_jpeg/10.jpg,phase6_geometry_scale/masked_images/fgmvp_0002.png,phase6_geometry_scale/debug_overlays/fgmvp_0002.png,78.0,78.0,0.9891069531440735,(78.0,0.4634155321597484,"[103.0,169.0,160.0,202.0]",2160,"[90.0,80.0,70.0,60.0,50.0,40.0,30.0,20.0,10.0,0.0]","[103.5,158.0,211.5,266.5,320.5,374.0,428.5,482.5,536.5,590.0]","[{""value"":90.0,""pixel_y"":103.5,""text"":""90.0"",""confidence"":0.9993299841880798,""bbox"":[26.0,87.0,86.0,120.0]},{""value"":80.0,""pixel_y"":158.0,""text"":""80.0"",""confidence"":0.986212432384491,""bbox"":[26.0,142.0,85.0,174.0]},{""value"":70.0,""pixel_y"":211.5,""text"":""70.0"",""confidence"":0.9959288239479065,""bbox"":[27.0,193.0,87.0,230.0]},{""value"":60.0,""pixel_y"":266.5,""text"":""60.0"",""confidence"":0.9991552823124689,""bbox"":[28.0,250.0,85.0,283.0]},{""value"":50.0,""pixel_y"":320.5,""text"":""50.0"",""confidence"":0.9997486472129822,""bbox"":[28.0,305.0,86.0,336.0]},{""value"":40.0,""pixel_y"":374.0,""text"":""40.0"",""confidence"":0.9993818402290344,""bbox"":[28.0,358.0,85.0,390.0]},{""value"":30.0,""pixel_y"":428.5,""text"":""30.0"",""confidence"":0.9989003539085388,""bbox"":[26.0,412.0,85.0,445.0]},{""value"":20.0,""pixel_y"":482.5,""text"":""20.0"",""confidence"":0.9994519880711785,""bbox"":[28.0,466.0,85.0,499.0]},{""value"":10.0,""pixel_y"":536.5,""text"":""10.0"",""confidence"":0.9981651902198792,""bbox"":[28.0,521.0,85.0,552.0]},{""value"":0.0,""pixel_y"":590.0,""text"":""0.0"",""confidence"":0.9993695160877768,""bbox"":[41.0,574.0,85.0,606.0]}]",-0.18492494347846045,109.19669412854755,0.99999564132519,0.4919697394228682,10.0,100.95052664489157,"[99.288,73.8,1008.64,619.7]",null,"[131.5,162.84579556087115]",131.5,162.84579556087115,2.6267412270576482,79.08244458874853,1.0824445887485297,0.013877494727545252,0.010722525426303014,8508,62.5,percentage,5.0,False
fgmvp_0003,eb74e3a162cd33b6bdf70ffb71ec3d75a753eb4abe6450a1408314f6ce4ecd3d,6208,bar,/data/liu_jun/finmme_reproduction/outputs/cache/phase2c_official_jpeg/6208.jpg,phase6_geometry_scale/masked_images/fgmvp_0003.png,phase6_geometry_scale/debug_overlays/fgmvp_0003.png,14.9,14.9,0.99958735704422,14.9,0.6247185804726039,"[902.0,93.0,961.0,129.0]",2418,"[16.0,14.0,12.0,10.0,8.0,6.0,4.0,2.0,0.0]","[110.0,165.5,220.5,276.5,331.5,386.0,441.0,496.5,550.5]","[{""value"":16.0,""pixel_y"":110.0,""text"":""16"",""confidence"":0.9999973026027609,""bbox"":[25.0,94.0,61.0,126.0]},{""value"":14.0,""pixel_y"":165.5,""text"":""14"",""confidence"":0.9999954481433951,""bbox"":[23.0,150.0,61.0,181.0]},{""value"":12.0,""pixel_y"":220.5,""text"":""12"",""confidence"":0.9999911491732849,""bbox"":[25.0,204.0,61.0,237.0]},{""value"":10.0,""pixel_y"":276.5,""text"":""10"",""confidence"":0.9995688206019624,""bbox"":[25.0,260.0,59.0,293.0]},{""value"":8.0,""pixel_y"":331.5,""text"":""8"",""confidence"":1.0,""bbox"":[39.0,317.0,60.0,346.0]},{""value"":6.0,""pixel_y"":386.0,""text"":""6"",""confidence"":0.9999969005608733,""bbox"":[39.0,371.0,60.0,401.0]},{""value"":4.0,""pixel_y"":441.0,""text"":""4"",""confidence"":0.9999976158156301,""bbox"":[39.0,427.0,60.0,455.0]},{""value"":2.0,""pixel_y"":496.5,""text"":""2"",""confidence"":0.5482494514991741,""bbox"":[39.0,482.0,60.0,511.0]},{""value"":0.0,""pixel_y"":550.5,""text"":""0"",""confidence"":0.999998569489037,""bbox"":[37.0,536.0,58.0,565.0]}]",-0.036302755425446455,20.01217840633105,0.9999896504901107,0.7578362661554771,2.0,18.187680468148674,"[73.288,79.75,1008.64,580.75]","[911,141,40,410]",null,931.0,141.0,2.988432494237346,14.8934898913431,0.006510108656900826,0.0004369200440873037,0.000357940566874468,7064,9.4,percentage,2.0,False
fgmvp_0004,eb74e3a162cd33b6bdf70ffb71ec3d75a753eb4abe6450a1408314f6ce4ecd3d,6208,bar,/data/liu_jun/finmme_reproduction/outputs/cache/phase2c_official_jpeg/6208.jpg,phase6_geometry_scale/masked_images/fgmvp_0004.png,phase6_geometry_scale/debug_overlays/fgmvp_0004.png,5.8,5.8,0.9993335922907693,5.8,0.998942983782495,"[103.0,346.0,149.0,379.0]",1764,"[16.0,14.0,12.0,10.0,8.0,6.0,4.0,2.0,0.0]","[110.0,165.5,220.5,276.5,331.5,386.0,441.0,496.5,550.5]","[{""value"":16.0,""pixel_y"":110.0,""text"":""16"",""confidence"":0.9999973026027609,""bbox"":[25.0,94.0,61.0,126.0]},{""value"":14.0,""pixel_y"":165.5,""text"":""14"",""confidence"":0.9999954481433951,""bbox"":[23.0,150.0,61.0,181.0]},{""value"":12.0,""pixel_y"":220.5,""text"":""12"",""confidence"":0.9999911491732849,""bbox"":[25.0,204.0,61.0,237.0]},{""value"":10.0,""pixel_y"":276.5,""text"":""10"",""confidence"":0.9995688206019624,""bbox"":[25.0,260.0,59.0,293.0]},{""value"":8.0,""pixel_y"":331.5,""text"":""8"",""confidence"":1.0,""bbox"":[39.0,317.0,60.0,346.0]},{""value"":6.0,""pixel_y"":386.0,""text"":""6"",""confidence"":0.9999969005608733,""bbox"":[39.0,371.0,60.0,401.0]},{""value"":4.0,""pixel_y"":441.0,""text"":""4"",""confidence"":0.9999976158156301,""bbox"":[39.0,427.0,60.0,455.0]},{""value"":2.0,""pixel_y"":496.5,""text"":""2"",""confidence"":0.5482494514991741,""bbox"":[39.0,482.0,60.0,511.0]},{""value"":0.0,""pixel_y"":550.5,""text"":""0"",""confidence"":0.999998569489037,""bbox"":[37.0,536.0,58.0,565.0]}]",-0.036302755425446455,20.01217840633105,0.9999896504901107,0.7578362661554771,2.0,18.187680468148674,"[73.288,79.75,1008.64,580.75]","[107,392,40,159]",null,127.0,392.0,2.4682154780944687,5.78149827955604,0.018501720443960146,0.003189951800682784,0.001017266631463063,7064,9.4,percentage,2.0,False
fgmvp_0005,2d3031df1d40645906510aa74552eb3edbdf9ab97e47dd0b2a35467b375d5784,4829,bar,/data/liu_jun/finmme_reproduction/outputs/cache/phase2c_official_jpeg/4829.jpg,phase6_geometry_scale/masked_images/fgmvp_0005.png,phase6_geometry_scale/debug_overlays/fgmvp_0005.png,0.28,0.28,0.9999845027923584,0.28,0.9999815821647644,"[899.0,40.0,972.0,78.0]",3116,"[0.3,0.25,0.2,0.15,0.1,0.05,0.0]","[51.0,139.0,225.0,312.5,400.5,488.0,575.0]","[{""value"":0.3,""pixel_y"":51.0,""text"":""0.30"",""confidence"":0.9157437413100659,""bbox"":[30.0,32.0,105.0,70.0]},{""value"":0.25,""pixel_y"":139.0,""text"":""0.25"",""confidence"":0.9937740635362127,""bbox"":[29.0,120.0,105.0,158.0]},{""value"":0.2,""pixel_y"":225.0,""text"":""0.20"",""confidence"":0.8789620340564981,""bbox"":[29.0,206.0,105.0,244.0]},{""value"":0.15,""pixel_y"":312.5,""text"":""0.15"",""confidence"":0.9999862313270569,""bbox"":[29.0,293.0,105.0,332.0]},{""value"":0.1,""pixel_y"":400.5,""text"":""0.10"",""confidence"":0.9999958872795105,""bbox"":[29.0,382.0,105.0,419.0]},{""value"":0.05,""pixel_y"":488.0,""text"":""0.05"",""confidence"":0.9999869465827942,""bbox"":[30.0,469.0,105.0,507.0]},{""value"":0.0,""pixel_y"":575.0,""text"":""0.00"",""confidence"":0.9932124614715576,""bbox"":[29.0,557.0,105.0,593.0]}]",-0.0005724766432806858,0.32918518934685453,0.9999940222449405,0.6796156205276384,0.049999999999999996,0.3499578344206996,"[117.288,11.82,1008.64,623.125]","[923,91,23,485]",null,934.5,91.0,2.957669521557962,0.27708981480831213,0.0029101851916878974,0.01039351854174249,0.008315816665471293,10224,0.22,million,0.009999999776482582,False
fgmvp_0006,ce8bb0ba270a7a51320b183e8628563b88c2cadab27076c9bb68a841b03bd7ad,1356,line,/data/liu_jun/finmme_reproduction/outputs/cache/phase2c_official_jpeg/1356.jpg,phase6_geometry_scale/masked_images/fgmvp_0006.png,phase6_geometry_scale/debug_overlays/fgmvp_0006.png,4.4,4.4,0.9798425942224451,4.4,0.8819810141113185,"[202.0,279.0,240.0,304.0]",1107,"[12.0,10.0,8.0,6.0,4.0,2.0]","[33.0,108.5,183.5,258.0,333.5,407.5]","[{""value"":12.0,""pixel_y"":33.0,""text"":""12.0"",""confidence"":0.9998171329498291,""bbox"":[26.0,20.0,75.0,46.0]},{""value"":10.0,""pixel_y"":108.5,""text"":""10.0"",""confidence"":0.9844072808615038,""bbox"":[26.0,95.0,75.0,122.0]},{""value"":8.0,""pixel_y"":183.5,""text"":""8.0"",""confidence"":0.9997315853165792,""bbox"":[38.0,170.0,75.0,197.0]},{""value"":6.0,""pixel_y"":258.0,""text"":""6.0"",""confidence"":0.9999262882369743,""bbox"":[38.0,246.0,75.0,270.0]},{""value"":4.0,""pixel_y"":333.5,""text"":""4.0"",""confidence"":0.9994380608241118,""bbox"":[38.0,321.0,75.0,346.0]},{""value"":2.0,""pixel_y"":407.5,""text"":""2.0"",""confidence"":0.6277324557304382,""bbox"":[38.0,394.0,75.0,421.0]}]",-0.02669698615259299,12.891134944338852,0.9999928241728404,0.4610983981693491,2.0,11.744404663317944,"[87.288,8.834999999999999,1008.64,448.75]",null,"[221.0,315.5927410001177]",221.0,315.5927410001177,2.4938835719945356,4.465759907999843,0.06575990799984233,0.0149454336363278,0.00559925427341877,1356,5.9,USD,1.0,False
fgmvp_0007,ce8bb0ba270a7a51320b183e8628563b88c2cadab27076c9bb68a841b03bd7ad,1356,line,/data/liu_jun/finmme_reproduction/outputs/cache/phase2c_official_jpeg/1356.jpg,phase6_geometry_scale/masked_images/fgmvp_0007.png,phase6_geometry_scale/debug_overlays/fgmvp_0007.png,3.8,3.8,0.9858880043029785,3.8,0.661651074886322,"[151.0,300.0,192.0,326.0]",1276,"[12.0,10.0,8.0,6.0,4.0,2.0]","[33.0,108.5,183.5,258.0,333.5,407.5]","[{""value"":12.0,""pixel_y"":33.0,""text"":""12.0"",""confidence"":0.9998171329498291,""bbox"":[26.0,20.0,75.0,46.0]},{""value"":10.0,""pixel_y"":108.5,""text"":""10.0"",""confidence"":0.9844072808615038,""bbox"":[26.0,95.0,75.0,122.0]},{""value"":8.0,""pixel_y"":183.5,""text"":""8.0"",""confidence"":0.9997315853165792,""bbox"":[38.0,170.0,75.0,197.0]},{""value"":6.0,""pixel_y"":258.0,""text"":""6.0"",""confidence"":0.9999262882369743,""bbox"":[38.0,246.0,75.0,270.0]},{""value"":4.0,""pixel_y"":333.5,""text"":""4.0"",""confidence"":0.9994380608241118,""bbox"":[38.0,321.0,75.0,346.0]},{""value"":2.0,""pixel_y"":407.5,""text"":""2.0"",""confidence"":0.6277324557304382,""bbox"":[38.0,394.0,75.0,421.0]}]",-0.02669698615259299,12.891134944338852,0.9999928241728404,0.4610983981693491,2.0,11.744404663317944,"[87.288,8.834999999999999,1008.64,448.75]",null,"[171.5,337.79861921828285]",171.5,337.79861921828285,2.462975340864212,3.872929884703323,0.07292988470332329,0.019192074921927184,0.006209755776817696,1356,5.9,USD,1.0,False
fgmvp_0008,ce8bb0ba270a7a51320b183e8628563b88c2cadab27076c9bb68a841b03bd7ad,1356,line,/data/liu_jun/finmme_reproduction/outputs/cache/phase2c_official_jpeg/1356.jpg,phase6_geometry_scale/masked_images/fgmvp_0008.png,phase6_geometry_scale/debug_overlays/fgmvp_0008.png,10.2,10.2,0.9999736547470093,10.2,0.9999803900718689,"[938.0,60.0,987.0,88.0]",1612,"[12.0,10.0,8.0,6.0,4.0,2.0]","[33.0,108.5,183.5,258.0,333.5,407.5]","[{""value"":12.0,""pixel_y"":33.0,""text"":""12.0"",""confidence"":0.9998171329498291,""bbox"":[26.0,20.0,75.0,46.0]},{""value"":10.0,""pixel_y"":108.5,""text"":""10.0"",""confidence"":0.9844072808615038,""bbox"":[26.0,95.0,75.0,122.0]},{""value"":8.0,""pixel_y"":183.5,""text"":""8.0"",""confidence"":0.9997315853165792,""bbox"":[38.0,170.0,75.0,197.0]},{""value"":6.0,""pixel_y"":258.0,""text"":""6.0"",""confidence"":0.9999262882369743,""bbox"":[38.0,246.0,75.0,270.0]},{""value"":4.0,""pixel_y"":333.5,""text"":""4.0"",""confidence"":0.9994380608241118,""bbox"":[38.0,321.0,75.0,346.0]},{""value"":2.0,""pixel_y"":407.5,""text"":""2.0"",""confidence"":0.6277324557304382,""bbox"":[38.0,394.0,75.0,421.0]}]",-0.02669698615259299,12.891134944338852,0.9999928241728404,0.4610983981693491,2.0,11.744404663317944,"[87.288,8.834999999999999,1008.64,448.75]",null,"[962.5,100.60982306415437]",962.5,100.60982306415437,1.7222935338101573,10.205155891180292,0.005155891180292471,0.0005054795274796541,0.0004390083046436741,1356,5.9,USD,1.0,False
fgmvp_0009,85d858a9afe8d0632f51fdff401cee14790005b5c45c7708841553a6fca9dadc,3990,bar,/data/liu_jun/finmme_reproduction/outputs/cache/phase2c_official_jpeg/3990.jpg,phase6_geometry_scale/masked_images/fgmvp_0009.png,phase6_geometry_scale/debug_overlays/fgmvp_0009.png,8.0,8.0,0.9998266305402442,8.0,0.9996732924293015,"[113.0,118.0,155.0,150.0]",1575,"[9.0,8.0,7.0,6.0,5.0,4.0,3.0,2.0,1.0,0.0]","[111.0,161.5,210.5,261.0,311.5,361.5,410.5,460.5,510.0,561.5]","[{""value"":9.0,""pixel_y"":111.0,""text"":""9.0"",""confidence"":0.9999309683272695,""bbox"":[22.0,93.0,70.0,129.0]},{""value"":8.0,""pixel_y"":161.5,""text"":""8.0"",""confidence"":0.9999739151752387,""bbox"":[23.0,145.0,69.0,178.0]},{""value"":7.0,""pixel_y"":210.5,""text"":""7.0"",""confidence"":0.9777111411094666,""bbox"":[23.0,194.0,69.0,227.0]},{""value"":6.0,""pixel_y"":261.0,""text"":""6.0"",""confidence"":0.9998801069150949,""bbox"":[22.0,243.0,70.0,279.0]},{""value"":5.0,""pixel_y"":311.5,""text"":""5.0"",""confidence"":0.9988381092952228,""bbox"":[23.0,295.0,69.0,328.0]},{""value"":4.0,""pixel_y"":361.5,""text"":""4.0"",""confidence"":0.6682629584672765,""bbox"":[23.0,345.0,69.0,378.0]},{""value"":3.0,""pixel_y"":410.5,""text"":""3.0"",""confidence"":0.999184462209486,""bbox"":[23.0,394.0,69.0,427.0]},{""value"":2.0,""pixel_y"":460.5,""text"":""2.0"",""confidence"":0.5120682120323181,""bbox"":[23.0,444.0,69.0,477.0]},{""value"":1.0,""pixel_y"":510.0,""text"":""1.0"",""confidence"":0.9968841629460509,""bbox"":[25.0,494.0,69.0,526.0]},{""value"":0.0,""pixel_y"":561.5,""text"":""0.0"",""confidence"":0.9469742178916931,""bbox"":[23.0,545.0,69.0,578.0]}]",-0.020017949974918365,11.22503029407382,0.9999875919288765,0.7930785562630327,1.0,10.119073712321233,"[82.288,83.5,1008.64,589.0]","[115,164,38,396]",null,134.0,164.0,2.9378921460518823,7.942086498187209,0.057913501812791424,0.007239187726598928,0.005723201891718065,8858,36.9,percentage,3.0,False
fgmvp_0010,85d858a9afe8d0632f51fdff401cee14790005b5c45c7708841553a6fca9dadc,3990,bar,/data/liu_jun/finmme_reproduction/outputs/cache/phase2c_official_jpeg/3990.jpg,phase6_geometry_scale/masked_images/fgmvp_0010.png,phase6_geometry_scale/debug_overlays/fgmvp_0010.png,8.0,8.0,0.9993582296654802,8.0,0.9998716415174861,"[410.0,118.0,453.0,149.0]",1564,"[9.0,8.0,7.0,6.0,5.0,4.0,3.0,2.0,1.0,0.0]","[111.0,161.5,210.5,261.0,311.5,361.5,410.5,460.5,510.0,561.5]","[{""value"":9.0,""pixel_y"":111.0,""text"":""9.0"",""confidence"":0.9999309683272695,""bbox"":[22.0,93.0,70.0,129.0]},{""value"":8.0,""pixel_y"":161.5,""text"":""8.0"",""confidence"":0.9999739151752387,""bbox"":[23.0,145.0,69.0,178.0]},{""value"":7.0,""pixel_y"":210.5,""text"":""7.0"",""confidence"":0.9777111411094666,""bbox"":[23.0,194.0,69.0,227.0]},{""value"":6.0,""pixel_y"":261.0,""text"":""6.0"",""confidence"":0.9998801069150949,""bbox"":[22.0,243.0,70.0,279.0]},{""value"":5.0,""pixel_y"":311.5,""text"":""5.0"",""confidence"":0.9988381092952228,""bbox"":[23.0,295.0,69.0,328.0]},{""value"":4.0,""pixel_y"":361.5,""text"":""4.0"",""confidence"":0.6682629584672765,""bbox"":[23.0,345.0,69.0,378.0]},{""value"":3.0,""pixel_y"":410.5,""text"":""3.0"",""confidence"":0.999184462209486,""bbox"":[23.0,394.0,69.0,427.0]},{""value"":2.0,""pixel_y"":460.5,""text"":""2.0"",""confidence"":0.5120682120323181,""bbox"":[23.0,444.0,69.0,477.0]},{""value"":1.0,""pixel_y"":510.0,""text"":""1.0"",""confidence"":0.9968841629460509,""bbox"":[25.0,494.0,69.0,526.0]},{""value"":0.0,""pixel_y"":561.5,""text"":""0.0"",""confidence"":0.9469742178916931,""bbox"":[23.0,545.0,69.0,578.0]}]",-0.020017949974918365,11.22503029407382,0.9999875919288765,0.7930785562630327,1.0,10.119073712321233,"[82.288,83.5,1008.64,589.0]","[414,165,38,394]",null,433.0,165.0,2.9296541958487636,7.922068548212289,0.07793145178771077,0.009741431473463846,0.007701441258681565,8858,36.9,percentage,3.0,False
fgmvp_0011,85d858a9afe8d0632f51fdff401cee14790005b5c45c7708841553a6fca9dadc,3990,bar,/data/liu_jun/finmme_reproduction/outputs/cache/phase2c_official_jpeg/3990.jpg,phase6_geometry_scale/masked_images/fgmvp_0011.png,phase6_geometry_scale/debug_overlays/fgmvp_0011.png,6.4,6.4,0.9987178220015739,6.4,0.836094319820404,"[309.0,195.0,356.0,231.0]",1950,"[9.0,8.0,7.0,6.0,5.0,4.0,3.0,2.0,1.0,0.0]","[111.0,161.5,210.5,261.0,311.5,361.5,410.5,460.5,510.0,561.5]","[{""value"":9.0,""pixel_y"":111.0,""text"":""9.0"",""confidence"":0.9999309683272695,""bbox"":[22.0,93.0,70.0,129.0]},{""value"":8.0,""pixel_y"":161.5,""text"":""8.0"",""confidence"":0.9999739151752387,""bbox"":[23.0,145.0,69.0,178.0]},{""value"":7.0,""pixel_y"":210.5,""text"":""7.0"",""confidence"":0.9777111411094666,""bbox"":[23.0,194.0,69.0,227.0]},{""value"":6.0,""pixel_y"":261.0,""text"":""6.0"",""confidence"":0.9998801069150949,""bbox"":[22.0,243.0,70.0,279.0]},{""value"":5.0,""pixel_y"":311.5,""text"":""5.0"",""confidence"":0.9988381092952228,""bbox"":[23.0,295.0,69.0,328.0]},{""value"":4.0,""pixel_y"":361.5,""text"":""4.0"",""confidence"":0.6682629584672765,""bbox"":[23.0,345.0,69.0,378.0]},{""value"":3.0,""pixel_y"":410.5,""text"":""3.0"",""confidence"":0.999184462209486,""bbox"":[23.0,394.0,69.0,427.0]},{""value"":2.0,""pixel_y"":460.5,""text"":""2.0"",""confidence"":0.5120682120323181,""bbox"":[23.0,444.0,69.0,477.0]},{""value"":1.0,""pixel_y"":510.0,""text"":""1.0"",""confidence"":0.9968841629460509,""bbox"":[25.0,494.0,69.0,526.0]},{""value"":0.0,""pixel_y"":561.5,""text"":""0.0"",""confidence"":0.9469742178916931,""bbox"":[23.0,545.0,69.0,578.0]}]",-0.020017949974918365,11.22503029407382,0.9999875919288765,0.7930785562630327,1.0,10.119073712321233,"[82.288,83.5,1008.64,589.0]","[315,243,38,317]",null,334.0,243.0,2.7231545696200974,6.3606684501686575,0.039331549831342905,0.006145554661147329,0.0038868725487642055,8858,36.9,percentage,3.0,False
fgmvp_0012,85d858a9afe8d0632f51fdff401cee14790005b5c45c7708841553a6fca9dadc,3990,bar,/data/liu_jun/finmme_reproduction/outputs/cache/phase2c_official_jpeg/3990.jpg,phase6_geometry_scale/masked_images/fgmvp_0012.png,phase6_geometry_scale/debug_overlays/fgmvp_0012.png,3.0,3.0,0.9911094771297445,3.0,0.9989408504941056,"[907.0,363.0,955.0,399.0]",1989,"[9.0,8.0,7.0,6.0,5.0,4.0,3.0,2.0,1.0,0.0]","[111.0,161.5,210.5,261.0,311.5,361.5,410.5,460.5,510.0,561.5]","[{""value"":9.0,""pixel_y"":111.0,""text"":""9.0"",""confidence"":0.9999309683272695,""bbox"":[22.0,93.0,70.0,129.0]},{""value"":8.0,""pixel_y"":161.5,""text"":""8.0"",""confidence"":0.9999739151752387,""bbox"":[23.0,145.0,69.0,178.0]},{""value"":7.0,""pixel_y"":210.5,""text"":""7.0"",""confidence"":0.9777111411094666,""bbox"":[23.0,194.0,69.0,227.0]},{""value"":6.0,""pixel_y"":261.0,""text"":""6.0"",""confidence"":0.9998801069150949,""bbox"":[22.0,243.0,70.0,279.0]},{""value"":5.0,""pixel_y"":311.5,""text"":""5.0"",""confidence"":0.9988381092952228,""bbox"":[23.0,295.0,69.0,328.0]},{""value"":4.0,""pixel_y"":361.5,""text"":""4.0"",""confidence"":0.6682629584672765,""bbox"":[23.0,345.0,69.0,378.0]},{""value"":3.0,""pixel_y"":410.5,""text"":""3.0"",""confidence"":0.999184462209486,""bbox"":[23.0,394.0,69.0,427.0]},{""value"":2.0,""pixel_y"":460.5,""text"":""2.0"",""confidence"":0.5120682120323181,""bbox"":[23.0,444.0,69.0,477.0]},{""value"":1.0,""pixel_y"":510.0,""text"":""1.0"",""confidence"":0.9968841629460509,""bbox"":[25.0,494.0,69.0,526.0]},{""value"":0.0,""pixel_y"":561.5,""text"":""0.0"",""confidence"":0.9469742178916931,""bbox"":[23.0,545.0,69.0,578.0]}]",-0.020017949974918365,11.22503029407382,0.9999875919288765,0.7930785562630327,1.0,10.119073712321233,"[82.288,83.5,1008.64,589.0]","[913,413,37,147]",null,931.5,413.0,2.4419649982025886,2.9576169544325346,0.042383045567465416,0.014127681855821805,0.004188431349784395,8858,36.9,percentage,3.0,False
fgmvp_0013,85d858a9afe8d0632f51fdff401cee14790005b5c45c7708841553a6fca9dadc,3990,bar,/data/liu_jun/finmme_reproduction/outputs/cache/phase2c_official_jpeg/3990.jpg,phase6_geometry_scale/masked_images/fgmvp_0013.png,phase6_geometry_scale/debug_overlays/fgmvp_0013.png,4.0,4.0,0.8763073682785034,4.0,0.9855373299375606,"[810.0,316.0,853.0,349.0]",1656,"[9.0,8.0,7.0,6.0,5.0,4.0,3.0,2.0,1.0,0.0]","[111.0,161.5,210.5,261.0,311.5,361.5,410.5,460.5,510.0,561.5]","[{""value"":9.0,""pixel_y"":111.0,""text"":""9.0"",""confidence"":0.9999309683272695,""bbox"":[22.0,93.0,70.0,129.0]},{""value"":8.0,""pixel_y"":161.5,""text"":""8.0"",""confidence"":0.9999739151752387,""bbox"":[23.0,145.0,69.0,178.0]},{""value"":7.0,""pixel_y"":210.5,""text"":""7.0"",""confidence"":0.9777111411094666,""bbox"":[23.0,194.0,69.0,227.0]},{""value"":6.0,""pixel_y"":261.0,""text"":""6.0"",""confidence"":0.9998801069150949,""bbox"":[22.0,243.0,70.0,279.0]},{""value"":5.0,""pixel_y"":311.5,""text"":""5.0"",""confidence"":0.9988381092952228,""bbox"":[23.0,295.0,69.0,328.0]},{""value"":4.0,""pixel_y"":361.5,""text"":""4.0"",""confidence"":0.6682629584672765,""bbox"":[23.0,345.0,69.0,378.0]},{""value"":3.0,""pixel_y"":410.5,""text"":""3.0"",""confidence"":0.999184462209486,""bbox"":[23.0,394.0,69.0,427.0]},{""value"":2.0,""pixel_y"":460.5,""text"":""2.0"",""confidence"":0.5120682120323181,""bbox"":[23.0,444.0,69.0,477.0]},{""value"":1.0,""pixel_y"":510.0,""text"":""1.0"",""confidence"":0.9968841629460509,""bbox"":[25.0,494.0,69.0,526.0]},{""value"":0.0,""pixel_y"":561.5,""text"":""0.0"",""confidence"":0.9469742178916931,""bbox"":[23.0,545.0,69.0,578.0]}]",-0.020017949974918365,11.22503029407382,0.9999875919288765,0.7930785562630327,1.0,10.119073712321233,"[82.288,83.5,1008.64,589.0]","[813,364,38,195]",null,832.0,364.0,2.541025378479809,3.9384965032035346,0.061503496796465384,0.015375874199116346,0.006077976951741859,8858,36.9,percentage,3.0,False
fgmvp_0014,85d858a9afe8d0632f51fdff401cee14790005b5c45c7708841553a6fca9dadc,3990,bar,/data/liu_jun/finmme_reproduction/outputs/cache/phase2c_official_jpeg/3990.jpg,phase6_geometry_scale/masked_images/fgmvp_0014.png,phase6_geometry_scale/debug_overlays/fgmvp_0014.png,3.5,3.5,0.8195140957832336,3.5,0.8388341069221497,"[509.0,339.0,558.0,375.0]",2028,"[9.0,8.0,7.0,6.0,5.0,4.0,3.0,2.0,1.0,0.0]","[111.0,161.5,210.5,261.0,311.5,361.5,410.5,460.5,510.0,561.5]","[{""value"":9.0,""pixel_y"":111.0,""text"":""9.0"",""confidence"":0.9999309683272695,""bbox"":[22.0,93.0,70.0,129.0]},{""value"":8.0,""pixel_y"":161.5,""text"":""8.0"",""confidence"":0.9999739151752387,""bbox"":[23.0,145.0,69.0,178.0]},{""value"":7.0,""pixel_y"":210.5,""text"":""7.0"",""confidence"":0.9777111411094666,""bbox"":[23.0,194.0,69.0,227.0]},{""value"":6.0,""pixel_y"":261.0,""text"":""6.0"",""confidence"":0.9998801069150949,""bbox"":[22.0,243.0,70.0,279.0]},{""value"":5.0,""pixel_y"":311.5,""text"":""5.0"",""confidence"":0.9988381092952228,""bbox"":[23.0,295.0,69.0,328.0]},{""value"":4.0,""pixel_y"":361.5,""text"":""4.0"",""confidence"":0.6682629584672765,""bbox"":[23.0,345.0,69.0,378.0]},{""value"":3.0,""pixel_y"":410.5,""text"":""3.0"",""confidence"":0.999184462209486,""bbox"":[23.0,394.0,69.0,427.0]},{""value"":2.0,""pixel_y"":460.5,""text"":""2.0"",""confidence"":0.5120682120323181,""bbox"":[23.0,444.0,69.0,477.0]},{""value"":1.0,""pixel_y"":510.0,""text"":""1.0"",""confidence"":0.9968841629460509,""bbox"":[25.0,494.0,69.0,526.0]},{""value"":0.0,""pixel_y"":561.5,""text"":""0.0"",""confidence"":0.9469742178916931,""bbox"":[23.0,545.0,69.0,578.0]}]",-0.020017949974918365,11.22503029407382,0.9999875919288765,0.7930785562630327,1.0,10.119073712321233,"[82.288,83.5,1008.64,589.0]","[514,389,38,171]",null,533.0,389.0,2.487150841746697,3.438047753830576,0.061952246169424185,0.017700641762692624,0.006122323834244789,8858,36.9,percentage,3.0,False
fgmvp_0015,0984f9f91153f4c634fe36acbd2e613ca604ad4dbdd5f14e90deb6fb1ca58447,1339,line,/data/liu_jun/finmme_reproduction/outputs/cache/phase2c_official_jpeg/1339.jpg,phase6_geometry_scale/masked_images/fgmvp_0015.png,phase6_geometry_scale/debug_overlays/fgmvp_0015.png,16%,16.0,0.9933697554786273,16%,0.9716522596842393,"[915.0,350.0,990.0,388.0]",3239,"[30.0,25.0,20.0,15.0,10.0,5.0]","[127.0,230.0,334.0,437.0,540.0,644.0]","[{""value"":30.0,""pixel_y"":127.0,""text"":""30%"",""confidence"":0.9760204196625382,""bbox"":[30.0,109.0,107.0,145.0]},{""value"":25.0,""pixel_y"":230.0,""text"":""25%"",""confidence"":0.9514399067425436,""bbox"":[30.0,211.0,107.0,249.0]},{""value"":20.0,""pixel_y"":334.0,""text"":""20%"",""confidence"":0.9832184022340836,""bbox"":[30.0,315.0,107.0,353.0]},{""value"":15.0,""pixel_y"":437.0,""text"":""15%"",""confidence"":0.9166778323584548,""bbox"":[32.0,417.0,107.0,457.0]},{""value"":10.0,""pixel_y"":540.0,""text"":""10%"",""confidence"":0.9930031825777187,""bbox"":[32.0,521.0,107.0,559.0]},{""value"":5.0,""pixel_y"":644.0,""text"":""5%"",""confidence"":0.7468226427467167,""bbox"":[48.0,625.0,107.0,663.0]}]",-0.04836915639627949,36.13824826469972,0.9999977590956525,0.39082365948078635,5.0,30.487079276574967,"[119.288,70.35,1008.64,700.65]",null,"[952.5,420.7175765911036]",952.5,420.7175765911036,2.0206696266120083,15.788494003900933,0.21150599609906706,0.013219124756191691,0.006937561784135212,6178,6,percentage,2.0,False
fgmvp_0016,e17a5d5583f5de76f80fa88399622762c910d6aa96de608586d6be1231155eaf,1928,bar,/data/liu_jun/finmme_reproduction/outputs/cache/phase2c_official_jpeg/1928.jpg,phase6_geometry_scale/masked_images/fgmvp_0016.png,phase6_geometry_scale/debug_overlays/fgmvp_0016.png,34%,34.0,0.9712375469115747,34%,0.9436308406122086,"[369.0,98.0,427.0,128.0]",2013,"[40.0,35.0,30.0,25.0,20.0,10.0,5.0,0.0]","[80.0,132.0,182.0,231.5,283.0,384.0,436.0,486.0]","[{""value"":40.0,""pixel_y"":80.0,""text"":""40%"",""confidence"":0.9879252898745625,""bbox"":[33.0,66.0,90.0,94.0]},{""value"":35.0,""pixel_y"":132.0,""text"":""35%"",""confidence"":0.9084302797868246,""bbox"":[31.0,118.0,90.0,146.0]},{""value"":30.0,""pixel_y"":182.0,""text"":""30%"",""confidence"":0.9541019045271639,""bbox"":[31.0,167.0,90.0,197.0]},{""value"":25.0,""pixel_y"":231.5,""text"":""25%"",""confidence"":0.5221597262343403,""bbox"":[31.0,217.0,90.0,246.0]},{""value"":20.0,""pixel_y"":283.0,""text"":""20%"",""confidence"":0.9812115319908308,""bbox"":[33.0,268.0,90.0,298.0]},{""value"":10.0,""pixel_y"":384.0,""text"":""10%"",""confidence"":0.9870661452172581,""bbox"":[33.0,370.0,90.0,398.0]},{""value"":5.0,""pixel_y"":436.0,""text"":""5%"",""confidence"":0.9664335204557538,""bbox"":[46.0,422.0,90.0,450.0]},{""value"":0.0,""pixel_y"":486.0,""text"":""0%"",""confidence"":0.918519958917631,""bbox"":[46.0,471.0,90.0,501.0]}]",-0.09860589248912735,47.92034361464656,0.9999809882681884,0.9698628703025609,5.0,45.62001616009478,"[102.288,51.675,1008.64,514.325]","[367,136,61,350]",null,397.5,136.0,2.9279645982781197,34.50994223612524,0.5099422361252408,0.014998301062507083,0.011178037165434038,7363,23,percentage,3.0,False
fgmvp_0017,e17a5d5583f5de76f80fa88399622762c910d6aa96de608586d6be1231155eaf,1928,bar,/data/liu_jun/finmme_reproduction/outputs/cache/phase2c_official_jpeg/1928.jpg,phase6_geometry_scale/masked_images/fgmvp_0017.png,phase6_geometry_scale/debug_overlays/fgmvp_0017.png,26%,26.0,0.9056671544384463,26%,0.6784781980233533,"[718.0,185.0,776.0,216.0]",2074,"[40.0,35.0,30.0,25.0,20.0,10.0,5.0,0.0]","[80.0,132.0,182.0,231.5,283.0,384.0,436.0,486.0]","[{""value"":40.0,""pixel_y"":80.0,""text"":""40%"",""confidence"":0.9879252898745625,""bbox"":[33.0,66.0,90.0,94.0]},{""value"":35.0,""pixel_y"":132.0,""text"":""35%"",""confidence"":0.9084302797868246,""bbox"":[31.0,118.0,90.0,146.0]},{""value"":30.0,""pixel_y"":182.0,""text"":""30%"",""confidence"":0.9541019045271639,""bbox"":[31.0,167.0,90.0,197.0]},{""value"":25.0,""pixel_y"":231.5,""text"":""25%"",""confidence"":0.5221597262343403,""bbox"":[31.0,217.0,90.0,246.0]},{""value"":20.0,""pixel_y"":283.0,""text"":""20%"",""confidence"":0.9812115319908308,""bbox"":[33.0,268.0,90.0,298.0]},{""value"":10.0,""pixel_y"":384.0,""text"":""10%"",""confidence"":0.9870661452172581,""bbox"":[33.0,370.0,90.0,398.0]},{""value"":5.0,""pixel_y"":436.0,""text"":""5%"",""confidence"":0.9664335204557538,""bbox"":[46.0,422.0,90.0,450.0]},{""value"":0.0,""pixel_y"":486.0,""text"":""0%"",""confidence"":0.918519958917631,""bbox"":[46.0,471.0,90.0,501.0]}]",-0.09860589248912735,47.92034361464656,0.9999809882681884,0.9698628703025609,5.0,45.62001616009478,"[102.288,51.675,1008.64,514.325]","[717,224,62,262]",null,748.0,224.0,2.701054132846436,25.832623697082035,0.16737630291796535,0.006437550112229436,0.003668922481977867,7363,23,percentage,3.0,False
fgmvp_0018,e17a5d5583f5de76f80fa88399622762c910d6aa96de608586d6be1231155eaf,1928,bar,/data/liu_jun/finmme_reproduction/outputs/cache/phase2c_official_jpeg/1928.jpg,phase6_geometry_scale/masked_images/fgmvp_0018.png,phase6_geometry_scale/debug_overlays/fgmvp_0018.png,7%,7.0,0.9577674665646873,7%,0.9926113328183555,"[143.0,374.0,186.0,402.0]",1426,"[40.0,35.0,30.0,25.0,20.0,10.0,5.0,0.0]","[80.0,132.0,182.0,231.5,283.0,385.0,436.0,486.0]","[{""value"":40.0,""pixel_y"":80.0,""text"":""40%"",""confidence"":0.9879252898745625,""bbox"":[33.0,66.0,90.0,94.0]},{""value"":35.0,""pixel_y"":132.0,""text"":""35%"",""confidence"":0.9084302797868246,""bbox"":[31.0,118.0,90.0,146.0]},{""value"":30.0,""pixel_y"":182.0,""text"":""30%"",""confidence"":0.9541019045271639,""bbox"":[31.0,167.0,90.0,197.0]},{""value"":25.0,""pixel_y"":231.5,""text"":""25%"",""confidence"":0.5221597262343403,""bbox"":[31.0,217.0,90.0,246.0]},{""value"":20.0,""pixel_y"":283.0,""text"":""20%"",""confidence"":0.9812115319908308,""bbox"":[33.0,268.0,90.0,298.0]},{""value"":10.0,""pixel_y"":385.0,""text"":""10%"",""confidence"":0.9721154716324705,""bbox"":[33.0,370.0,90.0,400.0]},{""value"":5.0,""pixel_y"":436.0,""text"":""5%"",""confidence"":0.9664335204557538,""bbox"":[46.0,422.0,90.0,450.0]},{""value"":0.0,""pixel_y"":486.0,""text"":""0%"",""confidence"":0.918519958917631,""bbox"":[46.0,471.0,90.0,501.0]}]",-0.0985359681330486,47.91330467484613,0.9999831721425881,1.0374694031254243,5.0,45.53347087428175,"[102.288,51.95,1008.64,514.05]","[134,412,55,73]",null,161.5,412.0,2.3098536488233194,7.316485804030108,0.3164858040301084,0.04521225771858691,0.0069506189173218986,7363,23,percentage,3.0,False
fgmvp_0019,e17a5d5583f5de76f80fa88399622762c910d6aa96de608586d6be1231155eaf,1928,bar,/data/liu_jun/finmme_reproduction/outputs/cache/phase2c_official_jpeg/1928.jpg,phase6_geometry_scale/masked_images/fgmvp_0019.png,phase6_geometry_scale/debug_overlays/fgmvp_0019.png,20%,20.0,0.6901020553054256,20%,0.7812367952029818,"[894.0,239.0,952.0,270.0]",2074,"[40.0,35.0,30.0,25.0,20.0,10.0,5.0,0.0]","[80.0,132.0,182.0,231.5,283.0,384.0,436.0,486.0]","[{""value"":40.0,""pixel_y"":80.0,""text"":""40%"",""confidence"":0.9879252898745625,""bbox"":[33.0,66.0,90.0,94.0]},{""value"":35.0,""pixel_y"":132.0,""text"":""35%"",""confidence"":0.9084302797868246,""bbox"":[31.0,118.0,90.0,146.0]},{""value"":30.0,""pixel_y"":182.0,""text"":""30%"",""confidence"":0.9541019045271639,""bbox"":[31.0,167.0,90.0,197.0]},{""value"":25.0,""pixel_y"":231.5,""text"":""25%"",""confidence"":0.5221597262343403,""bbox"":[31.0,217.0,90.0,246.0]},{""value"":20.0,""pixel_y"":283.0,""text"":""20%"",""confidence"":0.9812115319908308,""bbox"":[33.0,268.0,90.0,298.0]},{""value"":10.0,""pixel_y"":384.0,""text"":""10%"",""confidence"":0.9870661452172581,""bbox"":[33.0,370.0,90.0,398.0]},{""value"":5.0,""pixel_y"":436.0,""text"":""5%"",""confidence"":0.9664335204557538,""bbox"":[46.0,422.0,90.0,450.0]},{""value"":0.0,""pixel_y"":486.0,""text"":""0%"",""confidence"":0.918519958917631,""bbox"":[46.0,471.0,90.0,501.0]}]",-0.09860589248912735,47.92034361464656,0.9999809882681884,0.9698628703025609,5.0,45.62001616009478,"[102.288,51.675,1008.64,514.325]","[893,278,61,210]",null,923.5,278.0,2.5644740989399706,20.507905502669157,0.507905502669157,0.02539527513345785,0.011133391555293606,7363,23,percentage,3.0,False
fgmvp_0020,61e21ce6de0d5fd0f81a3ca77dccc7f099f90340094a3b293267e82705005f9b,5038,line,/data/liu_jun/finmme_reproduction/outputs/cache/phase2c_official_jpeg/5038.jpg,phase6_geometry_scale/masked_images/fgmvp_0020.png,phase6_geometry_scale/debug_overlays/fgmvp_0020.png,17.5%,17.5,0.7420718212787659,17.5%,0.8645081529570483,"[122.0,226.0,211.0,265.0]",3948,"[25.0,10.0,-10.0]","[106.0,341.5,656.5]","[{""value"":25.0,""pixel_y"":106.0,""text"":""25%"",""confidence"":0.9620557245368385,""bbox"":[34.0,90.0,98.0,122.0]},{""value"":10.0,""pixel_y"":341.5,""text"":""10%"",""confidence"":0.6678161025047302,""bbox"":[34.0,326.0,99.0,357.0]},{""value"":-10.0,""pixel_y"":656.5,""text"":""-10%"",""confidence"":0.9965397119522095,""bbox"":[26.0,641.0,99.0,672.0]}]",-0.0635738324862284,31.728503688265377,0.9999992028914846,0.283762886597833,17.5,41.60907336223649,"[111.288,10.5,1008.64,665.0]",null,"[166.5,221.9653950240939]",166.5,221.9653950240939,2.2448739574053027,17.617312847264117,0.11731284726411673,0.006703591272235241,0.002819405427340936,9179,11.725,percentage,3.0,False
fgmvp_0021,61e21ce6de0d5fd0f81a3ca77dccc7f099f90340094a3b293267e82705005f9b,5038,line,/data/liu_jun/finmme_reproduction/outputs/cache/phase2c_official_jpeg/5038.jpg,phase6_geometry_scale/masked_images/fgmvp_0021.png,phase6_geometry_scale/debug_overlays/fgmvp_0021.png,12.7%,12.7,0.9931015965188918,12.7%,0.9958769183844431,"[527.0,233.0,613.0,264.0]",3094,"[25.0,10.0,-10.0]","[106.0,341.5,656.5]","[{""value"":25.0,""pixel_y"":106.0,""text"":""25%"",""confidence"":0.9620557245368385,""bbox"":[34.0,90.0,98.0,122.0]},{""value"":10.0,""pixel_y"":341.5,""text"":""10%"",""confidence"":0.9605857729911804,""bbox"":[34.0,326.0,98.0,357.0]},{""value"":-10.0,""pixel_y"":656.5,""text"":""-10%"",""confidence"":0.9965397119522095,""bbox"":[26.0,641.0,99.0,672.0]}]",-0.0635738324862284,31.728503688265377,0.9999992028914846,0.283762886597833,17.5,41.60907336223649,"[111.288,10.5,1008.64,665.0]",null,"[570.0,324.9833514912333]",570.0,324.9833514912333,1.4588843767797472,11.068066539748628,1.6319334602513713,0.1284986976575883,0.03922061532214941,9179,11.725,percentage,3.0,False
fgmvp_0022,61e21ce6de0d5fd0f81a3ca77dccc7f099f90340094a3b293267e82705005f9b,5038,line,/data/liu_jun/finmme_reproduction/outputs/cache/phase2c_official_jpeg/5038.jpg,phase6_geometry_scale/masked_images/fgmvp_0022.png,phase6_geometry_scale/debug_overlays/fgmvp_0022.png,16.8%,16.8,0.9962337343104609,16.8%,0.9916604985688426,"[415.0,145.0,499.0,176.0]",3026,"[25.0,10.0,-10.0]","[106.0,341.5,656.5]","[{""value"":25.0,""pixel_y"":106.0,""text"":""25%"",""confidence"":0.9620557245368385,""bbox"":[34.0,90.0,98.0,122.0]},{""value"":10.0,""pixel_y"":341.5,""text"":""10%"",""confidence"":0.9605857729911804,""bbox"":[34.0,326.0,98.0,357.0]},{""value"":-10.0,""pixel_y"":656.5,""text"":""-10%"",""confidence"":0.9965397119522095,""bbox"":[26.0,641.0,99.0,672.0]}]",-0.0635738324862284,31.728503688265377,0.9999992028914846,0.283762886597833,17.5,41.60907336223649,"[111.288,10.5,1008.64,665.0]",null,"[457.0,239.802284096449]",457.0,239.802284096449,1.4288668913608336,16.483353449302776,0.31664655069722514,0.018848008970072924,0.007610036107764102,9179,11.725,percentage,3.0,False
fgmvp_0023,61e21ce6de0d5fd0f81a3ca77dccc7f099f90340094a3b293267e82705005f9b,5038,line,/data/liu_jun/finmme_reproduction/outputs/cache/phase2c_official_jpeg/5038.jpg,phase6_geometry_scale/masked_images/fgmvp_0023.png,phase6_geometry_scale/debug_overlays/fgmvp_0023.png,22.6%,22.6,0.8165704866776066,22.6%,0.5813015875004016,"[151.0,98.0,238.0,131.0]",3312,"[25.0,10.0,-10.0]","[106.0,341.5,656.5]","[{""value"":25.0,""pixel_y"":106.0,""text"":""25%"",""confidence"":0.9620557245368385,""bbox"":[34.0,90.0,98.0,122.0]},{""value"":10.0,""pixel_y"":341.5,""text"":""10%"",""confidence"":0.9605857729911804,""bbox"":[34.0,326.0,98.0,357.0]},{""value"":-10.0,""pixel_y"":656.5,""text"":""-10%"",""confidence"":0.9965397119522095,""bbox"":[26.0,641.0,99.0,672.0]}]",-0.0635738324862284,31.728503688265377,0.9999992028914846,0.283762886597833,17.5,41.60907336223649,"[111.288,10.5,1008.64,665.0]",null,"[194.5,199.61558664266104]",194.5,199.61558664266104,1.3434960502042494,19.038175821404632,3.5618241785953693,0.15760283976085704,0.08560210287759029,9179,11.725,percentage,3.0,False
fgmvp_0024,61e21ce6de0d5fd0f81a3ca77dccc7f099f90340094a3b293267e82705005f9b,5038,line,/data/liu_jun/finmme_reproduction/outputs/cache/phase2c_official_jpeg/5038.jpg,phase6_geometry_scale/masked_images/fgmvp_0024.png,phase6_geometry_scale/debug_overlays/fgmvp_0024.png,6.3%,6.3,0.9451128840446472,6.3%,0.9183540525532209,"[658.0,337.0,730.0,370.0]",2700,"[25.0,10.0,-10.0]","[106.0,341.5,656.5]","[{""value"":25.0,""pixel_y"":106.0,""text"":""25%"",""confidence"":0.9620557245368385,""bbox"":[34.0,90.0,98.0,122.0]},{""value"":10.0,""pixel_y"":341.5,""text"":""10%"",""confidence"":0.9605857729911804,""bbox"":[34.0,326.0,98.0,357.0]},{""value"":-10.0,""pixel_y"":656.5,""text"":""-10%"",""confidence"":0.9965397119522095,""bbox"":[26.0,641.0,99.0,672.0]}]",-0.0635738324862284,31.728503688265377,0.9999992028914846,0.283762886597833,17.5,41.60907336223649,"[111.288,10.5,1008.64,665.0]",null,"[694.0,460.98043287213693]",694.0,460.98043287213693,1.0182831444948608,2.422210869423086,3.8777891305769137,0.6155220842185577,0.09319575797369986,9179,11.725,percentage,3.0,False
fgmvp_0025,61e21ce6de0d5fd0f81a3ca77dccc7f099f90340094a3b293267e82705005f9b,5038,line,/data/liu_jun/finmme_reproduction/outputs/cache/phase2c_official_jpeg/5038.jpg,phase6_geometry_scale/masked_images/fgmvp_0025.png,phase6_geometry_scale/debug_overlays/fgmvp_0025.png,-0.9%,-0.9,0.976936642484639,-0.9%,0.9905075276179651,"[649.0,572.0,728.0,603.0]",2856,"[25.0,10.0,-10.0]","[106.0,341.5,656.5]","[{""value"":25.0,""pixel_y"":106.0,""text"":""25%"",""confidence"":0.9620557245368385,""bbox"":[34.0,90.0,98.0,122.0]},{""value"":10.0,""pixel_y"":341.5,""text"":""10%"",""confidence"":0.9605857729911804,""bbox"":[34.0,326.0,98.0,357.0]},{""value"":-10.0,""pixel_y"":656.5,""text"":""-10%"",""confidence"":0.9965397119522095,""bbox"":[26.0,641.0,99.0,672.0]}]",-0.0635738324862284,31.728503688265377,0.9999992028914846,0.283762886597833,17.5,41.60907336223649,"[111.288,10.5,1008.64,665.0]",null,"[688.5,454.16951998732844]",688.5,454.16951998732844,0.6140026357555854,2.855206704240196,3.7552067042401958,4.1724518936002175,0.09024970759498677,9179,11.725,percentage,3.0,False
fgmvp_0026,b903ba8b9dbe032a463994aca84c8faf054f1c906907ae936ffa2c1679f8c874,5214,bar,/data/liu_jun/finmme_reproduction/outputs/cache/phase2c_official_jpeg/5214.jpg,phase6_geometry_scale/masked_images/fgmvp_0026.png,phase6_geometry_scale/debug_overlays/fgmvp_0026.png,35%,35.0,0.9697047073922381,35%,0.9365370471665624,"[881.0,152.0,955.0,190.0]",3157,"[40.0,35.0,30.0,25.0,20.0,15.0,10.0,5.0,0.0]","[129.0,200.5,271.0,340.0,411.0,483.0,553.0,623.0,694.0]","[{""value"":40.0,""pixel_y"":129.0,""text"":""40%"",""confidence"":0.8988141884287396,""bbox"":[29.0,110.0,100.0,148.0]},{""value"":35.0,""pixel_y"":200.5,""text"":""35%"",""confidence"":0.9951511684705021,""bbox"":[29.0,181.0,100.0,220.0]},{""value"":30.0,""pixel_y"":271.0,""text"":""30%"",""confidence"":0.8956090974375154,""bbox"":[29.0,251.0,100.0,291.0]},{""value"":25.0,""pixel_y"":340.0,""text"":""25%"",""confidence"":0.9780818603434532,""bbox"":[29.0,321.0,100.0,359.0]},{""value"":20.0,""pixel_y"":411.0,""text"":""20%"",""confidence"":0.9864630036182812,""bbox"":[29.0,392.0,100.0,430.0]},{""value"":15.0,""pixel_y"":483.0,""text"":""15%"",""confidence"":0.8955517411231995,""bbox"":[29.0,464.0,100.0,502.0]},{""value"":10.0,""pixel_y"":553.0,""text"":""10%"",""confidence"":0.9944022530758039,""bbox"":[29.0,534.0,100.0,572.0]},{""value"":5.0,""pixel_y"":623.0,""text"":""5%"",""confidence"":0.9685987176309002,""bbox"":[45.0,603.0,100.0,643.0]},{""value"":0.0,""pixel_y"":694.0,""text"":""0%"",""confidence"":0.8455513421491384,""bbox"":[43.0,675.0,100.0,713.0]}]",-0.07084589370615642,49.1609570260507,0.999989789662398,1.0353905091770523,5.0,45.54151162166,"[112.288,90.0875,1008.64,732.9125]","[902,205,34,488]",null,919.0,205.0,2.9206509618705887,34.637548816288636,0.3624511837113644,0.010355748106038983,0.007958699015580743,5214,21.67,percentage,3.0,False
fgmvp_0027,b903ba8b9dbe032a463994aca84c8faf054f1c906907ae936ffa2c1679f8c874,5214,bar,/data/liu_jun/finmme_reproduction/outputs/cache/phase2c_official_jpeg/5214.jpg,phase6_geometry_scale/masked_images/fgmvp_0027.png,phase6_geometry_scale/debug_overlays/fgmvp_0027.png,31%,31.0,0.9992636721398064,31%,0.9994447231292725,"[776.0,201.0,849.0,241.0]",3268,"[40.0,35.0,30.0,25.0,20.0,15.0,10.0,5.0,0.0]","[129.0,200.5,271.0,340.0,411.0,483.0,553.0,623.0,694.0]","[{""value"":40.0,""pixel_y"":129.0,""text"":""40%"",""confidence"":0.8988141884287396,""bbox"":[29.0,110.0,100.0,148.0]},{""value"":35.0,""pixel_y"":200.5,""text"":""35%"",""confidence"":0.9951511684705021,""bbox"":[29.0,181.0,100.0,220.0]},{""value"":30.0,""pixel_y"":271.0,""text"":""30%"",""confidence"":0.8956090974375154,""bbox"":[29.0,251.0,100.0,291.0]},{""value"":25.0,""pixel_y"":340.0,""text"":""25%"",""confidence"":0.9780818603434532,""bbox"":[29.0,321.0,100.0,359.0]},{""value"":20.0,""pixel_y"":411.0,""text"":""20%"",""confidence"":0.9864630036182812,""bbox"":[29.0,392.0,100.0,430.0]},{""value"":15.0,""pixel_y"":483.0,""text"":""15%"",""confidence"":0.8955517411231995,""bbox"":[29.0,464.0,100.0,502.0]},{""value"":10.0,""pixel_y"":553.0,""text"":""10%"",""confidence"":0.9944022530758039,""bbox"":[29.0,534.0,100.0,572.0]},{""value"":5.0,""pixel_y"":623.0,""text"":""5%"",""confidence"":0.9685987176309002,""bbox"":[45.0,603.0,100.0,643.0]},{""value"":0.0,""pixel_y"":694.0,""text"":""0%"",""confidence"":0.8455513421491384,""bbox"":[43.0,675.0,100.0,713.0]}]",-0.07084589370615642,49.1609570260507,0.999989789662398,1.0353905091770523,5.0,45.54151162166,"[112.288,90.0875,1008.64,732.9125]","[796,255,33,439]",null,812.5,255.0,2.8506523531504,31.095254130980816,0.09525413098081614,0.003072713902606972,0.002091589136789046,5214,21.67,percentage,3.0,False
fgmvp_0028,b903ba8b9dbe032a463994aca84c8faf054f1c906907ae936ffa2c1679f8c874,5214,bar,/data/liu_jun/finmme_reproduction/outputs/cache/phase2c_official_jpeg/5214.jpg,phase6_geometry_scale/masked_images/fgmvp_0028.png,phase6_geometry_scale/debug_overlays/fgmvp_0028.png,26%,26.0,0.982204702403672,26%,0.8669010136975036,"[349.0,273.0,423.0,311.0]",3157,"[40.0,35.0,30.0,25.0,20.0,15.0,10.0,5.0,0.0]","[129.0,200.5,271.0,340.0,411.0,483.0,553.0,623.0,694.0]","[{""value"":40.0,""pixel_y"":129.0,""text"":""40%"",""confidence"":0.8988141884287396,""bbox"":[29.0,110.0,100.0,148.0]},{""value"":35.0,""pixel_y"":200.5,""text"":""35%"",""confidence"":0.9951511684705021,""bbox"":[29.0,181.0,100.0,220.0]},{""value"":30.0,""pixel_y"":271.0,""text"":""30%"",""confidence"":0.8956090974375154,""bbox"":[29.0,251.0,100.0,291.0]},{""value"":25.0,""pixel_y"":340.0,""text"":""25%"",""confidence"":0.9780818603434532,""bbox"":[29.0,321.0,100.0,359.0]},{""value"":20.0,""pixel_y"":411.0,""text"":""20%"",""confidence"":0.9864630036182812,""bbox"":[29.0,392.0,100.0,430.0]},{""value"":15.0,""pixel_y"":483.0,""text"":""15%"",""confidence"":0.8955517411231995,""bbox"":[29.0,464.0,100.0,502.0]},{""value"":10.0,""pixel_y"":553.0,""text"":""10%"",""confidence"":0.9944022530758039,""bbox"":[29.0,534.0,100.0,572.0]},{""value"":5.0,""pixel_y"":623.0,""text"":""5%"",""confidence"":0.9685987176309002,""bbox"":[45.0,603.0,100.0,643.0]},{""value"":0.0,""pixel_y"":694.0,""text"":""0%"",""confidence"":0.8455513421491384,""bbox"":[43.0,675.0,100.0,713.0]}]",-0.07084589370615642,49.1609570260507,0.999989789662398,1.0353905091770523,5.0,45.54151162166,"[112.288,90.0875,1008.64,732.9125]","[370,327,34,367]",null,387.0,327.0,2.7261014589246217,25.994349784137555,0.005650215862445407,0.00021731599470943872,0.00012406737636170399,5214,21.67,percentage,3.0,False
fgmvp_0029,b903ba8b9dbe032a463994aca84c8faf054f1c906907ae936ffa2c1679f8c874,5214,bar,/data/liu_jun/finmme_reproduction/outputs/cache/phase2c_official_jpeg/5214.jpg,phase6_geometry_scale/masked_images/fgmvp_0029.png,phase6_geometry_scale/debug_overlays/fgmvp_0029.png,19%,19.0,0.9807241958717823,19%,0.9776629383126043,"[243.0,376.0,316.0,415.0]",3192,"[40.0,35.0,30.0,25.0,20.0,15.0,10.0,5.0,0.0]","[129.0,200.5,271.0,340.0,411.0,483.0,553.0,623.0,694.0]","[{""value"":40.0,""pixel_y"":129.0,""text"":""40%"",""confidence"":0.8988141884287396,""bbox"":[29.0,110.0,100.0,148.0]},{""value"":35.0,""pixel_y"":200.5,""text"":""35%"",""confidence"":0.9951511684705021,""bbox"":[29.0,181.0,100.0,220.0]},{""value"":30.0,""pixel_y"":271.0,""text"":""30%"",""confidence"":0.8956090974375154,""bbox"":[29.0,251.0,100.0,291.0]},{""value"":25.0,""pixel_y"":340.0,""text"":""25%"",""confidence"":0.9780818603434532,""bbox"":[29.0,321.0,100.0,359.0]},{""value"":20.0,""pixel_y"":411.0,""text"":""20%"",""confidence"":0.9864630036182812,""bbox"":[29.0,392.0,100.0,430.0]},{""value"":15.0,""pixel_y"":483.0,""text"":""15%"",""confidence"":0.8955517411231995,""bbox"":[29.0,464.0,100.0,502.0]},{""value"":10.0,""pixel_y"":553.0,""text"":""10%"",""confidence"":0.9944022530758039,""bbox"":[29.0,534.0,100.0,572.0]},{""value"":5.0,""pixel_y"":623.0,""text"":""5%"",""confidence"":0.9685987176309002,""bbox"":[45.0,603.0,100.0,643.0]},{""value"":0.0,""pixel_y"":694.0,""text"":""0%"",""confidence"":0.8455513421491384,""bbox"":[43.0,675.0,100.0,713.0]}]",-0.07084589370615642,49.1609570260507,0.999989789662398,1.0353905091770523,5.0,45.54151162166,"[112.288,90.0875,1008.64,732.9125]","[263,430,34,264]",null,280.0,430.0,2.565095418289484,18.697222732403443,0.3027772675965572,0.015935645662976696,0.006648379836662104,5214,21.67,percentage,3.0,False
fgmvp_0030,b903ba8b9dbe032a463994aca84c8faf054f1c906907ae936ffa2c1679f8c874,5214,bar,/data/liu_jun/finmme_reproduction/outputs/cache/phase2c_official_jpeg/5214.jpg,phase6_geometry_scale/masked_images/fgmvp_0030.png,phase6_geometry_scale/debug_overlays/fgmvp_0030.png,20%,20.0,0.9943633959953413,20%,0.9514530334181945,"[137.0,355.0,209.0,395.0]",3225,"[40.0,35.0,30.0,25.0,20.0,15.0,10.0,5.0,0.0]","[129.0,200.5,271.0,340.0,411.0,482.0,553.0,623.0,694.0]","[{""value"":40.0,""pixel_y"":129.0,""text"":""40%"",""confidence"":0.8988141884287396,""bbox"":[29.0,110.0,100.0,148.0]},{""value"":35.0,""pixel_y"":200.5,""text"":""35%"",""confidence"":0.9951511684705021,""bbox"":[29.0,181.0,100.0,220.0]},{""value"":30.0,""pixel_y"":271.0,""text"":""30%"",""confidence"":0.9877945290731309,""bbox"":[27.0,251.0,100.0,291.0]},{""value"":25.0,""pixel_y"":340.0,""text"":""25%"",""confidence"":0.9780818603434532,""bbox"":[29.0,321.0,100.0,359.0]},{""value"":20.0,""pixel_y"":411.0,""text"":""20%"",""confidence"":0.9864630036182812,""bbox"":[29.0,392.0,100.0,430.0]},{""value"":15.0,""pixel_y"":482.0,""text"":""15%"",""confidence"":0.907338141585717,""bbox"":[29.0,462.0,100.0,502.0]},{""value"":10.0,""pixel_y"":553.0,""text"":""10%"",""confidence"":0.9944022530758039,""bbox"":[29.0,534.0,100.0,572.0]},{""value"":5.0,""pixel_y"":623.0,""text"":""5%"",""confidence"":0.9685987176309002,""bbox"":[45.0,603.0,100.0,643.0]},{""value"":0.0,""pixel_y"":694.0,""text"":""0%"",""confidence"":0.8455513421491384,""bbox"":[43.0,675.0,100.0,713.0]}]",-0.07086280719491411,49.16004516070716,0.9999923141988968,0.9411243651825296,5.0,45.571871307049264,"[112.288,89.94999999999999,1008.64,733.05]","[157,409,34,285]",null,174.0,409.0,2.5428526627726313,20.17715701798729,0.177157017987291,0.00885785089936455,0.003887420307883814,5214,21.67,percentage,3.0,False
fgmvp_0031,ddd5a57d534dcad58790a9de7dcd8ada3a777c48cdcd35541f50d82a17c31ea8,2300,bar,/data/liu_jun/finmme_reproduction/outputs/cache/phase2c_official_jpeg/2300.jpg,phase6_geometry_scale/masked_images/fgmvp_0031.png,phase6_geometry_scale/debug_overlays/fgmvp_0031.png,13.2,13.2,0.9990584254264832,13.2,0.9864411909009744,"[701.0,139.0,759.0,175.0]",2379,"[16.0,14.0,12.0,10.0,8.0,6.0,4.0,2.0,0.0]","[110.0,165.5,220.5,276.5,331.5,386.0,441.0,496.5,550.5]","[{""value"":16.0,""pixel_y"":110.0,""text"":""16"",""confidence"":0.9999973026027609,""bbox"":[25.0,94.0,61.0,126.0]},{""value"":14.0,""pixel_y"":165.5,""text"":""14"",""confidence"":0.9999954481433951,""bbox"":[23.0,150.0,61.0,181.0]},{""value"":12.0,""pixel_y"":220.5,""text"":""12"",""confidence"":0.9999911491732849,""bbox"":[25.0,204.0,61.0,237.0]},{""value"":10.0,""pixel_y"":276.5,""text"":""10"",""confidence"":0.9995688206019624,""bbox"":[25.0,260.0,59.0,293.0]},{""value"":8.0,""pixel_y"":331.5,""text"":""8"",""confidence"":0.9999997615814351,""bbox"":[36.0,316.0,62.0,347.0]},{""value"":6.0,""pixel_y"":386.0,""text"":""6"",""confidence"":0.9999969005608733,""bbox"":[39.0,371.0,60.0,401.0]},{""value"":4.0,""pixel_y"":441.0,""text"":""4"",""confidence"":0.9999976158156301,""bbox"":[39.0,427.0,60.0,455.0]},{""value"":2.0,""pixel_y"":496.5,""text"":""2"",""confidence"":0.5482494514991741,""bbox"":[39.0,482.0,60.0,511.0]},{""value"":0.0,""pixel_y"":550.5,""text"":""0"",""confidence"":0.999998569489037,""bbox"":[37.0,536.0,58.0,565.0]}]",-0.036302755425446455,20.01217840633105,0.9999896504901107,0.7578362661554771,2.0,18.187680468148674,"[74.288,79.75,1008.64,580.75]","[710,188,41,363]",null,730.5,188.0,2.8856867808861355,13.187260386347116,0.012739613652883008,0.000965122246430531,0.0007004529068560096,5628,4.6,percentage,2.0,False
fgmvp_0032,ddd5a57d534dcad58790a9de7dcd8ada3a777c48cdcd35541f50d82a17c31ea8,2300,bar,/data/liu_jun/finmme_reproduction/outputs/cache/phase2c_official_jpeg/2300.jpg,phase6_geometry_scale/masked_images/fgmvp_0032.png,phase6_geometry_scale/debug_overlays/fgmvp_0032.png,12.0,12.0,0.9997963989681261,12.0,0.6265419858978553,"[902.0,174.0,961.0,211.0]",2480,"[16.0,14.0,12.0,10.0,8.0,6.0,4.0,2.0,0.0]","[110.0,165.5,220.5,276.5,331.5,386.0,441.0,496.5,550.5]","[{""value"":16.0,""pixel_y"":110.0,""text"":""16"",""confidence"":0.9999973026027609,""bbox"":[25.0,94.0,61.0,126.0]},{""value"":14.0,""pixel_y"":165.5,""text"":""14"",""confidence"":0.9999954481433951,""bbox"":[23.0,150.0,61.0,181.0]},{""value"":12.0,""pixel_y"":220.5,""text"":""12"",""confidence"":0.9999911491732849,""bbox"":[25.0,204.0,61.0,237.0]},{""value"":10.0,""pixel_y"":276.5,""text"":""10"",""confidence"":0.9995688206019624,""bbox"":[25.0,260.0,59.0,293.0]},{""value"":8.0,""pixel_y"":331.5,""text"":""8"",""confidence"":0.9999997615814351,""bbox"":[36.0,316.0,62.0,347.0]},{""value"":6.0,""pixel_y"":386.0,""text"":""6"",""confidence"":0.9999969005608733,""bbox"":[39.0,371.0,60.0,401.0]},{""value"":4.0,""pixel_y"":441.0,""text"":""4"",""confidence"":0.9999976158156301,""bbox"":[39.0,427.0,60.0,455.0]},{""value"":2.0,""pixel_y"":496.5,""text"":""2"",""confidence"":0.5482494514991741,""bbox"":[39.0,482.0,60.0,511.0]},{""value"":0.0,""pixel_y"":550.5,""text"":""0"",""confidence"":0.999998569489037,""bbox"":[37.0,536.0,58.0,565.0]}]",-0.036302755425446455,20.01217840633105,0.9999896504901107,0.7578362661554771,2.0,18.187680468148674,"[74.288,79.75,1008.64,580.75]","[911,222,40,329]",null,931.0,222.0,2.8282555797987587,11.952966701881936,0.04703329811806434,0.003919441509838695,0.002585997604281194,5628,4.6,percentage,2.0,False
fgmvp_0033,ddd5a57d534dcad58790a9de7dcd8ada3a777c48cdcd35541f50d82a17c31ea8,2300,bar,/data/liu_jun/finmme_reproduction/outputs/cache/phase2c_official_jpeg/2300.jpg,phase6_geometry_scale/masked_images/fgmvp_0033.png,phase6_geometry_scale/debug_overlays/fgmvp_0033.png,11.2,11.2,0.99683678150177,11.2,0.7280803555120233,"[299.0,197.0,358.0,233.0]",2418,"[16.0,14.0,12.0,10.0,8.0,6.0,4.0,2.0,0.0]","[110.0,165.5,220.5,276.5,331.5,386.0,441.0,496.5,550.5]","[{""value"":16.0,""pixel_y"":110.0,""text"":""16"",""confidence"":0.9999973026027609,""bbox"":[25.0,94.0,61.0,126.0]},{""value"":14.0,""pixel_y"":165.5,""text"":""14"",""confidence"":0.9999954481433951,""bbox"":[23.0,150.0,61.0,181.0]},{""value"":12.0,""pixel_y"":220.5,""text"":""12"",""confidence"":0.9999911491732849,""bbox"":[25.0,204.0,61.0,237.0]},{""value"":10.0,""pixel_y"":276.5,""text"":""10"",""confidence"":0.9995688206019624,""bbox"":[25.0,260.0,59.0,293.0]},{""value"":8.0,""pixel_y"":331.5,""text"":""8"",""confidence"":0.9999997615814351,""bbox"":[36.0,316.0,62.0,347.0]},{""value"":6.0,""pixel_y"":386.0,""text"":""6"",""confidence"":0.9999969005608733,""bbox"":[39.0,371.0,60.0,401.0]},{""value"":4.0,""pixel_y"":441.0,""text"":""4"",""confidence"":0.9999976158156301,""bbox"":[39.0,427.0,60.0,455.0]},{""value"":2.0,""pixel_y"":496.5,""text"":""2"",""confidence"":0.5482494514991741,""bbox"":[39.0,482.0,60.0,511.0]},{""value"":0.0,""pixel_y"":550.5,""text"":""0"",""confidence"":0.999998569489037,""bbox"":[37.0,536.0,58.0,565.0]}]",-0.036302755425446455,20.01217840633105,0.9999896504901107,0.7578362661554771,2.0,18.187680468148674,"[74.288,79.75,1008.64,580.75]","[307,244,41,307]",null,327.5,244.0,2.7262495690268036,11.154306082522114,0.04569391747788565,0.004079814060525505,0.00251235541320992,5628,4.6,percentage,2.0,False
fgmvp_0034,04d180c537e20cda970f86db695a0c0112ac3ccd016024251d2f6fdc782f2c50,4736,line,/data/liu_jun/finmme_reproduction/outputs/cache/phase2c_official_jpeg/4736.jpg,phase6_geometry_scale/masked_images/fgmvp_0034.png,phase6_geometry_scale/debug_overlays/fgmvp_0034.png,30,30.0,0.7274587349422795,30,0.9999984827137908,"[856.0,241.0,905.0,279.0]",2132,"[45.0,40.0,35.0,30.0,25.0,20.0,15.0,10.0,5.0]","[100.0,166.0,232.0,298.0,363.0,428.0,494.0,560.0,626.0]","[{""value"":45.0,""pixel_y"":100.0,""text"":""45"",""confidence"":0.8404453597930737,""bbox"":[19.0,81.0,68.0,119.0]},{""value"":40.0,""pixel_y"":166.0,""text"":""40"",""confidence"":0.9999969654282558,""bbox"":[21.0,147.0,68.0,185.0]},{""value"":35.0,""pixel_y"":232.0,""text"":""35"",""confidence"":0.9997355770539731,""bbox"":[19.0,213.0,68.0,251.0]},{""value"":30.0,""pixel_y"":298.0,""text"":""30"",""confidence"":0.9999929193367925,""bbox"":[19.0,278.0,68.0,318.0]},{""value"":25.0,""pixel_y"":363.0,""text"":""25"",""confidence"":0.9999991570631338,""bbox"":[19.0,344.0,68.0,382.0]},{""value"":20.0,""pixel_y"":428.0,""text"":""20"",""confidence"":0.9999973026027609,""bbox"":[19.0,409.0,67.0,447.0]},{""value"":15.0,""pixel_y"":494.0,""text"":""15"",""confidence"":0.9999969654282558,""bbox"":[21.0,475.0,68.0,513.0]},{""value"":10.0,""pixel_y"":560.0,""text"":""10"",""confidence"":0.7869509630595937,""bbox"":[21.0,541.0,68.0,579.0]},{""value"":5.0,""pixel_y"":626.0,""text"":""5"",""confidence"":0.9999961853063724,""bbox"":[39.0,609.0,67.0,643.0]}]",-0.07614173958752045,52.63945147026991,0.999994846582769,0.6670050761422984,5.0,45.57844531708974,"[80.288,63.699999999999996,1008.64,662.3]",null,"[880.5,302.1510491922656]",880.5,302.1510491922656,2.231673279630605,29.633144966576342,0.3668550334236578,0.012228501114121926,0.00804887114668882,4736,10,percentage,3.0,False
fgmvp_0035,04d180c537e20cda970f86db695a0c0112ac3ccd016024251d2f6fdc782f2c50,4736,line,/data/liu_jun/finmme_reproduction/outputs/cache/phase2c_official_jpeg/4736.jpg,phase6_geometry_scale/masked_images/fgmvp_0035.png,phase6_geometry_scale/debug_overlays/fgmvp_0035.png,30,30.0,0.9999958696113443,30,0.9999975554836615,"[929.0,238.0,977.0,276.0]",2091,"[45.0,40.0,35.0,30.0,25.0,20.0,15.0,10.0,5.0]","[100.0,166.0,232.0,298.0,363.0,428.0,494.0,560.0,626.0]","[{""value"":45.0,""pixel_y"":100.0,""text"":""45"",""confidence"":0.8404453597930737,""bbox"":[19.0,81.0,68.0,119.0]},{""value"":40.0,""pixel_y"":166.0,""text"":""40"",""confidence"":0.9999969654282558,""bbox"":[21.0,147.0,68.0,185.0]},{""value"":35.0,""pixel_y"":232.0,""text"":""35"",""confidence"":0.9997355770539731,""bbox"":[19.0,213.0,68.0,251.0]},{""value"":30.0,""pixel_y"":298.0,""text"":""30"",""confidence"":0.9999929193367925,""bbox"":[19.0,278.0,68.0,318.0]},{""value"":25.0,""pixel_y"":363.0,""text"":""25"",""confidence"":0.9999991570631338,""bbox"":[19.0,344.0,68.0,382.0]},{""value"":20.0,""pixel_y"":428.0,""text"":""20"",""confidence"":0.9999973026027609,""bbox"":[19.0,409.0,67.0,447.0]},{""value"":15.0,""pixel_y"":494.0,""text"":""15"",""confidence"":0.9999969654282558,""bbox"":[21.0,475.0,68.0,513.0]},{""value"":10.0,""pixel_y"":560.0,""text"":""10"",""confidence"":0.7869509630595937,""bbox"":[21.0,541.0,68.0,579.0]},{""value"":5.0,""pixel_y"":626.0,""text"":""5"",""confidence"":0.9999961853063724,""bbox"":[39.0,609.0,67.0,643.0]}]",-0.07614173958752045,52.63945147026991,0.999994846582769,0.6670050761422984,5.0,45.57844531708974,"[80.288,63.699999999999996,1008.64,662.3]",null,"[953.0,300.69500820473223]",953.0,300.69500820473223,1.4759884882037326,29.744010460277863,0.2559895397221368,0.00853298465740456,0.005616460542723974,4736,10,percentage,3.0,False
fgmvp_0036,04d180c537e20cda970f86db695a0c0112ac3ccd016024251d2f6fdc782f2c50,4736,line,/data/liu_jun/finmme_reproduction/outputs/cache/phase2c_official_jpeg/4736.jpg,phase6_geometry_scale/masked_images/fgmvp_0036.png,phase6_geometry_scale/debug_overlays/fgmvp_0036.png,23,23.0,0.999905847288762,23,0.7261771534753421,"[838.0,373.0,887.0,411.0]",2132,"[45.0,40.0,35.0,30.0,25.0,20.0,15.0,10.0,5.0]","[100.0,166.0,232.0,298.0,363.0,428.0,494.0,560.0,626.0]","[{""value"":45.0,""pixel_y"":100.0,""text"":""45"",""confidence"":0.8404453597930737,""bbox"":[19.0,81.0,68.0,119.0]},{""value"":40.0,""pixel_y"":166.0,""text"":""40"",""confidence"":0.9999969654282558,""bbox"":[21.0,147.0,68.0,185.0]},{""value"":35.0,""pixel_y"":232.0,""text"":""35"",""confidence"":0.9997355770539731,""bbox"":[19.0,213.0,68.0,251.0]},{""value"":30.0,""pixel_y"":298.0,""text"":""30"",""confidence"":0.9999929193367925,""bbox"":[19.0,278.0,68.0,318.0]},{""value"":25.0,""pixel_y"":363.0,""text"":""25"",""confidence"":0.9999991570631338,""bbox"":[19.0,344.0,68.0,382.0]},{""value"":20.0,""pixel_y"":428.0,""text"":""20"",""confidence"":0.9999973026027609,""bbox"":[19.0,409.0,67.0,447.0]},{""value"":15.0,""pixel_y"":494.0,""text"":""15"",""confidence"":0.9999969654282558,""bbox"":[21.0,475.0,68.0,513.0]},{""value"":10.0,""pixel_y"":560.0,""text"":""10"",""confidence"":0.7869509630595937,""bbox"":[21.0,541.0,68.0,579.0]},{""value"":5.0,""pixel_y"":626.0,""text"":""5"",""confidence"":0.9999961853063724,""bbox"":[39.0,609.0,67.0,643.0]}]",-0.07614173958752045,52.63945147026991,0.999994846582769,0.6670050761422984,5.0,45.57844531708974,"[80.288,63.699999999999996,1008.64,662.3]",null,"[862.5,298.1640773144346]",862.5,298.1640773144346,1.473273253320917,29.936719941040916,6.936719941040916,0.301596519175692,0.15219299150688623,4736,10,percentage,3.0,False
fgmvp_0037,07291264ea3375d81863c45d5381d2a6b4aa964eafa847155c953f273eada49c,801,line,/data/liu_jun/finmme_reproduction/outputs/cache/phase2c_official_jpeg/801.jpg,phase6_geometry_scale/masked_images/fgmvp_0037.png,phase6_geometry_scale/debug_overlays/fgmvp_0037.png,75%,75.0,0.9030519381098396,75%,0.9602153567720652,"[281.0,177.0,359.0,215.0]",3403,"[85.0,80.0,75.0,70.0,60.0,50.0]","[51.0,126.0,201.0,278.0,428.0,579.0]","[{""value"":85.0,""pixel_y"":51.0,""text"":""85%"",""confidence"":0.9351975372486905,""bbox"":[30.0,32.0,107.0,70.0]},{""value"":80.0,""pixel_y"":126.0,""text"":""80%"",""confidence"":0.9883816996583801,""bbox"":[30.0,107.0,107.0,145.0]},{""value"":75.0,""pixel_y"":201.0,""text"":""75%"",""confidence"":0.920997608732575,""bbox"":[32.0,182.0,107.0,220.0]},{""value"":70.0,""pixel_y"":278.0,""text"":""70%"",""confidence"":0.9863567942544769,""bbox"":[32.0,259.0,107.0,297.0]},{""value"":60.0,""pixel_y"":428.0,""text"":""60%"",""confidence"":0.9951496552950185,""bbox"":[30.0,409.0,107.0,447.0]},{""value"":50.0,""pixel_y"":579.0,""text"":""50%"",""confidence"":0.9148825379787642,""bbox"":[30.0,560.0,107.0,598.0]}]",-0.06625052820552983,88.36243806763267,0.9999932669140561,0.8333333333336833,5.0,40.37472815165501,"[119.288,11.924999999999999,1008.64,621.35]",null,"[320.0,219.5825372598965]",320.0,219.5825372598965,0.8700565490489897,73.81497898945409,1.1850210105459098,0.01580028014061213,0.029350563206140975,3492,72.57,percentage,5.0,False
fgmvp_0038,07291264ea3375d81863c45d5381d2a6b4aa964eafa847155c953f273eada49c,801,line,/data/liu_jun/finmme_reproduction/outputs/cache/phase2c_official_jpeg/801.jpg,phase6_geometry_scale/masked_images/fgmvp_0038.png,phase6_geometry_scale/debug_overlays/fgmvp_0038.png,79%,79.0,0.9385008658131162,79%,0.9940908519613498,"[200.0,128.0,276.0,167.0]",3402,"[85.0,80.0,75.0,70.0,60.0,50.0]","[51.0,126.0,201.0,278.0,428.0,579.0]","[{""value"":85.0,""pixel_y"":51.0,""text"":""85%"",""confidence"":0.9351975372486905,""bbox"":[30.0,32.0,107.0,70.0]},{""value"":80.0,""pixel_y"":126.0,""text"":""80%"",""confidence"":0.9883816996583801,""bbox"":[30.0,107.0,107.0,145.0]},{""value"":75.0,""pixel_y"":201.0,""text"":""75%"",""confidence"":0.920997608732575,""bbox"":[32.0,182.0,107.0,220.0]},{""value"":70.0,""pixel_y"":278.0,""text"":""70%"",""confidence"":0.9863567942544769,""bbox"":[32.0,259.0,107.0,297.0]},{""value"":60.0,""pixel_y"":428.0,""text"":""60%"",""confidence"":0.9951496552950185,""bbox"":[30.0,409.0,107.0,447.0]},{""value"":50.0,""pixel_y"":579.0,""text"":""50%"",""confidence"":0.9148825379787642,""bbox"":[30.0,560.0,107.0,598.0]}]",-0.06625052820552983,88.36243806763267,0.9999932669140561,0.8333333333336833,5.0,40.37472815165501,"[119.288,11.924999999999999,1008.64,621.35]",null,"[238.0,186.76159698714974]",238.0,186.76159698714974,1.6899524319690473,75.98938361872571,3.010616381274289,0.03810906811739607,0.07456685206562512,3492,72.57,percentage,5.0,False
fgmvp_0039,07291264ea3375d81863c45d5381d2a6b4aa964eafa847155c953f273eada49c,801,line,/data/liu_jun/finmme_reproduction/outputs/cache/phase2c_official_jpeg/801.jpg,phase6_geometry_scale/masked_images/fgmvp_0039.png,phase6_geometry_scale/debug_overlays/fgmvp_0039.png,70%,70.0,0.893179610854572,70%,0.9866632667092174,"[535.0,258.0,613.0,299.0]",3652,"[85.0,80.0,75.0,70.0,60.0,50.0]","[51.0,126.0,201.0,278.0,428.0,579.0]","[{""value"":85.0,""pixel_y"":51.0,""text"":""85%"",""confidence"":0.9351975372486905,""bbox"":[30.0,32.0,107.0,70.0]},{""value"":80.0,""pixel_y"":126.0,""text"":""80%"",""confidence"":0.9883816996583801,""bbox"":[30.0,107.0,107.0,145.0]},{""value"":75.0,""pixel_y"":201.0,""text"":""75%"",""confidence"":0.920997608732575,""bbox"":[32.0,182.0,107.0,220.0]},{""value"":70.0,""pixel_y"":278.0,""text"":""70%"",""confidence"":0.9863567942544769,""bbox"":[32.0,259.0,107.0,297.0]},{""value"":60.0,""pixel_y"":428.0,""text"":""60%"",""confidence"":0.9951496552950185,""bbox"":[30.0,409.0,107.0,447.0]},{""value"":50.0,""pixel_y"":579.0,""text"":""50%"",""confidence"":0.9148825379787642,""bbox"":[30.0,560.0,107.0,598.0]}]",-0.06625052820552983,88.36243806763267,0.9999932669140561,0.8333333333336833,5.0,40.37472815165501,"[119.288,11.924999999999999,1008.64,621.35]",null,"[574.0,333.9784930545761]",574.0,333.9784930545761,1.5264203518213242,66.23618649348012,3.763813506519881,0.053768764378855444,0.09322201483022487,3492,72.57,percentage,5.0,False
fgmvp_0040,f1d40aa21987750e8179647ae782b8b4b51a915699584e4f9370ae3afe789094,2512,bar,/data/liu_jun/finmme_reproduction/outputs/cache/phase2c_official_jpeg/2512.jpg,phase6_geometry_scale/masked_images/fgmvp_0040.png,phase6_geometry_scale/debug_overlays/fgmvp_0040.png,21.4,21.4,0.9992197751998901,21.4,0.855641725202221,"[399.0,129.0,458.0,162.0]",2232,"[25.0,20.0,15.0,10.0,5.0,0.0]","[111.5,198.0,284.5,370.5,458.0,545.0]","[{""value"":25.0,""pixel_y"":111.5,""text"":""25"",""confidence"":0.9999993256504904,""bbox"":[23.0,95.0,61.0,128.0]},{""value"":20.0,""pixel_y"":198.0,""text"":""20"",""confidence"":0.9999973868963923,""bbox"":[23.0,182.0,61.0,214.0]},{""value"":15.0,""pixel_y"":284.5,""text"":""15"",""confidence"":0.9999897161844511,""bbox"":[25.0,268.0,61.0,301.0]},{""value"":10.0,""pixel_y"":370.5,""text"":""10"",""confidence"":0.9999822140762555,""bbox"":[25.0,354.0,61.0,387.0]},{""value"":5.0,""pixel_y"":458.0,""text"":""5"",""confidence"":0.999993562708724,""bbox"":[38.0,442.0,64.0,474.0]},{""value"":0.0,""pixel_y"":545.0,""text"":""0"",""confidence"":0.999994277962287,""bbox"":[39.0,531.0,60.0,559.0]}]",-0.05768877853258587,31.41711196047713,0.9999937695919957,0.7526509532445931,5.0,30.497172771251517,"[76.288,63.925,1008.64,592.575]","[410,177,38,368]",null,429.0,177.0,2.8532953895902797,21.206198160209432,0.19380183979056653,0.00905616073787694,0.0063547477415105144,6401,90.1,percentage,5.0,False
fgmvp_0041,f1d40aa21987750e8179647ae782b8b4b51a915699584e4f9370ae3afe789094,2512,bar,/data/liu_jun/finmme_reproduction/outputs/cache/phase2c_official_jpeg/2512.jpg,phase6_geometry_scale/masked_images/fgmvp_0041.png,phase6_geometry_scale/debug_overlays/fgmvp_0041.png,17.4,17.4,0.9461350369825455,17.4,0.8789874210125168,"[500.0,199.0,558.0,232.0]",2196,"[25.0,20.0,15.0,10.0,5.0,0.0]","[111.5,198.0,284.5,370.5,458.0,545.0]","[{""value"":25.0,""pixel_y"":111.5,""text"":""25"",""confidence"":0.9999993256504904,""bbox"":[23.0,95.0,61.0,128.0]},{""value"":20.0,""pixel_y"":198.0,""text"":""20"",""confidence"":0.9999973868963923,""bbox"":[23.0,182.0,61.0,214.0]},{""value"":15.0,""pixel_y"":284.5,""text"":""15"",""confidence"":0.9999897161844511,""bbox"":[25.0,268.0,61.0,301.0]},{""value"":10.0,""pixel_y"":370.5,""text"":""10"",""confidence"":0.9999822140762555,""bbox"":[25.0,354.0,61.0,387.0]},{""value"":5.0,""pixel_y"":458.0,""text"":""5"",""confidence"":0.999993562708724,""bbox"":[38.0,442.0,64.0,474.0]},{""value"":0.0,""pixel_y"":545.0,""text"":""0"",""confidence"":0.999994277962287,""bbox"":[39.0,531.0,60.0,559.0]}]",-0.05768877853258587,31.41711196047713,0.9999937695919957,0.7526509532445931,5.0,30.497172771251517,"[76.288,63.925,1008.64,592.575]","[510,246,39,298]",null,529.5,246.0,2.670767751233962,17.225672441461008,0.17432755853899096,0.010018825203390286,0.005716187524875181,6401,90.1,percentage,5.0,False
fgmvp_0042,5d753d0bfff6fb1f9f39897470fcb185c25ad7ddfd8c07fd87bd4e13704a9671,4459,bar,/data/liu_jun/finmme_reproduction/outputs/cache/phase2c_official_jpeg/4459.jpg,phase6_geometry_scale/masked_images/fgmvp_0042.png,phase6_geometry_scale/debug_overlays/fgmvp_0042.png,52.1,52.1,0.9977295398712158,52.1,0.8361614691473134,"[908.0,110.0,963.0,142.0]",2030,"[53.0,52.0,51.0,50.0,49.0,48.0,47.0,46.0,45.0,44.0,43.0]","[111.0,158.0,204.5,252.5,298.5,346.5,393.5,441.5,487.5,534.0,582.0]","[{""value"":53.0,""pixel_y"":111.0,""text"":""53.0"",""confidence"":0.8963560730981532,""bbox"":[29.0,93.0,87.0,129.0]},{""value"":52.0,""pixel_y"":158.0,""text"":""52.0"",""confidence"":0.9912298874572681,""bbox"":[30.0,142.0,86.0,174.0]},{""value"":51.0,""pixel_y"":204.5,""text"":""51.0"",""confidence"":0.7998831477913162,""bbox"":[30.0,188.0,86.0,221.0]},{""value"":50.0,""pixel_y"":252.5,""text"":""50.0"",""confidence"":0.9992750287055969,""bbox"":[30.0,236.0,86.0,269.0]},{""value"":49.0,""pixel_y"":298.5,""text"":""49.0"",""confidence"":0.9997302889823914,""bbox"":[30.0,282.0,86.0,315.0]},{""value"":48.0,""pixel_y"":346.5,""text"":""48.0"",""confidence"":0.9996289014816284,""bbox"":[30.0,330.0,86.0,363.0]},{""value"":47.0,""pixel_y"":393.5,""text"":""47.0"",""confidence"":0.99984210729599,""bbox"":[30.0,377.0,86.0,410.0]},{""value"":46.0,""pixel_y"":441.5,""text"":""46.0"",""confidence"":0.7974915318681571,""bbox"":[30.0,425.0,86.0,458.0]},{""value"":45.0,""pixel_y"":487.5,""text"":""45.0"",""confidence"":0.9913163185119629,""bbox"":[30.0,471.0,86.0,504.0]},{""value"":44.0,""pixel_y"":534.0,""text"":""44.0"",""confidence"":0.9536918986846993,""bbox"":[30.0,518.0,86.0,550.0]},{""value"":43.0,""pixel_y"":582.0,""text"":""43.0"",""confidence"":0.8228218433469191,""bbox"":[30.0,566.0,86.0,598.0]}]",-0.021231201831089164,55.35275121595763,0.9999896062443002,0.9808390798556448,1.0,11.097549197110304,"[99.288,85.15,1008.64,607.85]","[919,155,30,427]",null,934.0,155.0,2.8282640656968443,52.06191493213881,0.03808506786118926,0.0007309993831322314,0.003431844922219966,4459,-4.7,percentage,2.0,False
fgmvp_0043,5d753d0bfff6fb1f9f39897470fcb185c25ad7ddfd8c07fd87bd4e13704a9671,4459,bar,/data/liu_jun/finmme_reproduction/outputs/cache/phase2c_official_jpeg/4459.jpg,phase6_geometry_scale/masked_images/fgmvp_0043.png,phase6_geometry_scale/debug_overlays/fgmvp_0043.png,51.6,51.6,0.9952433910479849,51.6,0.9991281628608704,"[809.0,128.0,871.0,164.0]",2535,"[53.0,52.0,51.0,50.0,49.0,46.0,45.0,44.0,43.0]","[111.0,158.0,204.5,252.5,298.5,441.5,487.5,534.0,582.0]","[{""value"":53.0,""pixel_y"":111.0,""text"":""53.0"",""confidence"":0.8963560730981532,""bbox"":[29.0,93.0,87.0,129.0]},{""value"":52.0,""pixel_y"":158.0,""text"":""52.0"",""confidence"":0.9912298874572681,""bbox"":[30.0,142.0,86.0,174.0]},{""value"":51.0,""pixel_y"":204.5,""text"":""51.0"",""confidence"":0.7998831477913162,""bbox"":[30.0,188.0,86.0,221.0]},{""value"":50.0,""pixel_y"":252.5,""text"":""50.0"",""confidence"":0.9992750287055969,""bbox"":[30.0,236.0,86.0,269.0]},{""value"":49.0,""pixel_y"":298.5,""text"":""49.0"",""confidence"":0.9997302889823914,""bbox"":[30.0,282.0,86.0,315.0]},{""value"":46.0,""pixel_y"":441.5,""text"":""46.0"",""confidence"":0.7974915318681571,""bbox"":[30.0,425.0,86.0,458.0]},{""value"":45.0,""pixel_y"":487.5,""text"":""45.0"",""confidence"":0.9913163185119629,""bbox"":[30.0,471.0,86.0,504.0]},{""value"":44.0,""pixel_y"":534.0,""text"":""44.0"",""confidence"":0.9536918986846993,""bbox"":[30.0,518.0,86.0,550.0]},{""value"":43.0,""pixel_y"":582.0,""text"":""43.0"",""confidence"":0.8228218433469191,""bbox"":[30.0,566.0,86.0,598.0]}]",-0.021231663730410265,55.35228798005492,0.9999896967393331,1.0122408302101118,1.0,11.091951924359584,"[99.288,85.2875,1008.64,607.7125]","[822,176,30,406]",null,837.0,176.0,2.788679634615378,51.615515163502714,0.015515163502712426,0.00030068146323086097,0.0013987766633426176,4459,-4.7,percentage,2.0,False
fgmvp_0044,5d753d0bfff6fb1f9f39897470fcb185c25ad7ddfd8c07fd87bd4e13704a9671,4459,bar,/data/liu_jun/finmme_reproduction/outputs/cache/phase2c_official_jpeg/4459.jpg,phase6_geometry_scale/masked_images/fgmvp_0044.png,phase6_geometry_scale/debug_overlays/fgmvp_0044.png,50.0,50.0,0.9999644160270691,50.0,0.9993689060211182,"[714.0,209.0,773.0,242.0]",2232,"[53.0,52.0,51.0,50.0,49.0,48.0,47.0,46.0,45.0,44.0,43.0]","[111.0,158.0,204.5,252.5,298.5,346.5,393.5,441.5,487.5,534.0,582.0]","[{""value"":53.0,""pixel_y"":111.0,""text"":""53.0"",""confidence"":0.8963560730981532,""bbox"":[29.0,93.0,87.0,129.0]},{""value"":52.0,""pixel_y"":158.0,""text"":""52.0"",""confidence"":0.9912298874572681,""bbox"":[30.0,142.0,86.0,174.0]},{""value"":51.0,""pixel_y"":204.5,""text"":""51.0"",""confidence"":0.7998831477913162,""bbox"":[30.0,188.0,86.0,221.0]},{""value"":50.0,""pixel_y"":252.5,""text"":""50.0"",""confidence"":0.9992750287055969,""bbox"":[30.0,236.0,86.0,269.0]},{""value"":49.0,""pixel_y"":298.5,""text"":""49.0"",""confidence"":0.9997302889823914,""bbox"":[30.0,282.0,86.0,315.0]},{""value"":48.0,""pixel_y"":346.5,""text"":""48.0"",""confidence"":0.9996289014816284,""bbox"":[30.0,330.0,86.0,363.0]},{""value"":47.0,""pixel_y"":393.5,""text"":""47.0"",""confidence"":0.99984210729599,""bbox"":[30.0,377.0,86.0,410.0]},{""value"":46.0,""pixel_y"":441.5,""text"":""46.0"",""confidence"":0.7974915318681571,""bbox"":[30.0,425.0,86.0,458.0]},{""value"":45.0,""pixel_y"":487.5,""text"":""45.0"",""confidence"":0.9913163185119629,""bbox"":[30.0,471.0,86.0,504.0]},{""value"":44.0,""pixel_y"":534.0,""text"":""44.0"",""confidence"":0.9536918986846993,""bbox"":[30.0,518.0,86.0,550.0]},{""value"":43.0,""pixel_y"":582.0,""text"":""43.0"",""confidence"":0.8228218433469191,""bbox"":[30.0,566.0,86.0,598.0]}]",-0.021231201831089164,55.35275121595763,0.9999896062443002,0.9808390798556448,1.0,11.097549197110304,"[99.288,85.15,1008.64,607.85]","[725,255,30,326]",null,740.0,255.0,2.630858493718882,49.938794749029896,0.06120525097010443,0.0012241050194020885,0.005515204292677675,4459,-4.7,percentage,2.0,False
fgmvp_0045,5d753d0bfff6fb1f9f39897470fcb185c25ad7ddfd8c07fd87bd4e13704a9671,4459,bar,/data/liu_jun/finmme_reproduction/outputs/cache/phase2c_official_jpeg/4459.jpg,phase6_geometry_scale/masked_images/fgmvp_0045.png,phase6_geometry_scale/debug_overlays/fgmvp_0045.png,48.5,48.5,0.991896390914917,48.5,0.9729150533676147,"[520.0,278.0,579.0,315.0]",2480,"[53.0,52.0,51.0,50.0,49.0,48.0,47.0,46.0,45.0,44.0,43.0]","[111.0,158.0,204.5,252.5,298.5,346.5,393.5,441.5,487.5,534.0,582.0]","[{""value"":53.0,""pixel_y"":111.0,""text"":""53.0"",""confidence"":0.8963560730981532,""bbox"":[29.0,93.0,87.0,129.0]},{""value"":52.0,""pixel_y"":158.0,""text"":""52.0"",""confidence"":0.9912298874572681,""bbox"":[30.0,142.0,86.0,174.0]},{""value"":51.0,""pixel_y"":204.5,""text"":""51.0"",""confidence"":0.7998831477913162,""bbox"":[30.0,188.0,86.0,221.0]},{""value"":50.0,""pixel_y"":252.5,""text"":""50.0"",""confidence"":0.9992750287055969,""bbox"":[30.0,236.0,86.0,269.0]},{""value"":49.0,""pixel_y"":298.5,""text"":""49.0"",""confidence"":0.9997302889823914,""bbox"":[30.0,282.0,86.0,315.0]},{""value"":48.0,""pixel_y"":346.5,""text"":""48.0"",""confidence"":0.9996289014816284,""bbox"":[30.0,330.0,86.0,363.0]},{""value"":47.0,""pixel_y"":393.5,""text"":""47.0"",""confidence"":0.99984210729599,""bbox"":[30.0,377.0,86.0,410.0]},{""value"":46.0,""pixel_y"":441.5,""text"":""46.0"",""confidence"":0.7974915318681571,""bbox"":[30.0,425.0,86.0,458.0]},{""value"":45.0,""pixel_y"":487.5,""text"":""45.0"",""confidence"":0.9913163185119629,""bbox"":[30.0,471.0,86.0,504.0]},{""value"":44.0,""pixel_y"":534.0,""text"":""44.0"",""confidence"":0.9536918986846993,""bbox"":[30.0,518.0,86.0,550.0]},{""value"":43.0,""pixel_y"":582.0,""text"":""43.0"",""confidence"":0.8228218433469191,""bbox"":[30.0,566.0,86.0,598.0]}]",-0.021231201831089164,55.35275121595763,0.9999896062443002,0.9808390798556448,1.0,11.097549197110304,"[99.288,85.15,1008.64,607.85]","[531,326,30,256]",null,546.0,326.0,2.494203865546028,48.43137941902256,0.06862058097743784,0.0014148573397409865,0.006183399573962329,4459,-4.7,percentage,2.0,False
fgmvp_0046,5d753d0bfff6fb1f9f39897470fcb185c25ad7ddfd8c07fd87bd4e13704a9671,4459,bar,/data/liu_jun/finmme_reproduction/outputs/cache/phase2c_official_jpeg/4459.jpg,phase6_geometry_scale/masked_images/fgmvp_0046.png,phase6_geometry_scale/debug_overlays/fgmvp_0046.png,47.2,47.2,0.7307151020256482,47.2,0.9863035180977832,"[326.0,340.0,384.0,373.0]",2196,"[53.0,52.0,51.0,50.0,49.0,48.0,47.0,46.0,45.0,44.0,43.0]","[111.0,158.0,204.5,252.5,298.5,346.5,393.5,441.5,487.5,534.0,582.0]","[{""value"":53.0,""pixel_y"":111.0,""text"":""53.0"",""confidence"":0.8963560730981532,""bbox"":[29.0,93.0,87.0,129.0]},{""value"":52.0,""pixel_y"":158.0,""text"":""52.0"",""confidence"":0.9912298874572681,""bbox"":[30.0,142.0,86.0,174.0]},{""value"":51.0,""pixel_y"":204.5,""text"":""51.0"",""confidence"":0.7998831477913162,""bbox"":[30.0,188.0,86.0,221.0]},{""value"":50.0,""pixel_y"":252.5,""text"":""50.0"",""confidence"":0.9992750287055969,""bbox"":[30.0,236.0,86.0,269.0]},{""value"":49.0,""pixel_y"":298.5,""text"":""49.0"",""confidence"":0.9997302889823914,""bbox"":[30.0,282.0,86.0,315.0]},{""value"":48.0,""pixel_y"":346.5,""text"":""48.0"",""confidence"":0.9996289014816284,""bbox"":[30.0,330.0,86.0,363.0]},{""value"":47.0,""pixel_y"":393.5,""text"":""47.0"",""confidence"":0.99984210729599,""bbox"":[30.0,377.0,86.0,410.0]},{""value"":46.0,""pixel_y"":441.5,""text"":""46.0"",""confidence"":0.7974915318681571,""bbox"":[30.0,425.0,86.0,458.0]},{""value"":45.0,""pixel_y"":487.5,""text"":""45.0"",""confidence"":0.9913163185119629,""bbox"":[30.0,471.0,86.0,504.0]},{""value"":44.0,""pixel_y"":534.0,""text"":""44.0"",""confidence"":0.9536918986846993,""bbox"":[30.0,518.0,86.0,550.0]},{""value"":43.0,""pixel_y"":582.0,""text"":""43.0"",""confidence"":0.8228218433469191,""bbox"":[30.0,566.0,86.0,598.0]}]",-0.021231201831089164,55.35275121595763,0.9999896062443002,0.9808390798556448,1.0,11.097549197110304,"[99.288,85.15,1008.64,607.85]","[337,386,31,195]",null,352.5,386.0,2.3027838792342012,47.15750730915721,0.04249269084279206,0.0009002688737879673,0.0038290157662789863,4459,-4.7,percentage,2.0,False
fgmvp_0047,41b6f61021b3f66a2b866d3a59504adb7637cf45b818c8d9c20202d0eb13fe1c,4268,bar,/data/liu_jun/finmme_reproduction/outputs/cache/phase2c_official_jpeg/4268.jpg,phase6_geometry_scale/masked_images/fgmvp_0047.png,phase6_geometry_scale/debug_overlays/fgmvp_0047.png,7.2,7.2,0.9770169258117676,7.2,0.7823264598846436,"[537.0,147.0,595.0,185.0]",2501,"[8.0,7.0,6.0,5.0,4.0,3.0,2.0,1.0]","[129.0,212.0,296.0,379.0,460.0,544.0,627.0,710.0]","[{""value"":8.0,""pixel_y"":129.0,""text"":""8.0"",""confidence"":0.7897827625274658,""bbox"":[19.0,110.0,78.0,148.0]},{""value"":7.0,""pixel_y"":212.0,""text"":""7.0"",""confidence"":0.9520696401596069,""bbox"":[21.0,193.0,78.0,231.0]},{""value"":6.0,""pixel_y"":296.0,""text"":""6.0"",""confidence"":0.6355680227279663,""bbox"":[19.0,277.0,78.0,315.0]},{""value"":5.0,""pixel_y"":379.0,""text"":""5.0"",""confidence"":0.9998864387634857,""bbox"":[19.0,360.0,78.0,398.0]},{""value"":4.0,""pixel_y"":460.0,""text"":""4.0"",""confidence"":0.8118902277251092,""bbox"":[21.0,441.0,78.0,479.0]},{""value"":3.0,""pixel_y"":544.0,""text"":""3.0"",""confidence"":0.8464372158050537,""bbox"":[19.0,525.0,78.0,563.0]},{""value"":2.0,""pixel_y"":627.0,""text"":""2.0"",""confidence"":0.9818876385688782,""bbox"":[19.0,608.0,78.0,646.0]},{""value"":1.0,""pixel_y"":710.0,""text"":""1.0"",""confidence"":0.9999766681867418,""bbox"":[22.0,691.0,78.0,729.0]}]",-0.012056725622099442,9.55930348917348,0.9999905643948428,1.0956293957228622,1.0,8.105736635737454,"[90.288,83.35,1008.64,755.65]","[541,201,40,555]",null,561.0,201.0,2.8313187126175086,7.135901639131492,0.06409836086850795,0.008902550120626105,0.007907777386438159,7457,7.8,percentage,2.0,False
fgmvp_0048,41b6f61021b3f66a2b866d3a59504adb7637cf45b818c8d9c20202d0eb13fe1c,4268,bar,/data/liu_jun/finmme_reproduction/outputs/cache/phase2c_official_jpeg/4268.jpg,phase6_geometry_scale/masked_images/fgmvp_0048.png,phase6_geometry_scale/debug_overlays/fgmvp_0048.png,4.1,4.1,0.9999863725603885,4.1,0.978841715900906,"[136.0,401.0,187.0,438.0]",2160,"[8.0,7.0,6.0,5.0,4.0,3.0,2.0,1.0]","[129.0,212.0,296.0,379.0,460.0,544.0,627.0,710.0]","[{""value"":8.0,""pixel_y"":129.0,""text"":""8.0"",""confidence"":0.7897827625274658,""bbox"":[19.0,110.0,78.0,148.0]},{""value"":7.0,""pixel_y"":212.0,""text"":""7.0"",""confidence"":0.9520696401596069,""bbox"":[21.0,193.0,78.0,231.0]},{""value"":6.0,""pixel_y"":296.0,""text"":""6.0"",""confidence"":0.6355680227279663,""bbox"":[19.0,277.0,78.0,315.0]},{""value"":5.0,""pixel_y"":379.0,""text"":""5.0"",""confidence"":0.9998864387634857,""bbox"":[19.0,360.0,78.0,398.0]},{""value"":4.0,""pixel_y"":460.0,""text"":""4.0"",""confidence"":0.8118902277251092,""bbox"":[21.0,441.0,78.0,479.0]},{""value"":3.0,""pixel_y"":544.0,""text"":""3.0"",""confidence"":0.8464372158050537,""bbox"":[19.0,525.0,78.0,563.0]},{""value"":2.0,""pixel_y"":627.0,""text"":""2.0"",""confidence"":0.9818876385688782,""bbox"":[19.0,608.0,78.0,646.0]},{""value"":1.0,""pixel_y"":710.0,""text"":""1.0"",""confidence"":0.9999766681867418,""bbox"":[22.0,691.0,78.0,729.0]}]",-0.012056725622099442,9.55930348917348,0.9999905643948428,1.0956293957228622,1.0,8.105736635737454,"[90.288,83.35,1008.64,755.65]","[139,454,41,302]",null,159.5,454.0,2.4084866223130836,4.085550056740334,0.014449943259665865,0.0035243764047965527,0.0017826810700902103,7457,7.8,percentage,2.0,False
fgmvp_0049,41b6f61021b3f66a2b866d3a59504adb7637cf45b818c8d9c20202d0eb13fe1c,4268,bar,/data/liu_jun/finmme_reproduction/outputs/cache/phase2c_official_jpeg/4268.jpg,phase6_geometry_scale/masked_images/fgmvp_0049.png,phase6_geometry_scale/debug_overlays/fgmvp_0049.png,3.1,3.1,0.9999852025288544,3.1,0.9999757046326001,"[336.0,483.0,387.0,523.0]",2322,"[8.0,7.0,6.0,5.0,4.0,3.0,2.0,1.0]","[129.0,212.0,296.0,379.0,460.0,544.0,627.0,710.0]","[{""value"":8.0,""pixel_y"":129.0,""text"":""8.0"",""confidence"":0.7897827625274658,""bbox"":[19.0,110.0,78.0,148.0]},{""value"":7.0,""pixel_y"":212.0,""text"":""7.0"",""confidence"":0.9520696401596069,""bbox"":[21.0,193.0,78.0,231.0]},{""value"":6.0,""pixel_y"":296.0,""text"":""6.0"",""confidence"":0.6355680227279663,""bbox"":[19.0,277.0,78.0,315.0]},{""value"":5.0,""pixel_y"":379.0,""text"":""5.0"",""confidence"":0.9998864387634857,""bbox"":[19.0,360.0,78.0,398.0]},{""value"":4.0,""pixel_y"":460.0,""text"":""4.0"",""confidence"":0.8118902277251092,""bbox"":[21.0,441.0,78.0,479.0]},{""value"":3.0,""pixel_y"":544.0,""text"":""3.0"",""confidence"":0.8464372158050537,""bbox"":[19.0,525.0,78.0,563.0]},{""value"":2.0,""pixel_y"":627.0,""text"":""2.0"",""confidence"":0.9818876385688782,""bbox"":[19.0,608.0,78.0,646.0]},{""value"":1.0,""pixel_y"":710.0,""text"":""1.0"",""confidence"":0.9999766681867418,""bbox"":[22.0,691.0,78.0,729.0]}]",-0.012056725622099442,9.55930348917348,0.9999905643948428,1.0956293957228622,1.0,8.105736635737454,"[90.288,83.35,1008.64,755.65]","[340,537,41,219]",null,360.5,537.0,2.340081874996001,3.08484183010608,0.01515816989392027,0.004889732223845249,0.0018700545767906251,7457,7.8,percentage,2.0,False
fgmvp_0050,ebaa929cc7a5fe4976ef33944033187910384cb02e46bf293843fcb64721bd9c,2467,bar,/data/liu_jun/finmme_reproduction/outputs/cache/phase2c_official_jpeg/2467.jpg,phase6_geometry_scale/masked_images/fgmvp_0050.png,phase6_geometry_scale/debug_overlays/fgmvp_0050.png,29.5,29.5,0.9029287222188872,29.5,0.8517489527946775,"[399.0,135.0,458.0,168.0]",2232,"[35.0,30.0,25.0,20.0,15.0,10.0,5.0,0.0]","[110.0,172.5,234.5,298.5,361.5,423.5,488.5,548.5]","[{""value"":35.0,""pixel_y"":110.0,""text"":""35"",""confidence"":0.8680434350302739,""bbox"":[23.0,94.0,61.0,126.0]},{""value"":30.0,""pixel_y"":172.5,""text"":""30"",""confidence"":0.9999946895012176,""bbox"":[23.0,156.0,59.0,189.0]},{""value"":25.0,""pixel_y"":234.5,""text"":""25"",""confidence"":0.8730983514221858,""bbox"":[23.0,218.0,61.0,251.0]},{""value"":20.0,""pixel_y"":298.5,""text"":""20"",""confidence"":0.5353534138971723,""bbox"":[23.0,282.0,61.0,315.0]},{""value"":15.0,""pixel_y"":361.5,""text"":""15"",""confidence"":0.9999903905320627,""bbox"":[23.0,345.0,61.0,378.0]},{""value"":10.0,""pixel_y"":423.5,""text"":""10"",""confidence"":0.9999860072749682,""bbox"":[23.0,407.0,61.0,440.0]},{""value"":5.0,""pixel_y"":488.5,""text"":""5"",""confidence"":0.9999872446466931,""bbox"":[38.0,473.0,62.0,504.0]},{""value"":0.0,""pixel_y"":548.5,""text"":""0"",""confidence"":0.9999964237245109,""bbox"":[39.0,535.0,58.0,562.0]}]",-0.07955033231041955,43.72675018359143,0.9999666176972861,1.679278340752192,5.0,40.351906064460316,"[74.288,75.625,1008.64,582.875]","[409,181,40,368]",null,429.0,181.0,2.8893767441370186,29.32814003540549,0.17185996459451047,0.005825761511678321,0.004259029655748407,6049,21.45,percentage,3.0,False
fgmvp_0051,ebaa929cc7a5fe4976ef33944033187910384cb02e46bf293843fcb64721bd9c,2467,bar,/data/liu_jun/finmme_reproduction/outputs/cache/phase2c_official_jpeg/2467.jpg,phase6_geometry_scale/masked_images/fgmvp_0051.png,phase6_geometry_scale/debug_overlays/fgmvp_0051.png,25.7,25.7,0.9721034937603801,25.7,0.4210351517958598,"[601.0,183.0,656.0,216.0]",2088,"[35.0,30.0,25.0,20.0,15.0,10.0,5.0,0.0]","[110.0,172.5,234.5,298.5,361.5,423.5,488.5,548.5]","[{""value"":35.0,""pixel_y"":110.0,""text"":""35"",""confidence"":0.8680434350302739,""bbox"":[23.0,94.0,61.0,126.0]},{""value"":30.0,""pixel_y"":172.5,""text"":""30"",""confidence"":0.9999946895012176,""bbox"":[23.0,156.0,59.0,189.0]},{""value"":25.0,""pixel_y"":234.5,""text"":""25"",""confidence"":0.8730983514221858,""bbox"":[23.0,218.0,61.0,251.0]},{""value"":20.0,""pixel_y"":298.5,""text"":""20"",""confidence"":0.5353534138971723,""bbox"":[23.0,282.0,61.0,315.0]},{""value"":15.0,""pixel_y"":361.5,""text"":""15"",""confidence"":0.9999903905320627,""bbox"":[23.0,345.0,61.0,378.0]},{""value"":10.0,""pixel_y"":423.5,""text"":""10"",""confidence"":0.9999860072749682,""bbox"":[23.0,407.0,61.0,440.0]},{""value"":5.0,""pixel_y"":488.5,""text"":""5"",""confidence"":0.9999872446466931,""bbox"":[38.0,473.0,62.0,504.0]},{""value"":0.0,""pixel_y"":548.5,""text"":""0"",""confidence"":0.9999964237245109,""bbox"":[39.0,535.0,58.0,562.0]}]",-0.07955033231041955,43.72675018359143,0.9999666176972861,1.679278340752192,5.0,40.351906064460316,"[74.288,75.625,1008.64,582.875]","[610,229,40,320]",null,630.0,229.0,2.791283665198074,25.50972408450535,0.19027591549464873,0.0074037321204143474,0.004715413323739694,6049,21.45,percentage,3.0,False
fgmvp_0052,ebaa929cc7a5fe4976ef33944033187910384cb02e46bf293843fcb64721bd9c,2467,bar,/data/liu_jun/finmme_reproduction/outputs/cache/phase2c_official_jpeg/2467.jpg,phase6_geometry_scale/masked_images/fgmvp_0052.png,phase6_geometry_scale/debug_overlays/fgmvp_0052.png,23.6,23.6,0.8302121797628044,23.6,0.7142837076298665,"[702.0,209.0,758.0,242.0]",2124,"[35.0,30.0,25.0,20.0,15.0,10.0,5.0,0.0]","[110.0,172.5,234.5,298.5,361.5,423.5,488.5,548.5]","[{""value"":35.0,""pixel_y"":110.0,""text"":""35"",""confidence"":0.8680434350302739,""bbox"":[23.0,94.0,61.0,126.0]},{""value"":30.0,""pixel_y"":172.5,""text"":""30"",""confidence"":0.9999946895012176,""bbox"":[23.0,156.0,59.0,189.0]},{""value"":25.0,""pixel_y"":234.5,""text"":""25"",""confidence"":0.8730983514221858,""bbox"":[23.0,218.0,61.0,251.0]},{""value"":20.0,""pixel_y"":298.5,""text"":""20"",""confidence"":0.5353534138971723,""bbox"":[23.0,282.0,61.0,315.0]},{""value"":15.0,""pixel_y"":361.5,""text"":""15"",""confidence"":0.9999903905320627,""bbox"":[23.0,345.0,61.0,378.0]},{""value"":10.0,""pixel_y"":423.5,""text"":""10"",""confidence"":0.9999860072749682,""bbox"":[23.0,407.0,61.0,440.0]},{""value"":5.0,""pixel_y"":488.5,""text"":""5"",""confidence"":0.9999872446466931,""bbox"":[38.0,473.0,62.0,504.0]},{""value"":0.0,""pixel_y"":548.5,""text"":""0"",""confidence"":0.9999964237245109,""bbox"":[39.0,535.0,58.0,562.0]}]",-0.07955033231041955,43.72675018359143,0.9999666176972861,1.679278340752192,5.0,40.351906064460316,"[74.288,75.625,1008.64,582.875]","[710,255,41,294]",null,730.5,255.0,2.6907977989209857,23.44141544443444,0.15858455556556095,0.006719684557862752,0.003930038777157872,6049,21.45,percentage,3.0,False
fgmvp_0053,ebaa929cc7a5fe4976ef33944033187910384cb02e46bf293843fcb64721bd9c,2467,bar,/data/liu_jun/finmme_reproduction/outputs/cache/phase2c_official_jpeg/2467.jpg,phase6_geometry_scale/masked_images/fgmvp_0053.png,phase6_geometry_scale/debug_overlays/fgmvp_0053.png,16.1,16.1,0.9998493790626526,16.1,0.9998500943183899,"[97.0,301.0,151.0,337.0]",2223,"[35.0,30.0,25.0,20.0,15.0,10.0,5.0,0.0]","[110.0,172.5,234.5,298.5,361.5,423.5,488.5,548.5]","[{""value"":35.0,""pixel_y"":110.0,""text"":""35"",""confidence"":0.8680434350302739,""bbox"":[23.0,94.0,61.0,126.0]},{""value"":30.0,""pixel_y"":172.5,""text"":""30"",""confidence"":0.9999937622721186,""bbox"":[23.0,156.0,61.0,189.0]},{""value"":25.0,""pixel_y"":234.5,""text"":""25"",""confidence"":0.8730983514221858,""bbox"":[23.0,218.0,61.0,251.0]},{""value"":20.0,""pixel_y"":298.5,""text"":""20"",""confidence"":0.5353534138971723,""bbox"":[23.0,282.0,61.0,315.0]},{""value"":15.0,""pixel_y"":361.5,""text"":""15"",""confidence"":0.9999903905320627,""bbox"":[23.0,345.0,61.0,378.0]},{""value"":10.0,""pixel_y"":423.5,""text"":""10"",""confidence"":0.9999860072749682,""bbox"":[23.0,407.0,61.0,440.0]},{""value"":5.0,""pixel_y"":488.5,""text"":""5"",""confidence"":0.9999872446466931,""bbox"":[38.0,473.0,62.0,504.0]},{""value"":0.0,""pixel_y"":548.5,""text"":""0"",""confidence"":0.9999964237245109,""bbox"":[39.0,535.0,58.0,562.0]}]",-0.07955033231041955,43.72675018359143,0.9999666176972861,1.679278340752192,5.0,40.351906064460316,"[74.288,75.625,1008.64,582.875]","[106,349,41,200]",null,126.5,349.0,2.5000611006841673,15.963684207255003,0.13631579274499828,0.008466819425155172,0.0033781748135327254,6049,21.45,percentage,3.0,False
fgmvp_0054,ebaa929cc7a5fe4976ef33944033187910384cb02e46bf293843fcb64721bd9c,2467,bar,/data/liu_jun/finmme_reproduction/outputs/cache/phase2c_official_jpeg/2467.jpg,phase6_geometry_scale/masked_images/fgmvp_0054.png,phase6_geometry_scale/debug_overlays/fgmvp_0054.png,19.1,19.1,0.8584835599465127,19.1,0.5879335127036205,"[197.0,264.0,252.0,300.0]",2262,"[35.0,30.0,25.0,20.0,15.0,10.0,5.0,0.0]","[110.0,172.5,234.5,298.5,361.5,423.5,488.5,548.5]","[{""value"":35.0,""pixel_y"":110.0,""text"":""35"",""confidence"":0.8680434350302739,""bbox"":[23.0,94.0,61.0,126.0]},{""value"":30.0,""pixel_y"":172.5,""text"":""30"",""confidence"":0.9999946895012176,""bbox"":[23.0,156.0,59.0,189.0]},{""value"":25.0,""pixel_y"":234.5,""text"":""25"",""confidence"":0.8730983514221858,""bbox"":[23.0,218.0,61.0,251.0]},{""value"":20.0,""pixel_y"":298.5,""text"":""20"",""confidence"":0.5353534138971723,""bbox"":[23.0,282.0,61.0,315.0]},{""value"":15.0,""pixel_y"":361.5,""text"":""15"",""confidence"":0.9999903905320627,""bbox"":[23.0,345.0,61.0,378.0]},{""value"":10.0,""pixel_y"":423.5,""text"":""10"",""confidence"":0.9999860072749682,""bbox"":[23.0,407.0,61.0,440.0]},{""value"":5.0,""pixel_y"":488.5,""text"":""5"",""confidence"":0.9999872446466931,""bbox"":[38.0,473.0,62.0,504.0]},{""value"":0.0,""pixel_y"":548.5,""text"":""0"",""confidence"":0.9999964237245109,""bbox"":[39.0,535.0,58.0,562.0]}]",-0.07955033231041955,43.72675018359143,0.9999666176972861,1.679278340752192,5.0,40.351906064460316,"[74.288,75.625,1008.64,582.875]","[207,312,40,237]",null,227.0,312.0,2.628829823555218,18.907046502740528,0.19295349725947375,0.010102277343427944,0.004781769092920652,6049,21.45,percentage,3.0,False
fgmvp_0055,ebaa929cc7a5fe4976ef33944033187910384cb02e46bf293843fcb64721bd9c,2467,bar,/data/liu_jun/finmme_reproduction/outputs/cache/phase2c_official_jpeg/2467.jpg,phase6_geometry_scale/masked_images/fgmvp_0055.png,phase6_geometry_scale/debug_overlays/fgmvp_0055.png,15.6,15.6,0.9912114143371582,15.6,0.9976664781570435,"[802.0,310.0,861.0,342.0]",2170,"[35.0,30.0,25.0,20.0,15.0,10.0,5.0,0.0]","[110.0,172.5,234.5,298.5,361.5,423.5,488.5,548.5]","[{""value"":35.0,""pixel_y"":110.0,""text"":""35"",""confidence"":0.8680434350302739,""bbox"":[23.0,94.0,61.0,126.0]},{""value"":30.0,""pixel_y"":172.5,""text"":""30"",""confidence"":0.9999946895012176,""bbox"":[23.0,156.0,59.0,189.0]},{""value"":25.0,""pixel_y"":234.5,""text"":""25"",""confidence"":0.8730983514221858,""bbox"":[23.0,218.0,61.0,251.0]},{""value"":20.0,""pixel_y"":298.5,""text"":""20"",""confidence"":0.5353534138971723,""bbox"":[23.0,282.0,61.0,315.0]},{""value"":15.0,""pixel_y"":361.5,""text"":""15"",""confidence"":0.9999903905320627,""bbox"":[23.0,345.0,61.0,378.0]},{""value"":10.0,""pixel_y"":423.5,""text"":""10"",""confidence"":0.9999860072749682,""bbox"":[23.0,407.0,61.0,440.0]},{""value"":5.0,""pixel_y"":488.5,""text"":""5"",""confidence"":0.9999872446466931,""bbox"":[38.0,473.0,62.0,504.0]},{""value"":0.0,""pixel_y"":548.5,""text"":""0"",""confidence"":0.9999964237245109,""bbox"":[39.0,535.0,58.0,562.0]}]",-0.07955033231041955,43.72675018359143,0.9999666176972861,1.679278340752192,5.0,40.351906064460316,"[74.288,75.625,1008.64,582.875]","[810,355,41,194]",null,830.5,355.0,2.49150050785259,15.486382213392485,0.11361778660751476,0.007283191449199664,0.002815673351985296,6049,21.45,percentage,3.0,False
fgmvp_0056,ebaa929cc7a5fe4976ef33944033187910384cb02e46bf293843fcb64721bd9c,2467,bar,/data/liu_jun/finmme_reproduction/outputs/cache/phase2c_official_jpeg/2467.jpg,phase6_geometry_scale/masked_images/fgmvp_0056.png,phase6_geometry_scale/debug_overlays/fgmvp_0056.png,12.1,12.1,0.9999126195907593,12.1,0.5934259500198048,"[903.0,353.0,955.0,386.0]",1980,"[35.0,30.0,25.0,20.0,15.0,10.0,5.0,0.0]","[110.0,172.5,234.5,298.5,361.5,423.5,488.5,548.5]","[{""value"":35.0,""pixel_y"":110.0,""text"":""35"",""confidence"":0.8680434350302739,""bbox"":[23.0,94.0,61.0,126.0]},{""value"":30.0,""pixel_y"":172.5,""text"":""30"",""confidence"":0.9999946895012176,""bbox"":[23.0,156.0,59.0,189.0]},{""value"":25.0,""pixel_y"":234.5,""text"":""25"",""confidence"":0.8730983514221858,""bbox"":[23.0,218.0,61.0,251.0]},{""value"":20.0,""pixel_y"":298.5,""text"":""20"",""confidence"":0.5353534138971723,""bbox"":[23.0,282.0,61.0,315.0]},{""value"":15.0,""pixel_y"":361.5,""text"":""15"",""confidence"":0.9999903905320627,""bbox"":[23.0,345.0,61.0,378.0]},{""value"":10.0,""pixel_y"":423.5,""text"":""10"",""confidence"":0.9999860072749682,""bbox"":[23.0,407.0,61.0,440.0]},{""value"":5.0,""pixel_y"":488.5,""text"":""5"",""confidence"":0.9999872446466931,""bbox"":[38.0,473.0,62.0,504.0]},{""value"":0.0,""pixel_y"":548.5,""text"":""0"",""confidence"":0.9999964237245109,""bbox"":[39.0,535.0,58.0,562.0]}]",-0.07955033231041955,43.72675018359143,0.9999666176972861,1.679278340752192,5.0,40.351906064460316,"[74.288,75.625,1008.64,582.875]","[911,399,41,150]",null,931.5,399.0,2.351796688958352,11.986167591734027,0.11383240826597252,0.00940763704677459,0.002820992100946371,6049,21.45,percentage,3.0,False
fgmvp_0057,2299bdb915a90a685d20abce3696ca7a7ecce5c65583c0c45b03286b808815bc,1687,line,/data/liu_jun/finmme_reproduction/outputs/cache/phase2c_official_jpeg/1687.jpg,phase6_geometry_scale/masked_images/fgmvp_0057.png,phase6_geometry_scale/debug_overlays/fgmvp_0057.png,7%,7.0,0.8123738500320508,7%,0.9935248991844471,"[912.0,585.0,969.0,623.0]",2460,"[30.0,25.0,20.0,15.0,10.0,5.0,0.0]","[318.0,390.0,461.0,532.0,603.5,675.0,745.0]","[{""value"":30.0,""pixel_y"":318.0,""text"":""30%"",""confidence"":0.5299980044364929,""bbox"":[30.0,299.0,105.0,337.0]},{""value"":25.0,""pixel_y"":390.0,""text"":""25%"",""confidence"":0.9670979602771813,""bbox"":[30.0,371.0,105.0,409.0]},{""value"":20.0,""pixel_y"":461.0,""text"":""20%"",""confidence"":0.9741378792056079,""bbox"":[30.0,443.0,107.0,479.0]},{""value"":15.0,""pixel_y"":532.0,""text"":""15%"",""confidence"":0.979369580745697,""bbox"":[32.0,513.0,107.0,551.0]},{""value"":10.0,""pixel_y"":603.5,""text"":""10%"",""confidence"":0.9771045502383008,""bbox"":[32.0,585.0,107.0,622.0]},{""value"":5.0,""pixel_y"":675.0,""text"":""5%"",""confidence"":0.8806882265446063,""bbox"":[49.0,656.0,107.0,694.0]},{""value"":0.0,""pixel_y"":745.0,""text"":""0%"",""confidence"":0.8420699542317895,""bbox"":[48.0,726.0,107.0,764.0]}]",-0.07022768071253838,52.366142401978465,0.9999920107174652,0.6624207244974446,5.0,35.491314140099085,"[119.288,278.8125,1008.64,784.1875]",null,"[940.5,658.4503794137586]",940.5,658.4503794137586,1.7715238830107318,6.124699391459274,0.8753006085407264,0.12504294407724664,0.024662389369003026,1687|2755,15|5,percentage|percentage,3.0|2.0,False
fgmvp_0058,2248cf613c21b6c59108d6336a58f37996a264eb4d5057860063723eaa6eb615,1515,bar,/data/liu_jun/finmme_reproduction/outputs/cache/phase2c_official_jpeg/1515.jpg,phase6_geometry_scale/masked_images/fgmvp_0058.png,phase6_geometry_scale/debug_overlays/fgmvp_0058.png,300,300.0,0.9998363347188046,300,0.9998245658230296,"[75.0,40.0,109.0,60.0]",777,"[350.0,300.0,250.0,200.0,150.0,100.0,50.0]","[22.0,65.5,110.0,154.5,198.0,242.5,286.0]","[{""value"":350.0,""pixel_y"":22.0,""text"":""350"",""confidence"":0.9999315877512048,""bbox"":[9.0,10.0,45.0,34.0]},{""value"":300.0,""pixel_y"":65.5,""text"":""300"",""confidence"":0.5553536415100098,""bbox"":[10.0,55.0,44.0,76.0]},{""value"":250.0,""pixel_y"":110.0,""text"":""250"",""confidence"":0.9999953198664192,""bbox"":[9.0,98.0,45.0,122.0]},{""value"":200.0,""pixel_y"":154.5,""text"":""200"",""confidence"":0.9998145863645451,""bbox"":[10.0,144.0,44.0,165.0]},{""value"":150.0,""pixel_y"":198.0,""text"":""150"",""confidence"":0.933643102645874,""bbox"":[9.0,186.0,45.0,210.0]},{""value"":100.0,""pixel_y"":242.5,""text"":""100"",""confidence"":0.9983940606403104,""bbox"":[10.0,232.0,44.0,253.0]},{""value"":50.0,""pixel_y"":286.0,""text"":""50"",""confidence"":0.9994293793670667,""bbox"":[18.0,274.0,45.0,298.0]}]",-1.1345099594686523,374.7955701838486,0.9999894928459415,0.4285714285715706,50.0,344.7605590331314,"[57.288,6.3149999999999995,1008.64,310.2]","[73,66,34,244]",null,90.0,66.0,2.783240203080404,299.9179128589176,0.08208714108241111,0.000273623803608037,0.0002380989905359869,1515,157,basis points,10.0,False
fgmvp_0059,2248cf613c21b6c59108d6336a58f37996a264eb4d5057860063723eaa6eb615,1515,bar,/data/liu_jun/finmme_reproduction/outputs/cache/phase2c_official_jpeg/1515.jpg,phase6_geometry_scale/masked_images/fgmvp_0059.png,phase6_geometry_scale/debug_overlays/fgmvp_0059.png,105,105.0,0.9999768058373436,105,0.9999989676173402,"[842.0,210.0,880.0,234.0]",1025,"[350.0,300.0,250.0,200.0,150.0,100.0,50.0]","[22.0,65.5,110.0,154.5,198.0,242.5,286.0]","[{""value"":350.0,""pixel_y"":22.0,""text"":""350"",""confidence"":0.9999315877512048,""bbox"":[9.0,10.0,45.0,34.0]},{""value"":300.0,""pixel_y"":65.5,""text"":""300"",""confidence"":0.5553536415100098,""bbox"":[10.0,55.0,44.0,76.0]},{""value"":250.0,""pixel_y"":110.0,""text"":""250"",""confidence"":0.9999953198664192,""bbox"":[9.0,98.0,45.0,122.0]},{""value"":200.0,""pixel_y"":154.5,""text"":""200"",""confidence"":0.9998145863645451,""bbox"":[10.0,144.0,44.0,165.0]},{""value"":150.0,""pixel_y"":198.0,""text"":""150"",""confidence"":0.933643102645874,""bbox"":[9.0,186.0,45.0,210.0]},{""value"":100.0,""pixel_y"":242.5,""text"":""100"",""confidence"":0.9983940606403104,""bbox"":[10.0,232.0,44.0,253.0]},{""value"":50.0,""pixel_y"":286.0,""text"":""50"",""confidence"":0.9994293793670667,""bbox"":[18.0,274.0,45.0,298.0]}]",-1.1345099594686523,374.7955701838486,0.9999894928459415,0.4285714285715706,50.0,344.7605590331314,"[57.288,6.3149999999999995,1008.64,310.2]","[842,238,33,72]",null,858.5,238.0,2.22314180380855,104.78219983030937,0.21780016969063354,0.002074287330386986,0.000631743289607855,1515,157,basis points,10.0,False
fgmvp_0060,2248cf613c21b6c59108d6336a58f37996a264eb4d5057860063723eaa6eb615,1515,bar,/data/liu_jun/finmme_reproduction/outputs/cache/phase2c_official_jpeg/1515.jpg,phase6_geometry_scale/masked_images/fgmvp_0060.png,phase6_geometry_scale/debug_overlays/fgmvp_0060.png,49,49.0,0.9999715088492855,49,0.5939455836550777,"[976.0,261.0,1001.0,281.0]",567,"[350.0,300.0,250.0,200.0,150.0,100.0,50.0]","[22.0,65.5,110.0,154.5,198.0,242.5,286.0]","[{""value"":350.0,""pixel_y"":22.0,""text"":""350"",""confidence"":0.9999315877512048,""bbox"":[9.0,10.0,45.0,34.0]},{""value"":300.0,""pixel_y"":65.5,""text"":""300"",""confidence"":0.5553536415100098,""bbox"":[10.0,55.0,44.0,76.0]},{""value"":250.0,""pixel_y"":110.0,""text"":""250"",""confidence"":0.9999953198664192,""bbox"":[9.0,98.0,45.0,122.0]},{""value"":200.0,""pixel_y"":154.5,""text"":""200"",""confidence"":0.9998145863645451,""bbox"":[10.0,144.0,44.0,165.0]},{""value"":150.0,""pixel_y"":198.0,""text"":""150"",""confidence"":0.933643102645874,""bbox"":[9.0,186.0,45.0,210.0]},{""value"":100.0,""pixel_y"":242.5,""text"":""100"",""confidence"":0.9983940606403104,""bbox"":[10.0,232.0,44.0,253.0]},{""value"":50.0,""pixel_y"":286.0,""text"":""50"",""confidence"":0.9994293793670667,""bbox"":[18.0,274.0,45.0,298.0]}]",-1.1345099594686523,374.7955701838486,0.9999894928459415,0.4285714285715706,50.0,344.7605590331314,"[57.288,6.3149999999999995,1008.64,310.2]","[970,287,33,23]",null,986.5,287.0,2.055991408306065,49.1912118163454,0.19121181634540108,0.003902281966232675,0.0005546220741770686,1515,157,basis points,10.0,False
fgmvp_0061,2248cf613c21b6c59108d6336a58f37996a264eb4d5057860063723eaa6eb615,1515,bar,/data/liu_jun/finmme_reproduction/outputs/cache/phase2c_official_jpeg/1515.jpg,phase6_geometry_scale/masked_images/fgmvp_0061.png,phase6_geometry_scale/debug_overlays/fgmvp_0061.png,133,133.0,0.999968340330055,133,0.6893492275041271,"[715.0,186.0,749.0,205.0]",740,"[350.0,300.0,250.0,200.0,150.0,100.0,50.0]","[22.0,65.5,110.0,154.5,198.0,242.5,286.0]","[{""value"":350.0,""pixel_y"":22.0,""text"":""350"",""confidence"":0.9999315877512048,""bbox"":[9.0,10.0,45.0,34.0]},{""value"":300.0,""pixel_y"":65.5,""text"":""300"",""confidence"":0.5553536415100098,""bbox"":[10.0,55.0,44.0,76.0]},{""value"":250.0,""pixel_y"":110.0,""text"":""250"",""confidence"":0.9999953198664192,""bbox"":[9.0,98.0,45.0,122.0]},{""value"":200.0,""pixel_y"":154.5,""text"":""200"",""confidence"":0.9998145863645451,""bbox"":[10.0,144.0,44.0,165.0]},{""value"":150.0,""pixel_y"":198.0,""text"":""150"",""confidence"":0.933643102645874,""bbox"":[9.0,186.0,45.0,210.0]},{""value"":100.0,""pixel_y"":242.5,""text"":""100"",""confidence"":0.9983940606403104,""bbox"":[10.0,232.0,44.0,253.0]},{""value"":50.0,""pixel_y"":286.0,""text"":""50"",""confidence"":0.9994293793670667,""bbox"":[18.0,274.0,45.0,298.0]}]",-1.1345099594686523,374.7955701838486,0.9999894928459415,0.4285714285715706,50.0,344.7605590331314,"[57.288,6.3149999999999995,1008.64,310.2]","[715,214,31,96]",null,730.5,214.0,1.7123505666087488,132.010438857557,0.9895611424429944,0.00744030934167665,0.0028702852356957045,1515,157,basis points,10.0,False
fgmvp_0062,5d1c7791a81855d279794d637f23b0b950f1e1b641b33b9af78ee4ce30fe2960,7344,bar,/data/liu_jun/finmme_reproduction/outputs/cache/phase2c_official_jpeg/7344.jpg,phase6_geometry_scale/masked_images/fgmvp_0062.png,phase6_geometry_scale/debug_overlays/fgmvp_0062.png,0.81,0.81,0.9996306463080011,0.81,0.8571635459371163,"[872.0,57.0,943.0,95.0]",3034,"[0.9,0.8,0.7,0.6,0.5,0.4,0.3,0.2,0.1,0.0]","[51.0,115.5,179.0,243.0,307.5,372.0,436.0,500.0,564.0,628.0]","[{""value"":0.9,""pixel_y"":51.0,""text"":""0.90"",""confidence"":0.9999537467956543,""bbox"":[30.0,32.0,105.0,70.0]},{""value"":0.8,""pixel_y"":115.5,""text"":""0.80"",""confidence"":0.7459186529210543,""bbox"":[30.0,97.0,107.0,134.0]},{""value"":0.7,""pixel_y"":179.0,""text"":""0.70"",""confidence"":0.9999852180480957,""bbox"":[30.0,160.0,107.0,198.0]},{""value"":0.6,""pixel_y"":243.0,""text"":""0.60"",""confidence"":0.9996604919433594,""bbox"":[30.0,224.0,107.0,262.0]},{""value"":0.5,""pixel_y"":307.5,""text"":""0.50"",""confidence"":0.9999663829803467,""bbox"":[30.0,288.0,107.0,327.0]},{""value"":0.4,""pixel_y"":372.0,""text"":""0.40"",""confidence"":0.8761236699551704,""bbox"":[30.0,353.0,107.0,391.0]},{""value"":0.3,""pixel_y"":436.0,""text"":""0.30"",""confidence"":0.999984085559845,""bbox"":[30.0,417.0,107.0,455.0]},{""value"":0.2,""pixel_y"":500.0,""text"":""0.20"",""confidence"":0.9999370574951172,""bbox"":[30.0,481.0,107.0,519.0]},{""value"":0.1,""pixel_y"":564.0,""text"":""0.10"",""confidence"":0.9999918937683105,""bbox"":[30.0,545.0,107.0,583.0]},{""value"":0.0,""pixel_y"":628.0,""text"":""0.00"",""confidence"":0.9989106059074402,""bbox"":[30.0,609.0,105.0,647.0]}]",-0.001559396331903678,0.9795709943144889,0.9999983386589586,0.4089311029202407,0.09999999999999998,1.009553185274441,"[119.288,15.799999999999997,1008.64,663.2]","[899,110,24,520]",null,911.0,110.0,2.7793060401203102,0.8080373978050843,0.00196260219491573,0.0024229656727354693,0.0019440305112624733,9619,0.09,billion,0.009999999776482582,False
fgmvp_0063,5d1c7791a81855d279794d637f23b0b950f1e1b641b33b9af78ee4ce30fe2960,7344,bar,/data/liu_jun/finmme_reproduction/outputs/cache/phase2c_official_jpeg/7344.jpg,phase6_geometry_scale/masked_images/fgmvp_0063.png,phase6_geometry_scale/debug_overlays/fgmvp_0063.png,0.60,0.6,0.999232292175293,0.60,0.9998071193695068,"[310.0,193.0,387.0,231.0]",3362,"[0.9,0.8,0.7,0.6,0.5,0.4,0.3,0.2,0.1,0.0]","[51.0,115.5,179.0,243.0,307.5,372.0,436.0,500.0,564.0,628.0]","[{""value"":0.9,""pixel_y"":51.0,""text"":""0.90"",""confidence"":0.9999537467956543,""bbox"":[30.0,32.0,105.0,70.0]},{""value"":0.8,""pixel_y"":115.5,""text"":""0.80"",""confidence"":0.7459186529210543,""bbox"":[30.0,97.0,107.0,134.0]},{""value"":0.7,""pixel_y"":179.0,""text"":""0.70"",""confidence"":0.9999852180480957,""bbox"":[30.0,160.0,107.0,198.0]},{""value"":0.6,""pixel_y"":243.0,""text"":""0.60"",""confidence"":0.9996604919433594,""bbox"":[30.0,224.0,107.0,262.0]},{""value"":0.5,""pixel_y"":307.5,""text"":""0.50"",""confidence"":0.9999663829803467,""bbox"":[30.0,288.0,107.0,327.0]},{""value"":0.4,""pixel_y"":372.0,""text"":""0.40"",""confidence"":0.8761236699551704,""bbox"":[30.0,353.0,107.0,391.0]},{""value"":0.3,""pixel_y"":436.0,""text"":""0.30"",""confidence"":0.999984085559845,""bbox"":[30.0,417.0,107.0,455.0]},{""value"":0.2,""pixel_y"":500.0,""text"":""0.20"",""confidence"":0.9999370574951172,""bbox"":[30.0,481.0,107.0,519.0]},{""value"":0.1,""pixel_y"":564.0,""text"":""0.10"",""confidence"":0.9999918937683105,""bbox"":[30.0,545.0,107.0,583.0]},{""value"":0.0,""pixel_y"":628.0,""text"":""0.00"",""confidence"":0.9989106059074402,""bbox"":[30.0,609.0,105.0,647.0]}]",-0.001559396331903678,0.9795709943144889,0.9999983386589586,0.4089311029202407,0.09999999999999998,1.009553185274441,"[119.288,15.799999999999997,1008.64,663.2]","[338,245,23,385]",null,349.5,245.0,2.509185108446971,0.5975188929980878,0.002481107001912175,0.004135178336520292,0.002457628818473492,9619,0.09,billion,0.009999999776482582,False
fgmvp_0064,5d1c7791a81855d279794d637f23b0b950f1e1b641b33b9af78ee4ce30fe2960,7344,bar,/data/liu_jun/finmme_reproduction/outputs/cache/phase2c_official_jpeg/7344.jpg,phase6_geometry_scale/masked_images/fgmvp_0064.png,phase6_geometry_scale/debug_overlays/fgmvp_0064.png,0.57,0.57,0.9999923706054688,0.57,0.9997268319129944,"[219.0,214.0,294.0,252.0]",3239,"[0.9,0.8,0.7,0.6,0.5,0.4,0.3,0.2,0.1,0.0]","[51.0,115.5,179.0,243.0,307.5,372.0,436.0,500.0,564.0,628.0]","[{""value"":0.9,""pixel_y"":51.0,""text"":""0.90"",""confidence"":0.9999537467956543,""bbox"":[30.0,32.0,105.0,70.0]},{""value"":0.8,""pixel_y"":115.5,""text"":""0.80"",""confidence"":0.7459186529210543,""bbox"":[30.0,97.0,107.0,134.0]},{""value"":0.7,""pixel_y"":179.0,""text"":""0.70"",""confidence"":0.9999852180480957,""bbox"":[30.0,160.0,107.0,198.0]},{""value"":0.6,""pixel_y"":243.0,""text"":""0.60"",""confidence"":0.9996604919433594,""bbox"":[30.0,224.0,107.0,262.0]},{""value"":0.5,""pixel_y"":307.5,""text"":""0.50"",""confidence"":0.9999648928642273,""bbox"":[30.0,288.0,105.0,327.0]},{""value"":0.4,""pixel_y"":372.0,""text"":""0.40"",""confidence"":0.8761236699551704,""bbox"":[30.0,353.0,107.0,391.0]},{""value"":0.3,""pixel_y"":436.0,""text"":""0.30"",""confidence"":0.999984085559845,""bbox"":[30.0,417.0,107.0,455.0]},{""value"":0.2,""pixel_y"":500.0,""text"":""0.20"",""confidence"":0.9999370574951172,""bbox"":[30.0,481.0,107.0,519.0]},{""value"":0.1,""pixel_y"":564.0,""text"":""0.10"",""confidence"":0.9999918937683105,""bbox"":[30.0,545.0,107.0,583.0]},{""value"":0.0,""pixel_y"":628.0,""text"":""0.00"",""confidence"":0.9989106059074402,""bbox"":[30.0,609.0,105.0,647.0]}]",-0.001559396331903678,0.9795709943144889,0.9999983386589586,0.4089311029202407,0.09999999999999998,1.009553185274441,"[119.288,15.799999999999997,1008.64,663.2]","[245,267,24,363]",null,257.0,267.0,2.4581014642044674,0.5632121736962069,0.006787826303793043,0.011908467199636919,0.006723594559258225,9619,0.09,billion,0.009999999776482582,False
fgmvp_0065,eed22fe6e4f0cc57f853141845971691f8ebb2861c663a183e4793d03ff68e82,171,line,/data/liu_jun/finmme_reproduction/outputs/cache/phase2c_official_jpeg/171.jpg,phase6_geometry_scale/masked_images/fgmvp_0065.png,phase6_geometry_scale/debug_overlays/fgmvp_0065.png,7.17,7.17,0.9872462336088481,7.17,0.9999971985816956,"[628.0,337.0,704.0,377.0]",3483,"[8.0,7.8,7.6,7.4,7.2,7.0,6.8,6.6,6.4,6.2,6.0]","[134.0,197.0,261.0,323.5,388.0,451.0,515.0,578.0,641.0,705.0,769.0]","[{""value"":8.0,""pixel_y"":134.0,""text"":""8.00"",""confidence"":0.9999358654022217,""bbox"":[30.0,115.0,103.0,153.0]},{""value"":7.8,""pixel_y"":197.0,""text"":""7.80"",""confidence"":0.9567155497373908,""bbox"":[30.0,179.0,105.0,215.0]},{""value"":7.6,""pixel_y"":261.0,""text"":""7.60"",""confidence"":0.7780794178969355,""bbox"":[30.0,243.0,103.0,279.0]},{""value"":7.4,""pixel_y"":323.5,""text"":""7.40"",""confidence"":0.9998123929419247,""bbox"":[30.0,305.0,103.0,342.0]},{""value"":7.2,""pixel_y"":388.0,""text"":""7.20"",""confidence"":0.9552279702192643,""bbox"":[30.0,369.0,103.0,407.0]},{""value"":7.0,""pixel_y"":451.0,""text"":""7.00"",""confidence"":0.9503482329500745,""bbox"":[30.0,432.0,105.0,470.0]},{""value"":6.8,""pixel_y"":515.0,""text"":""6.80"",""confidence"":0.9999895691871643,""bbox"":[30.0,496.0,105.0,534.0]},{""value"":6.6,""pixel_y"":578.0,""text"":""6.60"",""confidence"":0.9998487830162048,""bbox"":[30.0,560.0,105.0,596.0]},{""value"":6.4,""pixel_y"":641.0,""text"":""6.40"",""confidence"":0.9999315142631531,""bbox"":[30.0,622.0,105.0,660.0]},{""value"":6.2,""pixel_y"":705.0,""text"":""6.20"",""confidence"":0.9999611377716064,""bbox"":[30.0,686.0,103.0,724.0]},{""value"":6.0,""pixel_y"":769.0,""text"":""6.00"",""confidence"":0.9999520778656006,""bbox"":[30.0,750.0,103.0,788.0]}]",-0.003150497652343395,8.421304054523098,0.9999965957415393,0.6722950542222054,0.20000000000000018,2.192982653354928,"[117.288,99.07499999999999,1008.64,795.15]",null,"[666.0,428.67543193182564]",666.0,428.67543193182564,1.5347664893672668,7.070763112604591,0.09923688739540903,0.013840570069094706,0.04525201658279958,7081,7.08,percentage,2.0,False
fgmvp_0066,eed22fe6e4f0cc57f853141845971691f8ebb2861c663a183e4793d03ff68e82,171,line,/data/liu_jun/finmme_reproduction/outputs/cache/phase2c_official_jpeg/171.jpg,phase6_geometry_scale/masked_images/fgmvp_0066.png,phase6_geometry_scale/debug_overlays/fgmvp_0066.png,7.31,7.31,0.9947681386691166,7.31,0.6413007687965394,"[838.0,293.0,910.0,331.0]",3075,"[8.0,7.8,7.6,7.4,7.2,7.0,6.8,6.6,6.4,6.2,6.0]","[134.0,197.0,261.0,323.5,388.0,451.0,515.0,578.0,641.0,705.0,769.0]","[{""value"":8.0,""pixel_y"":134.0,""text"":""8.00"",""confidence"":0.9999358654022217,""bbox"":[30.0,115.0,103.0,153.0]},{""value"":7.8,""pixel_y"":197.0,""text"":""7.80"",""confidence"":0.9567155497373908,""bbox"":[30.0,179.0,105.0,215.0]},{""value"":7.6,""pixel_y"":261.0,""text"":""7.60"",""confidence"":0.7780794178969355,""bbox"":[30.0,243.0,103.0,279.0]},{""value"":7.4,""pixel_y"":323.5,""text"":""7.40"",""confidence"":0.9998123929419247,""bbox"":[30.0,305.0,103.0,342.0]},{""value"":7.2,""pixel_y"":388.0,""text"":""7.20"",""confidence"":0.9552279702192643,""bbox"":[30.0,369.0,103.0,407.0]},{""value"":7.0,""pixel_y"":451.0,""text"":""7.00"",""confidence"":0.9503482329500745,""bbox"":[30.0,432.0,105.0,470.0]},{""value"":6.8,""pixel_y"":515.0,""text"":""6.80"",""confidence"":0.9999895691871643,""bbox"":[30.0,496.0,105.0,534.0]},{""value"":6.6,""pixel_y"":578.0,""text"":""6.60"",""confidence"":0.9998487830162048,""bbox"":[30.0,560.0,105.0,596.0]},{""value"":6.4,""pixel_y"":641.0,""text"":""6.40"",""confidence"":0.9999315142631531,""bbox"":[30.0,622.0,105.0,660.0]},{""value"":6.2,""pixel_y"":705.0,""text"":""6.20"",""confidence"":0.9999611377716064,""bbox"":[30.0,686.0,103.0,724.0]},{""value"":6.0,""pixel_y"":769.0,""text"":""6.00"",""confidence"":0.9999520778656006,""bbox"":[30.0,750.0,103.0,788.0]}]",-0.003150497652343395,8.421304054523098,0.9999965957415393,0.6722950542222054,0.20000000000000018,2.192982653354928,"[117.288,99.07499999999999,1008.64,795.15]",null,"[874.0,427.5569112659452]",874.0,427.5569112659452,0.7834234160337555,7.074287009336545,0.23571299066345475,0.03224527916052733,0.10748511407641548,7081,7.08,percentage,2.0,False
fgmvp_0067,859985823fb9f665b64de0e78e12e02c17933f96779ef9b89b6d22a4e9048d35,3218,bar,/data/liu_jun/finmme_reproduction/outputs/cache/phase2c_official_jpeg/3218.jpg,phase6_geometry_scale/masked_images/fgmvp_0067.png,phase6_geometry_scale/debug_overlays/fgmvp_0067.png,10.4,10.4,0.9456276940424578,10.4,0.959860849921012,"[805.0,133.0,865.0,169.0]",2457,"[12.0,10.0,8.0,6.0,4.0,2.0,0.0]","[110.0,194.5,279.5,364.5,450.5,536.5,620.5]","[{""value"":12.0,""pixel_y"":110.0,""text"":""12.0"",""confidence"":0.9989500045776367,""bbox"":[25.0,94.0,80.0,126.0]},{""value"":10.0,""pixel_y"":194.5,""text"":""10.0"",""confidence"":0.9999746084213257,""bbox"":[25.0,178.0,80.0,211.0]},{""value"":8.0,""pixel_y"":279.5,""text"":""8.0"",""confidence"":0.9999611825102453,""bbox"":[36.0,263.0,80.0,296.0]},{""value"":6.0,""pixel_y"":364.5,""text"":""6.0"",""confidence"":0.9997835468927713,""bbox"":[36.0,348.0,80.0,381.0]},{""value"":4.0,""pixel_y"":450.5,""text"":""4.0"",""confidence"":0.9127630591392517,""bbox"":[36.0,434.0,80.0,467.0]},{""value"":2.0,""pixel_y"":536.5,""text"":""2.0"",""confidence"":0.9300470352172852,""bbox"":[38.0,521.0,80.0,552.0]},{""value"":0.0,""pixel_y"":620.5,""text"":""0.0"",""confidence"":0.9999447333157349,""bbox"":[36.0,604.0,80.0,637.0]}]",-0.02346511257965592,14.568118250514367,0.9999909137740864,0.8913082517732035,2.0,14.172927998112176,"[92.288,63.24999999999999,1008.64,667.25]","[815,183,38,437]",null,834.0,183.0,2.82847627150538,10.274002648437333,0.1259973515626669,0.01211512995794874,0.008890001528226887,3218,8.7,percentage,2.0,False
fgmvp_0068,859985823fb9f665b64de0e78e12e02c17933f96779ef9b89b6d22a4e9048d35,3218,bar,/data/liu_jun/finmme_reproduction/outputs/cache/phase2c_official_jpeg/3218.jpg,phase6_geometry_scale/masked_images/fgmvp_0068.png,phase6_geometry_scale/debug_overlays/fgmvp_0068.png,6.2,6.2,0.9988940559345864,6.2,0.9992448158333587,"[516.0,313.0,562.0,346.0]",1764,"[12.0,10.0,8.0,6.0,4.0,2.0,0.0]","[110.0,194.5,279.5,364.5,450.5,536.5,620.5]","[{""value"":12.0,""pixel_y"":110.0,""text"":""12.0"",""confidence"":0.9989500045776367,""bbox"":[25.0,94.0,80.0,126.0]},{""value"":10.0,""pixel_y"":194.5,""text"":""10.0"",""confidence"":0.9999746084213257,""bbox"":[25.0,178.0,80.0,211.0]},{""value"":8.0,""pixel_y"":279.5,""text"":""8.0"",""confidence"":0.9999611825102453,""bbox"":[36.0,263.0,80.0,296.0]},{""value"":6.0,""pixel_y"":364.5,""text"":""6.0"",""confidence"":0.9997835468927713,""bbox"":[36.0,348.0,80.0,381.0]},{""value"":4.0,""pixel_y"":450.5,""text"":""4.0"",""confidence"":0.9127630591392517,""bbox"":[36.0,434.0,80.0,467.0]},{""value"":2.0,""pixel_y"":536.5,""text"":""2.0"",""confidence"":0.9300470352172852,""bbox"":[38.0,521.0,80.0,552.0]},{""value"":0.0,""pixel_y"":620.5,""text"":""0.0"",""confidence"":0.9999447333157349,""bbox"":[36.0,604.0,80.0,637.0]}]",-0.02346511257965592,14.568118250514367,0.9999909137740864,0.8913082517732035,2.0,14.172927998112176,"[92.288,63.24999999999999,1008.64,667.25]","[521,360,36,260]",null,539.0,360.0,2.582270391734451,6.120677721838236,0.07932227816176418,0.012793915832542609,0.005596746005647517,3218,8.7,percentage,2.0,False
fgmvp_0069,859985823fb9f665b64de0e78e12e02c17933f96779ef9b89b6d22a4e9048d35,3218,bar,/data/liu_jun/finmme_reproduction/outputs/cache/phase2c_official_jpeg/3218.jpg,phase6_geometry_scale/masked_images/fgmvp_0069.png,phase6_geometry_scale/debug_overlays/fgmvp_0069.png,6.4,6.4,0.9986977284323297,6.4,0.9968931065283854,"[221.0,304.0,268.0,340.0]",1950,"[12.0,10.0,8.0,6.0,4.0,2.0,0.0]","[110.0,194.5,279.5,364.5,450.5,536.5,620.5]","[{""value"":12.0,""pixel_y"":110.0,""text"":""12.0"",""confidence"":0.9989500045776367,""bbox"":[25.0,94.0,80.0,126.0]},{""value"":10.0,""pixel_y"":194.5,""text"":""10.0"",""confidence"":0.9999746084213257,""bbox"":[25.0,178.0,80.0,211.0]},{""value"":8.0,""pixel_y"":279.5,""text"":""8.0"",""confidence"":0.9999611825102453,""bbox"":[36.0,263.0,80.0,296.0]},{""value"":6.0,""pixel_y"":364.5,""text"":""6.0"",""confidence"":0.9997835468927713,""bbox"":[36.0,348.0,80.0,381.0]},{""value"":4.0,""pixel_y"":450.5,""text"":""4.0"",""confidence"":0.9127630591392517,""bbox"":[36.0,434.0,80.0,467.0]},{""value"":2.0,""pixel_y"":536.5,""text"":""2.0"",""confidence"":0.9300470352172852,""bbox"":[38.0,521.0,80.0,552.0]},{""value"":0.0,""pixel_y"":620.5,""text"":""0.0"",""confidence"":0.9999447333157349,""bbox"":[36.0,604.0,80.0,637.0]}]",-0.02346511257965592,14.568118250514367,0.9999909137740864,0.8913082517732035,2.0,14.172927998112176,"[92.288,63.24999999999999,1008.64,667.25]","[225,352,38,268]",null,244.0,352.0,2.5500938180469257,6.308398622475483,0.09160137752451725,0.01431271523820582,0.006463123042515879,3218,8.7,percentage,2.0,False
fgmvp_0070,c2dbced08b36e465094b3f0c1d6ce788187f37ea862c965fe262ec8f0da597ac,7462,bar,/data/liu_jun/finmme_reproduction/outputs/cache/phase2c_official_jpeg/7462.jpg,phase6_geometry_scale/masked_images/fgmvp_0070.png,phase6_geometry_scale/debug_overlays/fgmvp_0070.png,29,29.0,1.0,29,0.47802868485450745,"[287.0,30.0,323.0,61.0]",1326,"[29.0,27.0,25.0,23.0,21.0,19.0,17.0,15.0]","[70.5,140.0,209.0,277.0,346.0,415.0,484.5,552.0]","[{""value"":29.0,""pixel_y"":70.5,""text"":""29"",""confidence"":0.650023533035491,""bbox"":[23.0,55.0,59.0,86.0]},{""value"":27.0,""pixel_y"":140.0,""text"":""27"",""confidence"":0.6423098371560061,""bbox"":[25.0,126.0,58.0,154.0]},{""value"":25.0,""pixel_y"":209.0,""text"":""25"",""confidence"":0.9999998314126102,""bbox"":[25.0,194.0,59.0,224.0]},{""value"":23.0,""pixel_y"":277.0,""text"":""23"",""confidence"":0.9999996628252286,""bbox"":[25.0,263.0,59.0,291.0]},{""value"":21.0,""pixel_y"":346.0,""text"":""21"",""confidence"":1.0,""bbox"":[25.0,332.0,58.0,360.0]},{""value"":19.0,""pixel_y"":415.0,""text"":""19"",""confidence"":0.9999996628252286,""bbox"":[25.0,401.0,59.0,429.0]},{""value"":17.0,""pixel_y"":484.5,""text"":""17"",""confidence"":0.9999998314126102,""bbox"":[25.0,471.0,59.0,498.0]},{""value"":15.0,""pixel_y"":552.0,""text"":""15"",""confidence"":0.9999989884757856,""bbox"":[25.0,538.0,59.0,566.0]}]",-0.02906552818300219,31.06117841105093,0.9999925767723375,0.7249134948098027,2.0,16.20112540920542,"[71.288,32.55,1008.64,589.95]","[283,74,45,477]",null,305.5,74.0,2.7642189041561847,28.910329325508766,0.08967067449123434,0.003092092223835667,0.005534842316588932,7462,28.6,hours,2.0,False
fgmvp_0071,c2dbced08b36e465094b3f0c1d6ce788187f37ea862c965fe262ec8f0da597ac,7462,bar,/data/liu_jun/finmme_reproduction/outputs/cache/phase2c_official_jpeg/7462.jpg,phase6_geometry_scale/masked_images/fgmvp_0071.png,phase6_geometry_scale/debug_overlays/fgmvp_0071.png,27,27.0,1.0,27,1.0,"[740.0,90.0,774.0,118.0]",1147,"[29.0,27.0,25.0,23.0,21.0,19.0,17.0,15.0]","[70.5,140.0,209.0,277.0,346.0,415.0,484.5,552.0]","[{""value"":29.0,""pixel_y"":70.5,""text"":""29"",""confidence"":0.650023533035491,""bbox"":[23.0,55.0,59.0,86.0]},{""value"":27.0,""pixel_y"":140.0,""text"":""27"",""confidence"":0.6423098371560061,""bbox"":[25.0,126.0,58.0,154.0]},{""value"":25.0,""pixel_y"":209.0,""text"":""25"",""confidence"":0.9999998314126102,""bbox"":[25.0,194.0,59.0,224.0]},{""value"":23.0,""pixel_y"":277.0,""text"":""23"",""confidence"":0.9999996628252286,""bbox"":[25.0,263.0,59.0,291.0]},{""value"":21.0,""pixel_y"":346.0,""text"":""21"",""confidence"":1.0,""bbox"":[25.0,332.0,58.0,360.0]},{""value"":19.0,""pixel_y"":415.0,""text"":""19"",""confidence"":0.9999996628252286,""bbox"":[25.0,401.0,59.0,429.0]},{""value"":17.0,""pixel_y"":484.5,""text"":""17"",""confidence"":0.9999998314126102,""bbox"":[25.0,471.0,59.0,498.0]},{""value"":15.0,""pixel_y"":552.0,""text"":""15"",""confidence"":0.9999989884757856,""bbox"":[25.0,538.0,59.0,566.0]}]",-0.02906552818300219,31.06117841105093,0.9999925767723375,0.7249134948098027,2.0,16.20112540920542,"[71.288,32.55,1008.64,589.95]","[735,133,44,416]",null,757.0,133.0,2.570597979492699,27.195463162711636,0.19546316271163633,0.007239376396727271,0.012064789190544434,7462,28.6,hours,2.0,False
fgmvp_0072,c2dbced08b36e465094b3f0c1d6ce788187f37ea862c965fe262ec8f0da597ac,7462,bar,/data/liu_jun/finmme_reproduction/outputs/cache/phase2c_official_jpeg/7462.jpg,phase6_geometry_scale/masked_images/fgmvp_0072.png,phase6_geometry_scale/debug_overlays/fgmvp_0072.png,30,30.0,0.9999961224921389,30,0.9999993256504904,"[137.0,14.0,173.0,42.0]",1209,"[29.0,27.0,25.0,23.0,21.0,19.0,17.0,15.0]","[70.5,139.0,209.0,277.0,346.0,415.0,484.5,552.0]","[{""value"":29.0,""pixel_y"":70.5,""text"":""29"",""confidence"":0.650023533035491,""bbox"":[23.0,55.0,59.0,86.0]},{""value"":27.0,""pixel_y"":139.0,""text"":""27"",""confidence"":1.0,""bbox"":[23.0,124.0,58.0,154.0]},{""value"":25.0,""pixel_y"":209.0,""text"":""25"",""confidence"":0.9999998314126102,""bbox"":[25.0,194.0,59.0,224.0]},{""value"":23.0,""pixel_y"":277.0,""text"":""23"",""confidence"":0.9999996628252286,""bbox"":[25.0,263.0,59.0,291.0]},{""value"":21.0,""pixel_y"":346.0,""text"":""21"",""confidence"":1.0,""bbox"":[25.0,332.0,58.0,360.0]},{""value"":19.0,""pixel_y"":415.0,""text"":""19"",""confidence"":0.9999996628252286,""bbox"":[25.0,401.0,59.0,429.0]},{""value"":17.0,""pixel_y"":484.5,""text"":""17"",""confidence"":0.9999998314126102,""bbox"":[25.0,471.0,59.0,498.0]},{""value"":15.0,""pixel_y"":552.0,""text"":""15"",""confidence"":0.9999989884757856,""bbox"":[25.0,538.0,59.0,566.0]}]",-0.029040381064014974,31.049708749073677,0.9999916931864676,0.700950734658271,2.0,16.18710840508195,"[71.288,32.55,1008.64,589.95]","[133,53,44,497]",null,155.0,53.0,2.546380681563366,29.510568552680883,0.4894314473191166,0.016314381577303885,0.030235878766677028,7462,28.6,hours,2.0,False
fgmvp_0073,c2dbced08b36e465094b3f0c1d6ce788187f37ea862c965fe262ec8f0da597ac,7462,bar,/data/liu_jun/finmme_reproduction/outputs/cache/phase2c_official_jpeg/7462.jpg,phase6_geometry_scale/masked_images/fgmvp_0073.png,phase6_geometry_scale/debug_overlays/fgmvp_0073.png,28,28.0,1.0,28,1.0,"[588.0,78.0,624.0,109.0]",1326,"[29.0,27.0,25.0,23.0,21.0,19.0,17.0,15.0]","[70.5,140.0,209.0,277.0,346.0,415.0,484.5,552.0]","[{""value"":29.0,""pixel_y"":70.5,""text"":""29"",""confidence"":0.650023533035491,""bbox"":[23.0,55.0,59.0,86.0]},{""value"":27.0,""pixel_y"":140.0,""text"":""27"",""confidence"":0.6423098371560061,""bbox"":[25.0,126.0,58.0,154.0]},{""value"":25.0,""pixel_y"":209.0,""text"":""25"",""confidence"":0.9999998314126102,""bbox"":[25.0,194.0,59.0,224.0]},{""value"":23.0,""pixel_y"":277.0,""text"":""23"",""confidence"":0.9999996628252286,""bbox"":[25.0,263.0,59.0,291.0]},{""value"":21.0,""pixel_y"":346.0,""text"":""21"",""confidence"":1.0,""bbox"":[25.0,332.0,58.0,360.0]},{""value"":19.0,""pixel_y"":415.0,""text"":""19"",""confidence"":0.9999996628252286,""bbox"":[25.0,401.0,59.0,429.0]},{""value"":17.0,""pixel_y"":484.5,""text"":""17"",""confidence"":0.9999998314126102,""bbox"":[25.0,471.0,59.0,498.0]},{""value"":15.0,""pixel_y"":552.0,""text"":""15"",""confidence"":0.9999989884757856,""bbox"":[25.0,538.0,59.0,566.0]}]",-0.02906552818300219,31.06117841105093,0.9999925767723375,0.7249134948098027,2.0,16.20112540920542,"[71.288,32.55,1008.64,589.95]","[585,121,44,430]",null,607.0,121.0,2.4195220680200746,27.544249500907664,0.45575049909233556,0.016276803539011984,0.028130792619713924,7462,28.6,hours,2.0,False
fgmvp_0074,c2dbced08b36e465094b3f0c1d6ce788187f37ea862c965fe262ec8f0da597ac,7462,bar,/data/liu_jun/finmme_reproduction/outputs/cache/phase2c_official_jpeg/7462.jpg,phase6_geometry_scale/masked_images/fgmvp_0074.png,phase6_geometry_scale/debug_overlays/fgmvp_0074.png,24,24.0,0.8292260232709088,24,0.9999997471189183,"[889.0,218.0,926.0,250.0]",1400,"[29.0,27.0,25.0,23.0,21.0,19.0,17.0,15.0]","[70.5,140.0,209.0,277.0,346.0,415.0,484.5,552.0]","[{""value"":29.0,""pixel_y"":70.5,""text"":""29"",""confidence"":0.650023533035491,""bbox"":[23.0,55.0,59.0,86.0]},{""value"":27.0,""pixel_y"":140.0,""text"":""27"",""confidence"":0.6423098371560061,""bbox"":[25.0,126.0,58.0,154.0]},{""value"":25.0,""pixel_y"":209.0,""text"":""25"",""confidence"":0.9999998314126102,""bbox"":[25.0,194.0,59.0,224.0]},{""value"":23.0,""pixel_y"":277.0,""text"":""23"",""confidence"":0.9999996628252286,""bbox"":[25.0,263.0,59.0,291.0]},{""value"":21.0,""pixel_y"":346.0,""text"":""21"",""confidence"":1.0,""bbox"":[25.0,332.0,58.0,360.0]},{""value"":19.0,""pixel_y"":415.0,""text"":""19"",""confidence"":0.9999996628252286,""bbox"":[25.0,401.0,59.0,429.0]},{""value"":17.0,""pixel_y"":484.5,""text"":""17"",""confidence"":0.9999998314126102,""bbox"":[25.0,471.0,59.0,498.0]},{""value"":15.0,""pixel_y"":552.0,""text"":""15"",""confidence"":0.9999989884757856,""bbox"":[25.0,538.0,59.0,566.0]}]",-0.02906552818300219,31.06117841105093,0.9999925767723375,0.7249134948098027,2.0,16.20112540920542,"[71.288,32.55,1008.64,589.95]","[884,261,47,290]",null,907.5,261.0,2.4444312859963757,23.475075555287358,0.5249244447126422,0.02187185186302676,0.03240049264814542,7462,28.6,hours,2.0,False
fgmvp_0075,69fa6f61c59e9617b0bb8a8876634be294098e986fca2fddae6c2a20626ebaf2,5465,bar,/data/liu_jun/finmme_reproduction/outputs/cache/phase2c_official_jpeg/5465.jpg,phase6_geometry_scale/masked_images/fgmvp_0075.png,phase6_geometry_scale/debug_overlays/fgmvp_0075.png,48.0,48.0,0.999289870262146,48.0,0.9990613460540771,"[206.0,137.0,262.0,170.0]",2124,"[60.0,50.0,40.0,30.0,20.0,10.0,0.0,-10.0]","[110.0,169.5,228.5,289.5,348.5,407.5,468.5,528.5]","[{""value"":60.0,""pixel_y"":110.0,""text"":""60"",""confidence"":0.9997809277104676,""bbox"":[31.0,94.0,67.0,126.0]},{""value"":50.0,""pixel_y"":169.5,""text"":""50"",""confidence"":0.9999039908290579,""bbox"":[31.0,153.0,67.0,186.0]},{""value"":40.0,""pixel_y"":228.5,""text"":""40"",""confidence"":0.9999994942378553,""bbox"":[31.0,212.0,67.0,245.0]},{""value"":30.0,""pixel_y"":289.5,""text"":""30"",""confidence"":0.9999969654282558,""bbox"":[31.0,273.0,67.0,306.0]},{""value"":20.0,""pixel_y"":348.5,""text"":""20"",""confidence"":0.9999973026027609,""bbox"":[31.0,332.0,67.0,365.0]},{""value"":10.0,""pixel_y"":407.5,""text"":""10"",""confidence"":0.9999538073665201,""bbox"":[31.0,391.0,67.0,424.0]},{""value"":0.0,""pixel_y"":468.5,""text"":""0"",""confidence"":0.9999964237245109,""bbox"":[47.0,456.0,65.0,481.0]},{""value"":-10.0,""pixel_y"":528.5,""text"":""-10"",""confidence"":0.9952956093674935,""bbox"":[23.0,513.0,69.0,544.0]}]",-0.16731155319933771,78.34101455436384,0.9999853009967561,0.9656035255451878,10.0,80.9704261708195,"[81.288,77.275,1008.64,561.225]","[214,183,39,286]",null,233.5,183.0,2.746386728863992,47.723000318885035,0.2769996811149653,0.00577082668989511,0.003420998186802082,10894,19.67,percentage,3.0,False
fgmvp_0076,69fa6f61c59e9617b0bb8a8876634be294098e986fca2fddae6c2a20626ebaf2,5465,bar,/data/liu_jun/finmme_reproduction/outputs/cache/phase2c_official_jpeg/5465.jpg,phase6_geometry_scale/masked_images/fgmvp_0076.png,phase6_geometry_scale/debug_overlays/fgmvp_0076.png,5.0,5.0,0.9990849520558093,5.0,0.8470492362976074,"[410.0,394.0,454.0,427.0]",1692,"[60.0,50.0,40.0,30.0,20.0,10.0,0.0,-10.0]","[110.0,169.5,228.5,289.5,348.5,407.5,468.5,528.5]","[{""value"":60.0,""pixel_y"":110.0,""text"":""60"",""confidence"":0.9997809277104676,""bbox"":[31.0,94.0,67.0,126.0]},{""value"":50.0,""pixel_y"":169.5,""text"":""50"",""confidence"":0.9999039908290579,""bbox"":[31.0,153.0,67.0,186.0]},{""value"":40.0,""pixel_y"":228.5,""text"":""40"",""confidence"":0.9999994942378553,""bbox"":[31.0,212.0,67.0,245.0]},{""value"":30.0,""pixel_y"":289.5,""text"":""30"",""confidence"":0.9999969654282558,""bbox"":[31.0,273.0,67.0,306.0]},{""value"":20.0,""pixel_y"":348.5,""text"":""20"",""confidence"":0.9999973026027609,""bbox"":[31.0,332.0,67.0,365.0]},{""value"":10.0,""pixel_y"":407.5,""text"":""10"",""confidence"":0.9999538073665201,""bbox"":[31.0,391.0,67.0,424.0]},{""value"":0.0,""pixel_y"":468.5,""text"":""0"",""confidence"":0.9999964237245109,""bbox"":[47.0,456.0,65.0,481.0]},{""value"":-10.0,""pixel_y"":528.5,""text"":""-10"",""confidence"":0.9952956093674935,""bbox"":[23.0,513.0,69.0,544.0]}]",-0.16731155319933771,78.34101455436384,0.9999853009967561,0.9656035255451878,10.0,80.9704261708195,"[81.288,77.275,1008.64,561.225]","[413,440,40,28]",null,433.0,440.0,2.1968559975824733,4.7239311466552465,0.2760688533447535,0.0552137706689507,0.003409502288679376,10894,19.67,percentage,3.0,False
fgmvp_0077,684f6ac269d0ca76c0110a35a7bea1790f8452c58961c6bd6f5e40707304b02a,2645,bar,/data/liu_jun/finmme_reproduction/outputs/cache/phase2c_official_jpeg/2645.jpg,phase6_geometry_scale/masked_images/fgmvp_0077.png,phase6_geometry_scale/debug_overlays/fgmvp_0077.png,21.3,21.3,0.8925952161409375,21.3,0.9753817847919786,"[599.0,134.0,658.0,166.0]",2170,"[25.0,20.0,15.0,10.0,5.0,0.0]","[111.0,201.5,290.5,380.5,470.5,559.5]","[{""value"":25.0,""pixel_y"":111.0,""text"":""25"",""confidence"":0.9999995785315409,""bbox"":[22.0,93.0,62.0,129.0]},{""value"":20.0,""pixel_y"":201.5,""text"":""20"",""confidence"":0.9999976397772992,""bbox"":[23.0,185.0,61.0,218.0]},{""value"":15.0,""pixel_y"":290.5,""text"":""15"",""confidence"":0.9999935936850367,""bbox"":[25.0,274.0,61.0,307.0]},{""value"":10.0,""pixel_y"":380.5,""text"":""10"",""confidence"":0.9999865130351151,""bbox"":[25.0,364.0,61.0,397.0]},{""value"":5.0,""pixel_y"":470.5,""text"":""5"",""confidence"":0.9999964237245109,""bbox"":[38.0,455.0,62.0,486.0]},{""value"":0.0,""pixel_y"":559.5,""text"":""0"",""confidence"":0.9999955892611503,""bbox"":[39.0,546.0,58.0,573.0]}]",-0.05574110937147217,31.205787286576523,0.9999955021242106,0.46727185857644626,5.0,30.518257380881014,"[74.288,61.49999999999999,1008.64,609.0]","[611,181,38,379]",null,630.0,181.0,2.850826138184254,21.11664649034006,0.18335350965994124,0.00860814599342447,0.006007994079465625,2645,1.1,percentage,2.0,False
fgmvp_0078,684f6ac269d0ca76c0110a35a7bea1790f8452c58961c6bd6f5e40707304b02a,2645,bar,/data/liu_jun/finmme_reproduction/outputs/cache/phase2c_official_jpeg/2645.jpg,phase6_geometry_scale/masked_images/fgmvp_0078.png,phase6_geometry_scale/debug_overlays/fgmvp_0078.png,18.5,18.5,0.9964662790298462,18.5,0.9805098230997655,"[399.0,183.0,458.0,216.0]",2232,"[25.0,20.0,15.0,10.0,5.0,0.0]","[111.0,201.5,290.5,380.5,470.5,559.5]","[{""value"":25.0,""pixel_y"":111.0,""text"":""25"",""confidence"":0.9999995785315409,""bbox"":[22.0,93.0,62.0,129.0]},{""value"":20.0,""pixel_y"":201.5,""text"":""20"",""confidence"":0.9999976397772992,""bbox"":[23.0,185.0,61.0,218.0]},{""value"":15.0,""pixel_y"":290.5,""text"":""15"",""confidence"":0.9999935936850367,""bbox"":[25.0,274.0,61.0,307.0]},{""value"":10.0,""pixel_y"":380.5,""text"":""10"",""confidence"":0.9999865130351151,""bbox"":[25.0,364.0,61.0,397.0]},{""value"":5.0,""pixel_y"":470.5,""text"":""5"",""confidence"":0.9999964237245109,""bbox"":[38.0,455.0,62.0,486.0]},{""value"":0.0,""pixel_y"":559.5,""text"":""0"",""confidence"":0.9999955892611503,""bbox"":[39.0,546.0,58.0,573.0]}]",-0.05574110937147217,31.205787286576523,0.9999955021242106,0.46727185857644626,5.0,30.518257380881014,"[74.288,61.49999999999999,1008.64,609.0]","[409,230,39,330]",null,428.5,230.0,2.709213122224341,18.385332131137922,0.11466786886207814,0.006198263181733953,0.0037573530962457546,2645,1.1,percentage,2.0,False
fgmvp_0079,684f6ac269d0ca76c0110a35a7bea1790f8452c58961c6bd6f5e40707304b02a,2645,bar,/data/liu_jun/finmme_reproduction/outputs/cache/phase2c_official_jpeg/2645.jpg,phase6_geometry_scale/masked_images/fgmvp_0079.png,phase6_geometry_scale/debug_overlays/fgmvp_0079.png,13.6,13.6,0.9995604753494263,13.6,0.9681648052096975,"[497.0,270.0,559.0,307.0]",2600,"[25.0,20.0,15.0,10.0,5.0,0.0]","[111.0,201.5,290.5,380.5,470.5,559.5]","[{""value"":25.0,""pixel_y"":111.0,""text"":""25"",""confidence"":0.9999995785315409,""bbox"":[22.0,93.0,62.0,129.0]},{""value"":20.0,""pixel_y"":201.5,""text"":""20"",""confidence"":0.9999976397772992,""bbox"":[23.0,185.0,61.0,218.0]},{""value"":15.0,""pixel_y"":290.5,""text"":""15"",""confidence"":0.9999935936850367,""bbox"":[25.0,274.0,61.0,307.0]},{""value"":10.0,""pixel_y"":380.5,""text"":""10"",""confidence"":0.9999865130351151,""bbox"":[25.0,364.0,61.0,397.0]},{""value"":5.0,""pixel_y"":470.5,""text"":""5"",""confidence"":0.9999964237245109,""bbox"":[38.0,455.0,62.0,486.0]},{""value"":0.0,""pixel_y"":559.5,""text"":""0"",""confidence"":0.9999955892611503,""bbox"":[39.0,546.0,58.0,573.0]}]",-0.05574110937147217,31.205787286576523,0.9999955021242106,0.46727185857644626,5.0,30.518257380881014,"[74.288,61.49999999999999,1008.64,609.0]","[511,319,37,240]",null,529.5,319.0,2.6033642127702006,13.424373397076902,0.1756266029230975,0.012913720803168934,0.005754804434971557,2645,1.1,percentage,2.0,False
fgmvp_0080,684f6ac269d0ca76c0110a35a7bea1790f8452c58961c6bd6f5e40707304b02a,2645,bar,/data/liu_jun/finmme_reproduction/outputs/cache/phase2c_official_jpeg/2645.jpg,phase6_geometry_scale/masked_images/fgmvp_0080.png,phase6_geometry_scale/debug_overlays/fgmvp_0080.png,15.4,15.4,0.9057795180834316,15.4,0.9344122077980116,"[700.0,239.0,758.0,272.0]",2196,"[25.0,20.0,15.0,10.0,5.0,0.0]","[111.0,201.5,290.5,380.5,470.5,559.5]","[{""value"":25.0,""pixel_y"":111.0,""text"":""25"",""confidence"":0.9999995785315409,""bbox"":[22.0,93.0,62.0,129.0]},{""value"":20.0,""pixel_y"":201.5,""text"":""20"",""confidence"":0.9999976397772992,""bbox"":[23.0,185.0,61.0,218.0]},{""value"":15.0,""pixel_y"":290.5,""text"":""15"",""confidence"":0.9999935936850367,""bbox"":[25.0,274.0,61.0,307.0]},{""value"":10.0,""pixel_y"":380.5,""text"":""10"",""confidence"":0.9999865130351151,""bbox"":[25.0,364.0,61.0,397.0]},{""value"":5.0,""pixel_y"":470.5,""text"":""5"",""confidence"":0.9999964237245109,""bbox"":[38.0,455.0,62.0,486.0]},{""value"":0.0,""pixel_y"":559.5,""text"":""0"",""confidence"":0.9999955892611503,""bbox"":[39.0,546.0,58.0,573.0]}]",-0.05574110937147217,31.205787286576523,0.9999955021242106,0.46727185857644626,5.0,30.518257380881014,"[74.288,61.49999999999999,1008.64,609.0]","[711,286,38,274]",null,730.0,286.0,2.6586816360934398,15.263830006335484,0.13616999366451665,0.00884220738081277,0.00446191903964425,2645,1.1,percentage,2.0,False
fgmvp_0081,684f6ac269d0ca76c0110a35a7bea1790f8452c58961c6bd6f5e40707304b02a,2645,bar,/data/liu_jun/finmme_reproduction/outputs/cache/phase2c_official_jpeg/2645.jpg,phase6_geometry_scale/masked_images/fgmvp_0081.png,phase6_geometry_scale/debug_overlays/fgmvp_0081.png,16.1,16.1,0.8448707921029682,16.1,0.9929448363282579,"[297.0,225.0,353.0,262.0]",2360,"[25.0,20.0,15.0,10.0,5.0,0.0]","[111.0,201.5,290.5,380.5,470.5,559.5]","[{""value"":25.0,""pixel_y"":111.0,""text"":""25"",""confidence"":0.9999995785315409,""bbox"":[22.0,93.0,62.0,129.0]},{""value"":20.0,""pixel_y"":201.5,""text"":""20"",""confidence"":0.9999976397772992,""bbox"":[23.0,185.0,61.0,218.0]},{""value"":15.0,""pixel_y"":290.5,""text"":""15"",""confidence"":0.9999935936850367,""bbox"":[25.0,274.0,61.0,307.0]},{""value"":10.0,""pixel_y"":380.5,""text"":""10"",""confidence"":0.9999865130351151,""bbox"":[25.0,364.0,61.0,397.0]},{""value"":5.0,""pixel_y"":470.5,""text"":""5"",""confidence"":0.9999964237245109,""bbox"":[38.0,455.0,62.0,486.0]},{""value"":0.0,""pixel_y"":559.5,""text"":""0"",""confidence"":0.9999955892611503,""bbox"":[39.0,546.0,58.0,573.0]}]",-0.05574110937147217,31.205787286576523,0.9999955021242106,0.46727185857644626,5.0,30.518257380881014,"[74.288,61.49999999999999,1008.64,609.0]","[309,273,38,287]",null,328.0,273.0,2.67835798320562,15.98846442816462,0.11153557183538076,0.0069276752692783074,0.003654716271750668,2645,1.1,percentage,2.0,False
fgmvp_0082,684f6ac269d0ca76c0110a35a7bea1790f8452c58961c6bd6f5e40707304b02a,2645,bar,/data/liu_jun/finmme_reproduction/outputs/cache/phase2c_official_jpeg/2645.jpg,phase6_geometry_scale/masked_images/fgmvp_0082.png,phase6_geometry_scale/debug_overlays/fgmvp_0082.png,10.6,10.6,0.999847412109375,10.6,0.9951180896968381,"[198.0,323.0,257.0,359.0]",2418,"[25.0,20.0,15.0,10.0,5.0,0.0]","[111.0,201.5,290.5,380.5,470.5,559.5]","[{""value"":25.0,""pixel_y"":111.0,""text"":""25"",""confidence"":0.9999995785315409,""bbox"":[22.0,93.0,62.0,129.0]},{""value"":20.0,""pixel_y"":201.5,""text"":""20"",""confidence"":0.9999976397772992,""bbox"":[23.0,185.0,61.0,218.0]},{""value"":15.0,""pixel_y"":290.5,""text"":""15"",""confidence"":0.9999935936850367,""bbox"":[25.0,274.0,61.0,307.0]},{""value"":10.0,""pixel_y"":380.5,""text"":""10"",""confidence"":0.9999865130351151,""bbox"":[25.0,364.0,61.0,397.0]},{""value"":5.0,""pixel_y"":470.5,""text"":""5"",""confidence"":0.9999964237245109,""bbox"":[38.0,455.0,62.0,486.0]},{""value"":0.0,""pixel_y"":559.5,""text"":""0"",""confidence"":0.9999955892611503,""bbox"":[39.0,546.0,58.0,573.0]}]",-0.05574110937147217,31.205787286576523,0.9999955021242106,0.46727185857644626,5.0,30.518257380881014,"[74.288,61.49999999999999,1008.64,609.0]","[209,373,38,187]",null,228.0,373.0,2.4972627208273384,10.414353491017405,0.18564650898259494,0.017513821602131597,0.006083129408918944,2645,1.1,percentage,2.0,False
fgmvp_0083,684f6ac269d0ca76c0110a35a7bea1790f8452c58961c6bd6f5e40707304b02a,2645,bar,/data/liu_jun/finmme_reproduction/outputs/cache/phase2c_official_jpeg/2645.jpg,phase6_geometry_scale/masked_images/fgmvp_0083.png,phase6_geometry_scale/debug_overlays/fgmvp_0083.png,9.5,9.5,0.9916814428239619,9.5,0.5984390377998352,"[806.0,344.0,854.0,380.0]",1989,"[25.0,20.0,15.0,10.0,5.0,0.0]","[111.0,201.5,290.5,380.5,470.5,559.5]","[{""value"":25.0,""pixel_y"":111.0,""text"":""25"",""confidence"":0.9999995785315409,""bbox"":[22.0,93.0,62.0,129.0]},{""value"":20.0,""pixel_y"":201.5,""text"":""20"",""confidence"":0.9999976397772992,""bbox"":[23.0,185.0,61.0,218.0]},{""value"":15.0,""pixel_y"":290.5,""text"":""15"",""confidence"":0.9999935936850367,""bbox"":[25.0,274.0,61.0,307.0]},{""value"":10.0,""pixel_y"":380.5,""text"":""10"",""confidence"":0.9999865130351151,""bbox"":[25.0,364.0,61.0,397.0]},{""value"":5.0,""pixel_y"":470.5,""text"":""5"",""confidence"":0.9999964237245109,""bbox"":[38.0,455.0,62.0,486.0]},{""value"":0.0,""pixel_y"":559.5,""text"":""0"",""confidence"":0.9999955892611503,""bbox"":[39.0,546.0,58.0,573.0]}]",-0.05574110937147217,31.205787286576523,0.9999955021242106,0.46727185857644626,5.0,30.518257380881014,"[74.288,61.49999999999999,1008.64,609.0]","[811,393,39,167]",null,830.5,393.0,2.4476424990799193,9.299531303587962,0.20046869641203813,0.021101968043372433,0.006568812036352611,2645,1.1,percentage,2.0,False
fgmvp_0084,684f6ac269d0ca76c0110a35a7bea1790f8452c58961c6bd6f5e40707304b02a,2645,bar,/data/liu_jun/finmme_reproduction/outputs/cache/phase2c_official_jpeg/2645.jpg,phase6_geometry_scale/masked_images/fgmvp_0084.png,phase6_geometry_scale/debug_overlays/fgmvp_0084.png,8.1,8.1,0.9999434256407393,8.1,0.570065438747406,"[910.0,372.0,947.0,403.0]",1360,"[25.0,20.0,15.0,10.0,5.0,0.0]","[111.0,201.5,290.5,380.5,470.5,559.5]","[{""value"":25.0,""pixel_y"":111.0,""text"":""25"",""confidence"":0.9999995785315409,""bbox"":[22.0,93.0,62.0,129.0]},{""value"":20.0,""pixel_y"":201.5,""text"":""20"",""confidence"":0.9999976397772992,""bbox"":[23.0,185.0,61.0,218.0]},{""value"":15.0,""pixel_y"":290.5,""text"":""15"",""confidence"":0.9999935936850367,""bbox"":[25.0,274.0,61.0,307.0]},{""value"":10.0,""pixel_y"":380.5,""text"":""10"",""confidence"":0.9999865130351151,""bbox"":[25.0,364.0,61.0,397.0]},{""value"":5.0,""pixel_y"":470.5,""text"":""5"",""confidence"":0.9999964237245109,""bbox"":[38.0,455.0,62.0,486.0]},{""value"":0.0,""pixel_y"":559.5,""text"":""0"",""confidence"":0.9999955892611503,""bbox"":[39.0,546.0,58.0,573.0]}]",-0.05574110937147217,31.205787286576523,0.9999955021242106,0.46727185857644626,5.0,30.518257380881014,"[74.288,61.49999999999999,1008.64,609.0]","[912,418,38,142]",null,931.0,418.0,2.3402818675256705,7.906003569301156,0.19399643069884398,0.02395017662948691,0.00635673355387514,2645,1.1,percentage,2.0,False
fgmvp_0085,cd292e261fcf22bcd300366b04e42834cf48b4b0ce865cb7dcbf258f36d3de91,190,line,/data/liu_jun/finmme_reproduction/outputs/cache/phase2c_official_jpeg/190.jpg,phase6_geometry_scale/masked_images/fgmvp_0085.png,phase6_geometry_scale/debug_overlays/fgmvp_0085.png,35,35.0,0.9918565224796825,035,0.1976228736855737,"[712.0,215.0,733.0,233.0]",418,"[100.0,80.0,40.0,20.0,0.0,-40.0]","[21.0,52.5,113.5,143.5,174.0,232.5]","[{""value"":100.0,""pixel_y"":21.0,""text"":""100"",""confidence"":0.992466926574707,""bbox"":[47.0,11.0,74.0,31.0]},{""value"":80.0,""pixel_y"":52.5,""text"":""80"",""confidence"":0.99965348619828,""bbox"":[55.0,42.0,76.0,63.0]},{""value"":40.0,""pixel_y"":113.5,""text"":""40"",""confidence"":0.999998651301114,""bbox"":[55.0,103.0,76.0,124.0]},{""value"":20.0,""pixel_y"":143.5,""text"":""20"",""confidence"":0.9999910648798075,""bbox"":[55.0,133.0,76.0,154.0]},{""value"":0.0,""pixel_y"":174.0,""text"":""0"",""confidence"":0.9996853122365792,""bbox"":[64.0,168.0,73.0,180.0]},{""value"":-40.0,""pixel_y"":232.5,""text"":""-40"",""confidence"":0.9330105781555176,""bbox"":[50.0,223.0,74.0,242.0]}]",-0.6613983757622157,114.57510048945875,0.99986899455853,1.2095253844881069,20.0,162.18810970441052,"[85.18,4.6049999999999995,753.525,249.825]",null,"[722.5,165.11755995057447]",722.5,165.11755995057447,1.1418903885772604,5.366614528328512,29.633385471671488,0.8466681563334711,0.18270997501406627,190|7761,10|5,basis points|basis points,1.0|1.0,False
fgmvp_0086,c349c55fd9afe5690ffca5b87838c1b55fee74b66d00ab09c659a1f7f761d3f2,1538,bar,/data/liu_jun/finmme_reproduction/outputs/cache/phase2c_official_jpeg/1538.jpg,phase6_geometry_scale/masked_images/fgmvp_0086.png,phase6_geometry_scale/debug_overlays/fgmvp_0086.png,10.0,10.0,0.9999870657920837,10.0,0.8818584581249997,"[942.0,140.0,1003.0,173.0]",2304,"[14.0,12.0,10.0,8.0,6.0,4.0,2.0,0.0]","[86.5,134.0,182.0,229.5,276.5,325.5,370.5,418.0]","[{""value"":14.0,""pixel_y"":86.5,""text"":""14"",""confidence"":0.9999998314126102,""bbox"":[22.0,71.0,62.0,102.0]},{""value"":12.0,""pixel_y"":134.0,""text"":""12"",""confidence"":0.6365226333179662,""bbox"":[23.0,118.0,62.0,150.0]},{""value"":10.0,""pixel_y"":182.0,""text"":""10"",""confidence"":0.9999948580883536,""bbox"":[22.0,166.0,62.0,198.0]},{""value"":8.0,""pixel_y"":229.5,""text"":""8"",""confidence"":0.7376436508497979,""bbox"":[38.0,214.0,62.0,245.0]},{""value"":6.0,""pixel_y"":276.5,""text"":""6"",""confidence"":0.9999907016970297,""bbox"":[38.0,262.0,62.0,291.0]},{""value"":4.0,""pixel_y"":325.5,""text"":""4"",""confidence"":0.9999992847443906,""bbox"":[38.0,310.0,62.0,341.0]},{""value"":2.0,""pixel_y"":370.5,""text"":""2"",""confidence"":1.0,""bbox"":[38.0,354.0,62.0,387.0]},{""value"":0.0,""pixel_y"":418.0,""text"":""0"",""confidence"":0.9999964237245109,""bbox"":[38.0,402.0,62.0,434.0]}]",-0.042203881832046625,17.66966887566429,0.9999556644789375,1.603991332747152,2.0,16.195739653047895,"[74.288,60.375,1008.64,444.125]","[959,187,19,231]",null,968.5,187.0,2.7420332903333238,9.77754297307157,0.2224570269284296,0.022245702692842963,0.013735527471668462,1538,0.4,USD/mmbtu,0.10000000149011612,False
fgmvp_0087,c349c55fd9afe5690ffca5b87838c1b55fee74b66d00ab09c659a1f7f761d3f2,1538,bar,/data/liu_jun/finmme_reproduction/outputs/cache/phase2c_official_jpeg/1538.jpg,phase6_geometry_scale/masked_images/fgmvp_0087.png,phase6_geometry_scale/debug_overlays/fgmvp_0087.png,4.1,4.1,0.9999830689424114,4.1,0.9999911215137923,"[582.0,282.0,624.0,312.0]",1485,"[14.0,12.0,10.0,8.0,6.0,4.0,2.0,0.0]","[86.5,134.0,182.0,229.5,276.5,325.5,370.5,418.0]","[{""value"":14.0,""pixel_y"":86.5,""text"":""14"",""confidence"":0.9999998314126102,""bbox"":[22.0,71.0,62.0,102.0]},{""value"":12.0,""pixel_y"":134.0,""text"":""12"",""confidence"":0.6365226333179662,""bbox"":[23.0,118.0,62.0,150.0]},{""value"":10.0,""pixel_y"":182.0,""text"":""10"",""confidence"":0.9999948580883536,""bbox"":[22.0,166.0,62.0,198.0]},{""value"":8.0,""pixel_y"":229.5,""text"":""8"",""confidence"":0.7376436508497979,""bbox"":[38.0,214.0,62.0,245.0]},{""value"":6.0,""pixel_y"":276.5,""text"":""6"",""confidence"":0.9999907016970297,""bbox"":[38.0,262.0,62.0,291.0]},{""value"":4.0,""pixel_y"":325.5,""text"":""4"",""confidence"":0.9999992847443906,""bbox"":[38.0,310.0,62.0,341.0]},{""value"":2.0,""pixel_y"":370.5,""text"":""2"",""confidence"":1.0,""bbox"":[38.0,354.0,62.0,387.0]},{""value"":0.0,""pixel_y"":418.0,""text"":""0"",""confidence"":0.9999964237245109,""bbox"":[38.0,402.0,62.0,434.0]}]",-0.042203881832046625,17.66966887566429,0.9999556644789375,1.603991332747152,2.0,16.195739653047895,"[74.288,60.375,1008.64,444.125]","[589,323,24,94]",null,601.0,323.0,2.2422967550548645,4.037815043913229,0.06218495608677088,0.015167062460188022,0.003839587287701814,1538,0.4,USD/mmbtu,0.10000000149011612,False
fgmvp_0088,c349c55fd9afe5690ffca5b87838c1b55fee74b66d00ab09c659a1f7f761d3f2,1538,bar,/data/liu_jun/finmme_reproduction/outputs/cache/phase2c_official_jpeg/1538.jpg,phase6_geometry_scale/masked_images/fgmvp_0088.png,phase6_geometry_scale/debug_overlays/fgmvp_0088.png,3.6,3.6,0.999852714850249,3.6,0.3430262559547297,"[641.0,290.0,691.0,323.0]",1908,"[14.0,12.0,10.0,8.0,6.0,4.0,2.0,0.0]","[86.5,134.0,182.0,229.5,276.5,325.5,370.5,418.0]","[{""value"":14.0,""pixel_y"":86.5,""text"":""14"",""confidence"":0.9999998314126102,""bbox"":[22.0,71.0,62.0,102.0]},{""value"":12.0,""pixel_y"":134.0,""text"":""12"",""confidence"":0.6365226333179662,""bbox"":[23.0,118.0,62.0,150.0]},{""value"":10.0,""pixel_y"":182.0,""text"":""10"",""confidence"":0.9999948580883536,""bbox"":[22.0,166.0,62.0,198.0]},{""value"":8.0,""pixel_y"":229.5,""text"":""8"",""confidence"":0.7376436508497979,""bbox"":[38.0,214.0,62.0,245.0]},{""value"":6.0,""pixel_y"":276.5,""text"":""6"",""confidence"":0.9999907016970297,""bbox"":[38.0,262.0,62.0,291.0]},{""value"":4.0,""pixel_y"":325.5,""text"":""4"",""confidence"":0.9999992847443906,""bbox"":[38.0,310.0,62.0,341.0]},{""value"":2.0,""pixel_y"":370.5,""text"":""2"",""confidence"":1.0,""bbox"":[38.0,354.0,62.0,387.0]},{""value"":0.0,""pixel_y"":418.0,""text"":""0"",""confidence"":0.9999964237245109,""bbox"":[38.0,402.0,62.0,434.0]}]",-0.042203881832046625,17.66966887566429,0.9999556644789375,1.603991332747152,2.0,16.195739653047895,"[74.288,60.375,1008.64,444.125]","[651,335,22,82]",null,662.0,335.0,2.2096538569939326,3.53136846192867,0.06863153807133004,0.01906431613092501,0.004237629126028474,1538,0.4,USD/mmbtu,0.10000000149011612,False
fgmvp_0089,c349c55fd9afe5690ffca5b87838c1b55fee74b66d00ab09c659a1f7f761d3f2,1538,bar,/data/liu_jun/finmme_reproduction/outputs/cache/phase2c_official_jpeg/1538.jpg,phase6_geometry_scale/masked_images/fgmvp_0089.png,phase6_geometry_scale/debug_overlays/fgmvp_0089.png,8.4,8.4,0.9999822430381455,8.4,0.9998888373374939,"[458.0,178.0,506.0,210.0]",1785,"[14.0,12.0,10.0,8.0,6.0,4.0,2.0,0.0]","[86.5,134.0,182.0,229.5,276.5,325.5,370.5,418.0]","[{""value"":14.0,""pixel_y"":86.5,""text"":""14"",""confidence"":0.9999998314126102,""bbox"":[22.0,71.0,62.0,102.0]},{""value"":12.0,""pixel_y"":134.0,""text"":""12"",""confidence"":0.6365226333179662,""bbox"":[23.0,118.0,62.0,150.0]},{""value"":10.0,""pixel_y"":182.0,""text"":""10"",""confidence"":0.9999948580883536,""bbox"":[22.0,166.0,62.0,198.0]},{""value"":8.0,""pixel_y"":229.5,""text"":""8"",""confidence"":0.7376436508497979,""bbox"":[38.0,214.0,62.0,245.0]},{""value"":6.0,""pixel_y"":276.5,""text"":""6"",""confidence"":0.9999907016970297,""bbox"":[38.0,262.0,62.0,291.0]},{""value"":4.0,""pixel_y"":325.5,""text"":""4"",""confidence"":0.9999992847443906,""bbox"":[38.0,310.0,62.0,341.0]},{""value"":2.0,""pixel_y"":370.5,""text"":""2"",""confidence"":1.0,""bbox"":[38.0,354.0,62.0,387.0]},{""value"":0.0,""pixel_y"":418.0,""text"":""0"",""confidence"":0.9999964237245109,""bbox"":[38.0,402.0,62.0,434.0]}]",-0.042203881832046625,17.66966887566429,0.9999556644789375,1.603991332747152,2.0,16.195739653047895,"[74.288,60.375,1008.64,444.125]","[466,220,26,197]",null,479.0,220.0,2.07119006940739,8.384814872614031,0.01518512738596911,0.0018077532602344178,0.0009376001165288801,1538,0.4,USD/mmbtu,0.10000000149011612,False
fgmvp_0090,c349c55fd9afe5690ffca5b87838c1b55fee74b66d00ab09c659a1f7f761d3f2,1538,bar,/data/liu_jun/finmme_reproduction/outputs/cache/phase2c_official_jpeg/1538.jpg,phase6_geometry_scale/masked_images/fgmvp_0090.png,phase6_geometry_scale/debug_overlays/fgmvp_0090.png,9.3,9.3,0.9874411821365356,9.3,0.9997143149375916,"[396.0,156.0,445.0,189.0]",1872,"[14.0,12.0,10.0,8.0,6.0,4.0,2.0,0.0]","[86.5,134.0,182.0,229.5,276.5,325.5,370.5,418.0]","[{""value"":14.0,""pixel_y"":86.5,""text"":""14"",""confidence"":0.9999998314126102,""bbox"":[22.0,71.0,62.0,102.0]},{""value"":12.0,""pixel_y"":134.0,""text"":""12"",""confidence"":0.6365226333179662,""bbox"":[23.0,118.0,62.0,150.0]},{""value"":10.0,""pixel_y"":182.0,""text"":""10"",""confidence"":0.9999948580883536,""bbox"":[22.0,166.0,62.0,198.0]},{""value"":8.0,""pixel_y"":229.5,""text"":""8"",""confidence"":0.7376436508497979,""bbox"":[38.0,214.0,62.0,245.0]},{""value"":6.0,""pixel_y"":276.5,""text"":""6"",""confidence"":0.9999907016970297,""bbox"":[38.0,262.0,62.0,291.0]},{""value"":4.0,""pixel_y"":325.5,""text"":""4"",""confidence"":0.9999992847443906,""bbox"":[38.0,310.0,62.0,341.0]},{""value"":2.0,""pixel_y"":370.5,""text"":""2"",""confidence"":1.0,""bbox"":[38.0,354.0,62.0,387.0]},{""value"":0.0,""pixel_y"":418.0,""text"":""0"",""confidence"":0.9999964237245109,""bbox"":[38.0,402.0,62.0,434.0]}]",-0.042203881832046625,17.66966887566429,0.9999556644789375,1.603991332747152,2.0,16.195739653047895,"[74.288,60.375,1008.64,444.125]","[405,199,24,217]",null,417.0,199.0,2.0417478153851425,9.271096391087012,0.028903608912989043,0.003107914936880542,0.001784642722850243,1538,0.4,USD/mmbtu,0.10000000149011612,False
fgmvp_0091,c349c55fd9afe5690ffca5b87838c1b55fee74b66d00ab09c659a1f7f761d3f2,1538,bar,/data/liu_jun/finmme_reproduction/outputs/cache/phase2c_official_jpeg/1538.jpg,phase6_geometry_scale/masked_images/fgmvp_0091.png,phase6_geometry_scale/debug_overlays/fgmvp_0091.png,7.7,7.7,0.7758743166923523,7.7,0.5156784043124422,"[335.0,194.0,387.0,227.0]",1980,"[14.0,12.0,10.0,8.0,6.0,4.0,2.0,0.0]","[86.5,134.0,182.0,229.5,276.5,325.5,370.5,418.0]","[{""value"":14.0,""pixel_y"":86.5,""text"":""14"",""confidence"":0.9999998314126102,""bbox"":[22.0,71.0,62.0,102.0]},{""value"":12.0,""pixel_y"":134.0,""text"":""12"",""confidence"":0.6365226333179662,""bbox"":[23.0,118.0,62.0,150.0]},{""value"":10.0,""pixel_y"":182.0,""text"":""10"",""confidence"":0.9999948580883536,""bbox"":[22.0,166.0,62.0,198.0]},{""value"":8.0,""pixel_y"":229.5,""text"":""8"",""confidence"":0.7376436508497979,""bbox"":[38.0,214.0,62.0,245.0]},{""value"":6.0,""pixel_y"":276.5,""text"":""6"",""confidence"":0.9999907016970297,""bbox"":[38.0,262.0,62.0,291.0]},{""value"":4.0,""pixel_y"":325.5,""text"":""4"",""confidence"":0.9999992847443906,""bbox"":[38.0,310.0,62.0,341.0]},{""value"":2.0,""pixel_y"":370.5,""text"":""2"",""confidence"":1.0,""bbox"":[38.0,354.0,62.0,387.0]},{""value"":0.0,""pixel_y"":418.0,""text"":""0"",""confidence"":0.9999964237245109,""bbox"":[38.0,402.0,62.0,434.0]}]",-0.042203881832046625,17.66966887566429,0.9999556644789375,1.603991332747152,2.0,16.195739653047895,"[74.288,60.375,1008.64,444.125]","[346,239,23,178]",null,357.5,239.0,2.1960416564348755,7.582941117805145,0.11705888219485505,0.015202452233098058,0.007227757712987539,1538,0.4,USD/mmbtu,0.10000000149011612,False
fgmvp_0092,c349c55fd9afe5690ffca5b87838c1b55fee74b66d00ab09c659a1f7f761d3f2,1538,bar,/data/liu_jun/finmme_reproduction/outputs/cache/phase2c_official_jpeg/1538.jpg,phase6_geometry_scale/masked_images/fgmvp_0092.png,phase6_geometry_scale/debug_overlays/fgmvp_0092.png,9.9,9.9,0.9999918097681595,9.9,0.9999378508183289,"[764.0,140.0,813.0,173.0]",1872,"[14.0,12.0,10.0,8.0,6.0,4.0,2.0,0.0]","[86.5,134.0,182.0,229.5,276.5,325.5,370.5,418.0]","[{""value"":14.0,""pixel_y"":86.5,""text"":""14"",""confidence"":0.9999998314126102,""bbox"":[22.0,71.0,62.0,102.0]},{""value"":12.0,""pixel_y"":134.0,""text"":""12"",""confidence"":0.6365226333179662,""bbox"":[23.0,118.0,62.0,150.0]},{""value"":10.0,""pixel_y"":182.0,""text"":""10"",""confidence"":0.9999948580883536,""bbox"":[22.0,166.0,62.0,198.0]},{""value"":8.0,""pixel_y"":229.5,""text"":""8"",""confidence"":0.7376436508497979,""bbox"":[38.0,214.0,62.0,245.0]},{""value"":6.0,""pixel_y"":276.5,""text"":""6"",""confidence"":0.9999907016970297,""bbox"":[38.0,262.0,62.0,291.0]},{""value"":4.0,""pixel_y"":325.5,""text"":""4"",""confidence"":0.9999992847443906,""bbox"":[38.0,310.0,62.0,341.0]},{""value"":2.0,""pixel_y"":370.5,""text"":""2"",""confidence"":1.0,""bbox"":[38.0,354.0,62.0,387.0]},{""value"":0.0,""pixel_y"":418.0,""text"":""0"",""confidence"":0.9999964237245109,""bbox"":[38.0,402.0,62.0,434.0]}]",-0.042203881832046625,17.66966887566429,0.9999556644789375,1.603991332747152,2.0,16.195739653047895,"[74.288,60.375,1008.64,444.125]","[773,185,24,231]",null,785.0,185.0,1.9413558318480366,9.861950736735665,0.038049263264335664,0.003843359925690471,0.0023493377937311515,1538,0.4,USD/mmbtu,0.10000000149011612,False
fgmvp_0093,a8049e206e876ab4ee4c13e7354108806dfd89161f9a133bd5341e005fdd002c,5087,bar,/data/liu_jun/finmme_reproduction/outputs/cache/phase2c_official_jpeg/5087.jpg,phase6_geometry_scale/masked_images/fgmvp_0093.png,phase6_geometry_scale/debug_overlays/fgmvp_0093.png,9.5,9.5,0.8571944236755371,9.5,0.9996013044390001,"[606.0,306.0,653.0,339.0]",1800,"[18.0,16.0,14.0,12.0,10.0,8.0,6.0,4.0,0.0]","[110.0,166.0,222.5,279.5,337.5,394.0,450.5,507.5,619.0]","[{""value"":18.0,""pixel_y"":110.0,""text"":""18"",""confidence"":0.9999931722173684,""bbox"":[25.0,94.0,61.0,126.0]},{""value"":16.0,""pixel_y"":166.0,""text"":""16"",""confidence"":0.9999979769518709,""bbox"":[25.0,150.0,61.0,182.0]},{""value"":14.0,""pixel_y"":222.5,""text"":""14"",""confidence"":0.999988873250124,""bbox"":[23.0,207.0,61.0,238.0]},{""value"":12.0,""pixel_y"":279.5,""text"":""12"",""confidence"":0.9999862601550323,""bbox"":[25.0,263.0,61.0,296.0]},{""value"":10.0,""pixel_y"":337.5,""text"":""10"",""confidence"":0.5244595590823801,""bbox"":[25.0,321.0,59.0,354.0]},{""value"":8.0,""pixel_y"":394.0,""text"":""8"",""confidence"":0.9999992847443906,""bbox"":[36.0,378.0,61.0,410.0]},{""value"":6.0,""pixel_y"":450.5,""text"":""6"",""confidence"":0.999998569489037,""bbox"":[36.0,434.0,61.0,467.0]},{""value"":4.0,""pixel_y"":507.5,""text"":""4"",""confidence"":0.999998569489037,""bbox"":[38.0,492.0,62.0,523.0]},{""value"":0.0,""pixel_y"":619.0,""text"":""0"",""confidence"":0.9999976158156301,""bbox"":[37.0,605.0,57.0,633.0]}]",-0.03526315367227786,21.871080423276183,0.9999805678670504,1.2247429863354182,2.0,20.150247587181372,"[74.288,78.7875,1008.64,650.2125]","[611,353,38,267]",null,630.0,353.0,2.630801109440715,9.423187176962099,0.07681282303790127,0.00808556031977908,0.0038120039322378316,5099,84.1,percentage,5.0,False
fgmvp_0094,0b29203f223af5db5593570dc213d2ab9231fd234ec685e0e7babafffc197885,454,line,/data/liu_jun/finmme_reproduction/outputs/cache/phase2c_official_jpeg/454.jpg,phase6_geometry_scale/masked_images/fgmvp_0094.png,phase6_geometry_scale/debug_overlays/fgmvp_0094.png,24,24.0,0.8100685297431749,24,0.9999996628252286,"[177.0,196.0,214.0,224.0]",1240,"[45.0,40.0,35.0,30.0,25.0,20.0,15.0,10.0,5.0,0.0]","[22.5,76.5,129.0,182.0,235.0,287.5,341.5,394.0,447.5,500.0]","[{""value"":45.0,""pixel_y"":22.5,""text"":""45"",""confidence"":0.9999969654282558,""bbox"":[17.0,7.0,54.0,38.0]},{""value"":40.0,""pixel_y"":76.5,""text"":""40"",""confidence"":0.9999991570631338,""bbox"":[18.0,62.0,54.0,91.0]},{""value"":35.0,""pixel_y"":129.0,""text"":""35"",""confidence"":0.9999961224921389,""bbox"":[17.0,114.0,54.0,144.0]},{""value"":30.0,""pixel_y"":182.0,""text"":""30"",""confidence"":0.9765785874988069,""bbox"":[17.0,167.0,53.0,197.0]},{""value"":25.0,""pixel_y"":235.0,""text"":""25"",""confidence"":0.9999809353565783,""bbox"":[15.0,220.0,54.0,250.0]},{""value"":20.0,""pixel_y"":287.5,""text"":""20"",""confidence"":0.9999931722173684,""bbox"":[15.0,273.0,53.0,302.0]},{""value"":15.0,""pixel_y"":341.5,""text"":""15"",""confidence"":0.9999940994463072,""bbox"":[18.0,326.0,54.0,357.0]},{""value"":10.0,""pixel_y"":394.0,""text"":""10"",""confidence"":0.9999983984201323,""bbox"":[18.0,378.0,54.0,410.0]},{""value"":5.0,""pixel_y"":447.5,""text"":""5"",""confidence"":0.9999938011265499,""bbox"":[32.0,434.0,53.0,461.0]},{""value"":0.0,""pixel_y"":500.0,""text"":""0"",""confidence"":0.9999988079074598,""bbox"":[31.0,487.0,52.0,513.0]}]",-0.09427986634356919,47.15889904216053,0.9999951156841237,0.5675732815266642,5.0,48.89966687708731,"[66.288,10.485,1008.64,529.15]",null,"[195.5,241.18013019121878]",195.5,241.18013019121878,1.2626648346568528,24.420468603007805,0.4204686030078051,0.017519525125325213,0.008598598515296268,454,-12,percentage,10.0,False
fgmvp_0095,d823654ed4cfa0b0bf0e8b3b7621a23d7083c0225ba118a122e63dacfab9c81a,1449,bar,/data/liu_jun/finmme_reproduction/outputs/cache/phase2c_official_jpeg/1449.jpg,phase6_geometry_scale/masked_images/fgmvp_0095.png,phase6_geometry_scale/debug_overlays/fgmvp_0095.png,19.2,19.2,0.999366819858551,19.2,0.8981216156058065,"[398.0,409.0,459.0,446.0]",2560,"[60.0,50.0,40.0,30.0,20.0,10.0,0.0]","[117.0,199.5,282.5,365.0,449.5,531.5,614.0]","[{""value"":60.0,""pixel_y"":117.0,""text"":""60"",""confidence"":0.9996471648185683,""bbox"":[22.0,99.0,60.0,135.0]},{""value"":50.0,""pixel_y"":199.5,""text"":""50"",""confidence"":0.9998944659224435,""bbox"":[23.0,183.0,59.0,216.0]},{""value"":40.0,""pixel_y"":282.5,""text"":""40"",""confidence"":0.9999997471189183,""bbox"":[23.0,266.0,59.0,299.0]},{""value"":30.0,""pixel_y"":365.0,""text"":""30"",""confidence"":0.9999914020537298,""bbox"":[22.0,347.0,60.0,383.0]},{""value"":20.0,""pixel_y"":449.5,""text"":""20"",""confidence"":0.574696733130617,""bbox"":[23.0,433.0,59.0,466.0]},{""value"":10.0,""pixel_y"":531.5,""text"":""10"",""confidence"":0.9999912334667646,""bbox"":[24.0,513.0,60.0,550.0]},{""value"":0.0,""pixel_y"":614.0,""text"":""0"",""confidence"":0.9999971389790971,""bbox"":[39.0,600.0,57.0,628.0]}]",-0.12058471792345606,74.08232759516056,0.9999918393509465,0.9993232435093784,10.0,70.87366795951131,"[72.288,71.625,1008.64,659.375]","[409,458,39,155]",null,428.5,458.0,2.4267998622611318,18.85452678621769,0.34547321378230933,0.017993396551161944,0.004874493217702111,1449|6677,12.1|23.3,percentage|percentage,3.0|3.0,False
fgmvp_0096,d823654ed4cfa0b0bf0e8b3b7621a23d7083c0225ba118a122e63dacfab9c81a,1449,bar,/data/liu_jun/finmme_reproduction/outputs/cache/phase2c_official_jpeg/1449.jpg,phase6_geometry_scale/masked_images/fgmvp_0096.png,phase6_geometry_scale/debug_overlays/fgmvp_0096.png,11.3,11.3,0.7294406294822693,11.3,0.3038309828359372,"[601.0,476.0,659.0,509.0]",2196,"[60.0,50.0,40.0,30.0,20.0,10.0,0.0]","[117.0,199.5,282.5,365.0,449.5,531.5,614.0]","[{""value"":60.0,""pixel_y"":117.0,""text"":""60"",""confidence"":0.9996471648185683,""bbox"":[22.0,99.0,60.0,135.0]},{""value"":50.0,""pixel_y"":199.5,""text"":""50"",""confidence"":0.9998944659224435,""bbox"":[23.0,183.0,59.0,216.0]},{""value"":40.0,""pixel_y"":282.5,""text"":""40"",""confidence"":0.9999997471189183,""bbox"":[23.0,266.0,59.0,299.0]},{""value"":30.0,""pixel_y"":365.0,""text"":""30"",""confidence"":0.9999914020537298,""bbox"":[22.0,347.0,60.0,383.0]},{""value"":20.0,""pixel_y"":449.5,""text"":""20"",""confidence"":0.574696733130617,""bbox"":[23.0,433.0,59.0,466.0]},{""value"":10.0,""pixel_y"":531.5,""text"":""10"",""confidence"":0.9999912334667646,""bbox"":[24.0,513.0,60.0,550.0]},{""value"":0.0,""pixel_y"":614.0,""text"":""0"",""confidence"":0.9999971389790971,""bbox"":[39.0,600.0,57.0,628.0]}]",-0.12058471792345606,74.08232759516056,0.9999918393509465,0.9993232435093784,10.0,70.87366795951131,"[72.288,71.625,1008.64,659.375]","[611,523,38,91]",null,630.0,523.0,2.299263131124591,11.016520121193047,0.28347987880695413,0.025086714938668507,0.003999791276061801,1449|6677,12.1|23.3,percentage|percentage,3.0|3.0,False
fgmvp_0097,4ba17a60ee1ffacff3e634ec938c72b6a6b366fa5318f059c3f48b664a541cac,4430,bar,/data/liu_jun/finmme_reproduction/outputs/cache/phase2c_official_jpeg/4430.jpg,phase6_geometry_scale/masked_images/fgmvp_0097.png,phase6_geometry_scale/debug_overlays/fgmvp_0097.png,7.1,7.1,0.9999719880677906,7.1,0.9999339966225537,"[836.0,183.0,874.0,213.0]",1353,"[10.0,9.0,8.0,7.0,6.0,5.0,4.0,3.0,2.0,1.0,0.0]","[100.5,142.5,186.0,226.5,270.0,313.0,355.0,396.5,438.5,481.0,523.0]","[{""value"":10.0,""pixel_y"":100.5,""text"":""10.0"",""confidence"":0.6665851946890539,""bbox"":[10.0,84.0,67.0,117.0]},{""value"":9.0,""pixel_y"":142.5,""text"":""9.0"",""confidence"":0.6192583441734314,""bbox"":[23.0,127.0,67.0,158.0]},{""value"":8.0,""pixel_y"":186.0,""text"":""8.0"",""confidence"":0.6591182351112366,""bbox"":[25.0,172.0,67.0,200.0]},{""value"":7.0,""pixel_y"":226.5,""text"":""7.0"",""confidence"":0.6378042101860046,""bbox"":[23.0,210.0,66.0,243.0]},{""value"":6.0,""pixel_y"":270.0,""text"":""6.0"",""confidence"":0.778872013092041,""bbox"":[25.0,255.0,67.0,285.0]},{""value"":5.0,""pixel_y"":313.0,""text"":""5.0"",""confidence"":0.7327600121498108,""bbox"":[25.0,298.0,67.0,328.0]},{""value"":4.0,""pixel_y"":355.0,""text"":""4.0"",""confidence"":0.9990742802619934,""bbox"":[25.0,340.0,67.0,370.0]},{""value"":3.0,""pixel_y"":396.5,""text"":""3.0"",""confidence"":0.8694244687938684,""bbox"":[25.0,382.0,67.0,411.0]},{""value"":2.0,""pixel_y"":438.5,""text"":""2.0"",""confidence"":0.9993817660044733,""bbox"":[23.0,423.0,66.0,454.0]},{""value"":1.0,""pixel_y"":481.0,""text"":""1.0"",""confidence"":0.9999193369318052,""bbox"":[25.0,466.0,67.0,496.0]},{""value"":0.0,""pixel_y"":523.0,""text"":""0.0"",""confidence"":0.5511083602905273,""bbox"":[23.0,508.0,66.0,538.0]}]",-0.023660571043364144,12.383173646031588,0.9999817707327263,1.0166409198461122,1.0,11.089709648024774,"[79.288,77.4,1008.64,546.1]","[833,225,40,297]",null,853.0,225.0,2.738092854586715,7.059545161274656,0.040454838725343834,0.005697864609203357,0.003647961940333522,7509|10055,2.5|1.5,percentage|percentage,2.0|2.0,False
fgmvp_0098,4ba17a60ee1ffacff3e634ec938c72b6a6b366fa5318f059c3f48b664a541cac,4430,bar,/data/liu_jun/finmme_reproduction/outputs/cache/phase2c_official_jpeg/4430.jpg,phase6_geometry_scale/masked_images/fgmvp_0098.png,phase6_geometry_scale/debug_overlays/fgmvp_0098.png,3.9,3.9,0.7526702880859375,3.9,0.9998065829277039,"[218.0,318.0,262.0,347.0]",1504,"[10.0,9.0,8.0,7.0,6.0,5.0,4.0,3.0,2.0,1.0,0.0]","[100.5,142.5,186.0,226.5,270.0,313.0,355.0,396.5,438.5,481.0,523.0]","[{""value"":10.0,""pixel_y"":100.5,""text"":""10.0"",""confidence"":0.6665851946890539,""bbox"":[10.0,84.0,67.0,117.0]},{""value"":9.0,""pixel_y"":142.5,""text"":""9.0"",""confidence"":0.6192583441734314,""bbox"":[23.0,127.0,67.0,158.0]},{""value"":8.0,""pixel_y"":186.0,""text"":""8.0"",""confidence"":0.6591182351112366,""bbox"":[25.0,172.0,67.0,200.0]},{""value"":7.0,""pixel_y"":226.5,""text"":""7.0"",""confidence"":0.6378042101860046,""bbox"":[23.0,210.0,66.0,243.0]},{""value"":6.0,""pixel_y"":270.0,""text"":""6.0"",""confidence"":0.778872013092041,""bbox"":[25.0,255.0,67.0,285.0]},{""value"":5.0,""pixel_y"":313.0,""text"":""5.0"",""confidence"":0.7327600121498108,""bbox"":[25.0,298.0,67.0,328.0]},{""value"":4.0,""pixel_y"":355.0,""text"":""4.0"",""confidence"":0.9990742802619934,""bbox"":[25.0,340.0,67.0,370.0]},{""value"":3.0,""pixel_y"":396.5,""text"":""3.0"",""confidence"":0.8694244687938684,""bbox"":[25.0,382.0,67.0,411.0]},{""value"":2.0,""pixel_y"":438.5,""text"":""2.0"",""confidence"":0.9993817660044733,""bbox"":[23.0,423.0,66.0,454.0]},{""value"":1.0,""pixel_y"":481.0,""text"":""1.0"",""confidence"":0.9999193369318052,""bbox"":[25.0,466.0,67.0,496.0]},{""value"":0.0,""pixel_y"":523.0,""text"":""0.0"",""confidence"":0.5511083602905273,""bbox"":[23.0,508.0,66.0,538.0]}]",-0.023660571043364144,12.383173646031588,0.9999817707327263,1.0166409198461122,1.0,11.089709648024774,"[79.288,77.4,1008.64,546.1]","[217,360,40,162]",null,237.0,360.0,2.43433291758492,3.8653680704204962,0.03463192957950367,0.00887998194346248,0.0031228887571165655,7509|10055,2.5|1.5,percentage|percentage,2.0|2.0,False
fgmvp_0099,4ba17a60ee1ffacff3e634ec938c72b6a6b366fa5318f059c3f48b664a541cac,4430,bar,/data/liu_jun/finmme_reproduction/outputs/cache/phase2c_official_jpeg/4430.jpg,phase6_geometry_scale/masked_images/fgmvp_0099.png,phase6_geometry_scale/debug_overlays/fgmvp_0099.png,0.8,0.8,0.9999799718018858,0.8,0.9999812106579419,"[114.0,447.0,158.0,478.0]",1598,"[10.0,9.0,8.0,7.0,6.0,5.0,4.0,3.0,2.0,1.0,0.0]","[100.5,142.5,186.0,226.5,270.0,313.0,355.0,396.5,438.5,481.0,523.0]","[{""value"":10.0,""pixel_y"":100.5,""text"":""10.0"",""confidence"":0.6665851946890539,""bbox"":[10.0,84.0,67.0,117.0]},{""value"":9.0,""pixel_y"":142.5,""text"":""9.0"",""confidence"":0.6192583441734314,""bbox"":[23.0,127.0,67.0,158.0]},{""value"":8.0,""pixel_y"":186.0,""text"":""8.0"",""confidence"":0.6591182351112366,""bbox"":[25.0,172.0,67.0,200.0]},{""value"":7.0,""pixel_y"":226.5,""text"":""7.0"",""confidence"":0.6378042101860046,""bbox"":[23.0,210.0,66.0,243.0]},{""value"":6.0,""pixel_y"":270.0,""text"":""6.0"",""confidence"":0.778872013092041,""bbox"":[25.0,255.0,67.0,285.0]},{""value"":5.0,""pixel_y"":313.0,""text"":""5.0"",""confidence"":0.7327600121498108,""bbox"":[25.0,298.0,67.0,328.0]},{""value"":4.0,""pixel_y"":355.0,""text"":""4.0"",""confidence"":0.9990742802619934,""bbox"":[25.0,340.0,67.0,370.0]},{""value"":3.0,""pixel_y"":396.5,""text"":""3.0"",""confidence"":0.8694244687938684,""bbox"":[25.0,382.0,67.0,411.0]},{""value"":2.0,""pixel_y"":438.5,""text"":""2.0"",""confidence"":0.9993817660044733,""bbox"":[23.0,423.0,66.0,454.0]},{""value"":1.0,""pixel_y"":481.0,""text"":""1.0"",""confidence"":0.9999193369318052,""bbox"":[25.0,466.0,67.0,496.0]},{""value"":0.0,""pixel_y"":523.0,""text"":""0.0"",""confidence"":0.5386019945144653,""bbox"":[23.0,508.0,67.0,538.0]}]",-0.023660571043364144,12.383173646031588,0.9999817707327263,1.0166409198461122,1.0,11.089709648024774,"[79.288,77.4,1008.64,546.1]","[115,491,39,31]",null,134.5,491.0,2.173751051700834,0.7658332637397933,0.03416673626020672,0.0427084203252584,0.0030809405606297613,7509|10055,2.5|1.5,percentage|percentage,2.0|2.0,False
fgmvp_0100,fa21f4ffe212ccdbcb219bada4b4065568e0baffc733cfee558c6b4a0ea6c96c,3195,bar,/data/liu_jun/finmme_reproduction/outputs/cache/phase2c_official_jpeg/3195.jpg,phase6_geometry_scale/masked_images/fgmvp_0100.png,phase6_geometry_scale/debug_overlays/fgmvp_0100.png,590,590.0,0.999945903340925,590,0.9999974534563641,"[120.0,102.0,172.0,139.0]",2200,"[700.0,500.0,300.0,100.0,-100.0]","[110.0,178.5,249.5,319.0,388.5]","[{""value"":700.0,""pixel_y"":110.0,""text"":""700"",""confidence"":0.9998793498466251,""bbox"":[31.0,94.0,82.0,126.0]},{""value"":500.0,""pixel_y"":178.5,""text"":""500"",""confidence"":0.9852850437164307,""bbox"":[31.0,162.0,82.0,195.0]},{""value"":300.0,""pixel_y"":249.5,""text"":""300"",""confidence"":0.7612854838371277,""bbox"":[30.0,233.0,82.0,266.0]},{""value"":100.0,""pixel_y"":319.0,""text"":""100"",""confidence"":0.9999454215658244,""bbox"":[30.0,301.0,83.0,337.0]},{""value"":-100.0,""pixel_y"":388.5,""text"":""-100"",""confidence"":0.9041063785552979,""bbox"":[22.0,372.0,82.0,405.0]}]",-2.8673201553080356,1014.2494506872314,0.9999779041636777,0.8484587813618947,200.0,1017.7552891265874,"[95.288,71.775,1008.64,426.725]","[127,150,40,204]",null,147.0,150.0,2.732342977784114,584.1514273910261,5.848572608973882,0.009912834930464206,0.005746541110086476,9955,407,bps,10.0,False
fgmvp_0101,fa21f4ffe212ccdbcb219bada4b4065568e0baffc733cfee558c6b4a0ea6c96c,3195,bar,/data/liu_jun/finmme_reproduction/outputs/cache/phase2c_official_jpeg/3195.jpg,phase6_geometry_scale/masked_images/fgmvp_0101.png,phase6_geometry_scale/debug_overlays/fgmvp_0101.png,539,539.0,0.9999870608143178,539,0.9997299313545227,"[217.0,120.0,271.0,156.0]",2223,"[700.0,500.0,300.0,100.0,-100.0]","[110.0,178.5,249.5,319.0,388.5]","[{""value"":700.0,""pixel_y"":110.0,""text"":""700"",""confidence"":0.9998793498466251,""bbox"":[31.0,94.0,82.0,126.0]},{""value"":500.0,""pixel_y"":178.5,""text"":""500"",""confidence"":0.9852850437164307,""bbox"":[31.0,162.0,82.0,195.0]},{""value"":300.0,""pixel_y"":249.5,""text"":""300"",""confidence"":0.7612854838371277,""bbox"":[30.0,233.0,82.0,266.0]},{""value"":100.0,""pixel_y"":319.0,""text"":""100"",""confidence"":0.9999454215658244,""bbox"":[30.0,301.0,83.0,337.0]},{""value"":-100.0,""pixel_y"":388.5,""text"":""-100"",""confidence"":0.9041063785552979,""bbox"":[22.0,372.0,82.0,405.0]}]",-2.8673201553080356,1014.2494506872314,0.9999779041636777,0.8484587813618947,200.0,1017.7552891265874,"[95.288,71.775,1008.64,426.725]","[225,167,40,187]",null,245.0,167.0,2.6850126336870446,535.4069847507894,3.5930152492105663,0.006666076529147618,0.003530333163185036,9955,407,bps,10.0,False
fgmvp_0102,fa21f4ffe212ccdbcb219bada4b4065568e0baffc733cfee558c6b4a0ea6c96c,3195,bar,/data/liu_jun/finmme_reproduction/outputs/cache/phase2c_official_jpeg/3195.jpg,phase6_geometry_scale/masked_images/fgmvp_0102.png,phase6_geometry_scale/debug_overlays/fgmvp_0102.png,76,76.0,0.999996628253784,76,0.9994882913202653,"[815.0,282.0,853.0,315.0]",1476,"[700.0,500.0,300.0,100.0,-100.0]","[110.0,178.5,249.5,319.0,388.5]","[{""value"":700.0,""pixel_y"":110.0,""text"":""700"",""confidence"":0.9998793498466251,""bbox"":[31.0,94.0,82.0,126.0]},{""value"":500.0,""pixel_y"":178.5,""text"":""500"",""confidence"":0.9852850437164307,""bbox"":[31.0,162.0,82.0,195.0]},{""value"":300.0,""pixel_y"":249.5,""text"":""300"",""confidence"":0.7612854838371277,""bbox"":[30.0,233.0,82.0,266.0]},{""value"":100.0,""pixel_y"":319.0,""text"":""100"",""confidence"":0.9999454215658244,""bbox"":[30.0,301.0,83.0,337.0]},{""value"":-100.0,""pixel_y"":388.5,""text"":""-100"",""confidence"":0.9041063785552979,""bbox"":[22.0,372.0,82.0,405.0]}]",-2.8673201553080356,1014.2494506872314,0.9999779041636777,0.8484587813618947,200.0,1017.7552891265874,"[95.288,71.775,1008.64,426.725]","[815,329,40,25]",null,835.0,329.0,2.093618476550965,70.90111959088767,5.098880409112326,0.06709053169884639,0.005009927694395044,9955,407,bps,10.0,False
fgmvp_0103,e961558d7516166a491545c72a96ddffc3b2b6f707f3ff3aad4b101ddcb408a9,2246,bar,/data/liu_jun/finmme_reproduction/outputs/cache/phase2c_official_jpeg/2246.jpg,phase6_geometry_scale/masked_images/fgmvp_0103.png,phase6_geometry_scale/debug_overlays/fgmvp_0103.png,348.6,348.6,0.9996815604972344,348.6,0.9684130388123258,"[647.0,90.0,714.0,118.0]",2170,"[450.0,400.0,350.0,300.0,250.0,200.0,150.0,100.0,50.0]","[36.0,80.0,126.0,171.0,215.5,260.5,306.0,350.0,396.0]","[{""value"":450.0,""pixel_y"":36.0,""text"":""450.0"",""confidence"":0.9999518591136812,""bbox"":[28.0,22.0,93.0,50.0]},{""value"":400.0,""pixel_y"":80.0,""text"":""400.0"",""confidence"":0.9999767026174136,""bbox"":[28.0,66.0,93.0,94.0]},{""value"":350.0,""pixel_y"":126.0,""text"":""350.0"",""confidence"":0.9999943489245257,""bbox"":[28.0,113.0,93.0,139.0]},{""value"":300.0,""pixel_y"":171.0,""text"":""300.0"",""confidence"":0.9999808076528622,""bbox"":[28.0,158.0,93.0,184.0]},{""value"":250.0,""pixel_y"":215.5,""text"":""250.0"",""confidence"":0.9999865653615687,""bbox"":[28.0,202.0,93.0,229.0]},{""value"":200.0,""pixel_y"":260.5,""text"":""200.0"",""confidence"":0.9969082792197715,""bbox"":[28.0,247.0,93.0,274.0]},{""value"":150.0,""pixel_y"":306.0,""text"":""150.0"",""confidence"":0.9999750499402428,""bbox"":[30.0,292.0,93.0,320.0]},{""value"":100.0,""pixel_y"":350.0,""text"":""100.0"",""confidence"":0.9999844328773189,""bbox"":[30.0,337.0,93.0,363.0]},{""value"":50.0,""pixel_y"":396.0,""text"":""50.0"",""confidence"":0.997238253680337,""bbox"":[41.0,382.0,93.0,410.0]}]",-1.111303223787941,489.67106193026575,0.9999876842051818,0.6900043217878755,50.0,455.07867014116187,"[105.288,11.249999999999996,1008.64,420.75]","[670,128,12,293]",null,676.0,128.0,2.729774840453925,347.4242492854093,1.1757507145907198,0.003372778871459322,0.0025836207929191913,7482,69.7,percentage,5.0,False
fgmvp_0104,e961558d7516166a491545c72a96ddffc3b2b6f707f3ff3aad4b101ddcb408a9,2246,bar,/data/liu_jun/finmme_reproduction/outputs/cache/phase2c_official_jpeg/2246.jpg,phase6_geometry_scale/masked_images/fgmvp_0104.png,phase6_geometry_scale/debug_overlays/fgmvp_0104.png,381.1,381.1,0.7868556842294261,381.1,0.9999145404089277,"[719.0,62.0,782.0,90.0]",2046,"[450.0,400.0,350.0,300.0,250.0,200.0,150.0,100.0,50.0]","[36.0,80.0,126.0,171.0,215.5,260.5,306.0,350.0,396.0]","[{""value"":450.0,""pixel_y"":36.0,""text"":""450.0"",""confidence"":0.9999518591136812,""bbox"":[28.0,22.0,93.0,50.0]},{""value"":400.0,""pixel_y"":80.0,""text"":""400.0"",""confidence"":0.9999767026174136,""bbox"":[28.0,66.0,93.0,94.0]},{""value"":350.0,""pixel_y"":126.0,""text"":""350.0"",""confidence"":0.9999943489245257,""bbox"":[28.0,113.0,93.0,139.0]},{""value"":300.0,""pixel_y"":171.0,""text"":""300.0"",""confidence"":0.9999808076528622,""bbox"":[28.0,158.0,93.0,184.0]},{""value"":250.0,""pixel_y"":215.5,""text"":""250.0"",""confidence"":0.9999865653615687,""bbox"":[28.0,202.0,93.0,229.0]},{""value"":200.0,""pixel_y"":260.5,""text"":""200.0"",""confidence"":0.9969082792197715,""bbox"":[28.0,247.0,93.0,274.0]},{""value"":150.0,""pixel_y"":306.0,""text"":""150.0"",""confidence"":0.9999750499402428,""bbox"":[30.0,292.0,93.0,320.0]},{""value"":100.0,""pixel_y"":350.0,""text"":""100.0"",""confidence"":0.9999844328773189,""bbox"":[30.0,337.0,93.0,363.0]},{""value"":50.0,""pixel_y"":396.0,""text"":""50.0"",""confidence"":0.997238253680337,""bbox"":[41.0,382.0,93.0,410.0]}]",-1.111303223787941,489.67106193026575,0.9999876842051818,0.6900043217878755,50.0,455.07867014116187,"[105.288,11.249999999999996,1008.64,420.75]","[742,97,13,324]",null,748.5,97.0,2.658804149766948,381.8746492228355,0.7746492228354782,0.002032666551654364,0.0017022314462578263,7482,69.7,percentage,5.0,False
fgmvp_0105,e961558d7516166a491545c72a96ddffc3b2b6f707f3ff3aad4b101ddcb408a9,2246,bar,/data/liu_jun/finmme_reproduction/outputs/cache/phase2c_official_jpeg/2246.jpg,phase6_geometry_scale/masked_images/fgmvp_0105.png,phase6_geometry_scale/debug_overlays/fgmvp_0105.png,271.2,271.2,0.9940999792973829,271.2,0.9979070703246931,"[210.0,161.0,277.0,187.0]",2030,"[450.0,400.0,350.0,300.0,250.0,200.0,150.0,100.0,50.0]","[36.0,80.0,126.0,171.0,215.5,260.5,306.0,350.0,396.0]","[{""value"":450.0,""pixel_y"":36.0,""text"":""450.0"",""confidence"":0.9999518591136812,""bbox"":[28.0,22.0,93.0,50.0]},{""value"":400.0,""pixel_y"":80.0,""text"":""400.0"",""confidence"":0.9999767026174136,""bbox"":[28.0,66.0,93.0,94.0]},{""value"":350.0,""pixel_y"":126.0,""text"":""350.0"",""confidence"":0.9999943489245257,""bbox"":[28.0,113.0,93.0,139.0]},{""value"":300.0,""pixel_y"":171.0,""text"":""300.0"",""confidence"":0.9999808076528622,""bbox"":[28.0,158.0,93.0,184.0]},{""value"":250.0,""pixel_y"":215.5,""text"":""250.0"",""confidence"":0.9999865653615687,""bbox"":[28.0,202.0,93.0,229.0]},{""value"":200.0,""pixel_y"":260.5,""text"":""200.0"",""confidence"":0.9969082792197715,""bbox"":[28.0,247.0,93.0,274.0]},{""value"":150.0,""pixel_y"":306.0,""text"":""150.0"",""confidence"":0.9999750499402428,""bbox"":[30.0,292.0,93.0,320.0]},{""value"":100.0,""pixel_y"":350.0,""text"":""100.0"",""confidence"":0.9999844328773189,""bbox"":[30.0,337.0,93.0,363.0]},{""value"":50.0,""pixel_y"":396.0,""text"":""50.0"",""confidence"":0.997238253680337,""bbox"":[41.0,382.0,93.0,410.0]}]",-1.111303223787941,489.67106193026575,0.9999876842051818,0.6900043217878755,50.0,455.07867014116187,"[105.288,11.249999999999996,1008.64,420.75]","[233,197,13,224]",null,239.5,197.0,2.3783698700488145,270.7443268440414,0.4556731559586069,0.00168021075205976,0.001001306336368744,7482,69.7,percentage,5.0,False
fgmvp_0106,e961558d7516166a491545c72a96ddffc3b2b6f707f3ff3aad4b101ddcb408a9,2246,bar,/data/liu_jun/finmme_reproduction/outputs/cache/phase2c_official_jpeg/2246.jpg,phase6_geometry_scale/masked_images/fgmvp_0106.png,phase6_geometry_scale/debug_overlays/fgmvp_0106.png,304.5,304.5,0.9999875782913994,304.5,0.9999780511339754,"[282.0,130.0,350.0,158.0]",2201,"[450.0,400.0,350.0,300.0,250.0,200.0,150.0,100.0,50.0]","[36.0,80.0,126.0,171.0,215.5,260.5,306.0,350.0,396.0]","[{""value"":450.0,""pixel_y"":36.0,""text"":""450.0"",""confidence"":0.9999518591136812,""bbox"":[28.0,22.0,93.0,50.0]},{""value"":400.0,""pixel_y"":80.0,""text"":""400.0"",""confidence"":0.9999767026174136,""bbox"":[28.0,66.0,93.0,94.0]},{""value"":350.0,""pixel_y"":126.0,""text"":""350.0"",""confidence"":0.9999943489245257,""bbox"":[28.0,113.0,93.0,139.0]},{""value"":300.0,""pixel_y"":171.0,""text"":""300.0"",""confidence"":0.9999808076528622,""bbox"":[28.0,158.0,93.0,184.0]},{""value"":250.0,""pixel_y"":215.5,""text"":""250.0"",""confidence"":0.9999865653615687,""bbox"":[28.0,202.0,93.0,229.0]},{""value"":200.0,""pixel_y"":260.5,""text"":""200.0"",""confidence"":0.9969082792197715,""bbox"":[28.0,247.0,93.0,274.0]},{""value"":150.0,""pixel_y"":306.0,""text"":""150.0"",""confidence"":0.9999750499402428,""bbox"":[30.0,292.0,93.0,320.0]},{""value"":100.0,""pixel_y"":350.0,""text"":""100.0"",""confidence"":0.9999844328773189,""bbox"":[30.0,337.0,93.0,363.0]},{""value"":50.0,""pixel_y"":396.0,""text"":""50.0"",""confidence"":0.997238253680337,""bbox"":[41.0,382.0,93.0,410.0]}]",-1.111303223787941,489.67106193026575,0.9999876842051818,0.6900043217878755,50.0,455.07867014116187,"[105.288,11.249999999999996,1008.64,420.75]","[307,166,13,255]",null,313.5,166.0,2.3150625374543727,305.1947267814676,0.6947267814675797,0.0022815329440643013,0.0015266080944907412,7482,69.7,percentage,5.0,False
fgmvp_0107,e961558d7516166a491545c72a96ddffc3b2b6f707f3ff3aad4b101ddcb408a9,2246,bar,/data/liu_jun/finmme_reproduction/outputs/cache/phase2c_official_jpeg/2246.jpg,phase6_geometry_scale/masked_images/fgmvp_0107.png,phase6_geometry_scale/debug_overlays/fgmvp_0107.png,250.5,250.5,0.7698682729846291,250.5,0.9999413032681531,"[138.0,178.0,205.0,206.0]",2170,"[450.0,400.0,350.0,300.0,250.0,200.0,150.0,100.0,50.0]","[36.0,80.0,126.0,171.0,215.5,260.5,306.0,350.0,396.0]","[{""value"":450.0,""pixel_y"":36.0,""text"":""450.0"",""confidence"":0.9999518591136812,""bbox"":[28.0,22.0,93.0,50.0]},{""value"":400.0,""pixel_y"":80.0,""text"":""400.0"",""confidence"":0.9999767026174136,""bbox"":[28.0,66.0,93.0,94.0]},{""value"":350.0,""pixel_y"":126.0,""text"":""350.0"",""confidence"":0.9999943489245257,""bbox"":[28.0,113.0,93.0,139.0]},{""value"":300.0,""pixel_y"":171.0,""text"":""300.0"",""confidence"":0.9999808076528622,""bbox"":[28.0,158.0,93.0,184.0]},{""value"":250.0,""pixel_y"":215.5,""text"":""250.0"",""confidence"":0.9999865653615687,""bbox"":[28.0,202.0,93.0,229.0]},{""value"":200.0,""pixel_y"":260.5,""text"":""200.0"",""confidence"":0.9969082792197715,""bbox"":[28.0,247.0,93.0,274.0]},{""value"":150.0,""pixel_y"":306.0,""text"":""150.0"",""confidence"":0.9999750499402428,""bbox"":[30.0,292.0,93.0,320.0]},{""value"":100.0,""pixel_y"":350.0,""text"":""100.0"",""confidence"":0.9999844328773189,""bbox"":[30.0,337.0,93.0,363.0]},{""value"":50.0,""pixel_y"":396.0,""text"":""50.0"",""confidence"":0.997238253680337,""bbox"":[41.0,382.0,93.0,410.0]}]",-1.111303223787941,489.67106193026575,0.9999876842051818,0.6900043217878755,50.0,455.07867014116187,"[105.288,11.249999999999996,1008.64,420.75]","[161,216,12,205]",null,167.0,216.0,2.3404853294063184,249.6295655920705,0.8704344079295083,0.00347478805560682,0.0019127119441996838,7482,69.7,percentage,5.0,False
fgmvp_0108,d63df85f351099bf1cc3cc024caa29c19a8260b7fad8c47b88cd9998d4781f83,1023,line,/data/liu_jun/finmme_reproduction/outputs/cache/phase2c_official_jpeg/1023.jpg,phase6_geometry_scale/masked_images/fgmvp_0108.png,phase6_geometry_scale/debug_overlays/fgmvp_0108.png,68%,68.0,0.9851069227560705,68%,0.9797895678900068,"[261.0,80.0,337.0,118.0]",3321,"[70.0,68.0,66.0,64.0,62.0,60.0,56.0,54.0,52.0]","[50.0,113.0,177.0,240.0,304.0,367.0,494.0,558.0,620.0]","[{""value"":70.0,""pixel_y"":50.0,""text"":""70%"",""confidence"":0.9956986831030956,""bbox"":[30.0,32.0,105.0,68.0]},{""value"":68.0,""pixel_y"":113.0,""text"":""68%"",""confidence"":0.9842561424770083,""bbox"":[30.0,94.0,105.0,132.0]},{""value"":66.0,""pixel_y"":177.0,""text"":""66%"",""confidence"":0.9918212786615707,""bbox"":[30.0,158.0,105.0,196.0]},{""value"":64.0,""pixel_y"":240.0,""text"":""64%"",""confidence"":0.9952489752851779,""bbox"":[30.0,221.0,105.0,259.0]},{""value"":62.0,""pixel_y"":304.0,""text"":""62%"",""confidence"":0.994662428821487,""bbox"":[30.0,285.0,105.0,323.0]},{""value"":60.0,""pixel_y"":367.0,""text"":""60%"",""confidence"":0.9535921166188617,""bbox"":[30.0,349.0,105.0,385.0]},{""value"":56.0,""pixel_y"":494.0,""text"":""56%"",""confidence"":0.7978109942479658,""bbox"":[30.0,475.0,107.0,513.0]},{""value"":54.0,""pixel_y"":558.0,""text"":""54%"",""confidence"":0.9583818258733215,""bbox"":[30.0,539.0,107.0,577.0]},{""value"":52.0,""pixel_y"":620.0,""text"":""52%"",""confidence"":0.8922667225703622,""bbox"":[30.0,601.0,107.0,639.0]}]",-0.03153524277295766,71.57527940281729,0.999995688014978,0.7429428640272038,2.0,20.17782508827696,"[119.288,15.074999999999996,1008.64,654.925]",null,"[299.0,148.51107928952146]",299.0,148.51107928952146,0.9711240225974412,66.89194646294827,1.108053537051731,0.016294904956643104,0.05491441878418774,1023,175,percentage,2.0,False
fgmvp_0109,d63df85f351099bf1cc3cc024caa29c19a8260b7fad8c47b88cd9998d4781f83,1023,line,/data/liu_jun/finmme_reproduction/outputs/cache/phase2c_official_jpeg/1023.jpg,phase6_geometry_scale/masked_images/fgmvp_0109.png,phase6_geometry_scale/debug_overlays/fgmvp_0109.png,67%,67.0,0.9778003118965536,67%,0.9566981209238089,"[331.0,133.0,407.0,171.0]",3321,"[70.0,68.0,66.0,64.0,62.0,60.0,56.0,54.0,52.0]","[50.0,113.0,177.0,240.0,304.0,367.0,494.0,558.0,620.0]","[{""value"":70.0,""pixel_y"":50.0,""text"":""70%"",""confidence"":0.9956986831030956,""bbox"":[30.0,32.0,105.0,68.0]},{""value"":68.0,""pixel_y"":113.0,""text"":""68%"",""confidence"":0.9842561424770083,""bbox"":[30.0,94.0,105.0,132.0]},{""value"":66.0,""pixel_y"":177.0,""text"":""66%"",""confidence"":0.9918212786615707,""bbox"":[30.0,158.0,105.0,196.0]},{""value"":64.0,""pixel_y"":240.0,""text"":""64%"",""confidence"":0.9952489752851779,""bbox"":[30.0,221.0,105.0,259.0]},{""value"":62.0,""pixel_y"":304.0,""text"":""62%"",""confidence"":0.994662428821487,""bbox"":[30.0,285.0,105.0,323.0]},{""value"":60.0,""pixel_y"":367.0,""text"":""60%"",""confidence"":0.9535921166188617,""bbox"":[30.0,349.0,105.0,385.0]},{""value"":56.0,""pixel_y"":494.0,""text"":""56%"",""confidence"":0.7978109942479658,""bbox"":[30.0,475.0,107.0,513.0]},{""value"":54.0,""pixel_y"":558.0,""text"":""54%"",""confidence"":0.9583818258733215,""bbox"":[30.0,539.0,107.0,577.0]},{""value"":52.0,""pixel_y"":620.0,""text"":""52%"",""confidence"":0.8922667225703622,""bbox"":[30.0,601.0,107.0,639.0]}]",-0.03153524277295766,71.57527940281729,0.999995688014978,0.7429428640272038,2.0,20.17782508827696,"[119.288,15.074999999999996,1008.64,654.925]",null,"[369.0,197.14620598359457]",369.0,197.14620598359457,0.9157372723941013,65.35822593535711,1.6417740646428882,0.024504090517058034,0.08136526396973955,1023,175,percentage,2.0,False
fgmvp_0110,d63df85f351099bf1cc3cc024caa29c19a8260b7fad8c47b88cd9998d4781f83,1023,line,/data/liu_jun/finmme_reproduction/outputs/cache/phase2c_official_jpeg/1023.jpg,phase6_geometry_scale/masked_images/fgmvp_0110.png,phase6_geometry_scale/debug_overlays/fgmvp_0110.png,64%,64.0,0.9909116367890992,64%,0.9977496075254265,"[611.0,227.0,687.0,265.0]",3321,"[70.0,68.0,66.0,64.0,62.0,60.0,56.0,54.0,52.0]","[50.0,113.0,177.0,240.0,304.0,367.0,494.0,558.0,620.0]","[{""value"":70.0,""pixel_y"":50.0,""text"":""70%"",""confidence"":0.9956986831030956,""bbox"":[30.0,32.0,105.0,68.0]},{""value"":68.0,""pixel_y"":113.0,""text"":""68%"",""confidence"":0.9842561424770083,""bbox"":[30.0,94.0,105.0,132.0]},{""value"":66.0,""pixel_y"":177.0,""text"":""66%"",""confidence"":0.9918212786615707,""bbox"":[30.0,158.0,105.0,196.0]},{""value"":64.0,""pixel_y"":240.0,""text"":""64%"",""confidence"":0.9952489752851779,""bbox"":[30.0,221.0,105.0,259.0]},{""value"":62.0,""pixel_y"":304.0,""text"":""62%"",""confidence"":0.994662428821487,""bbox"":[30.0,285.0,105.0,323.0]},{""value"":60.0,""pixel_y"":367.0,""text"":""60%"",""confidence"":0.9535921166188617,""bbox"":[30.0,349.0,105.0,385.0]},{""value"":56.0,""pixel_y"":494.0,""text"":""56%"",""confidence"":0.7978109942479658,""bbox"":[30.0,475.0,107.0,513.0]},{""value"":54.0,""pixel_y"":558.0,""text"":""54%"",""confidence"":0.9583818258733215,""bbox"":[30.0,539.0,107.0,577.0]},{""value"":52.0,""pixel_y"":620.0,""text"":""52%"",""confidence"":0.8922667225703622,""bbox"":[30.0,601.0,107.0,639.0]}]",-0.03153524277295766,71.57527940281729,0.999995688014978,0.7429428640272038,2.0,20.17782508827696,"[119.288,15.074999999999996,1008.64,654.925]",null,"[649.0,192.25153397493807]",649.0,192.25153397493807,0.707406063951158,65.5125806054441,1.5125806054441,0.023634071960064063,0.07496251944035774,1023,175,percentage,2.0,False
fgmvp_0111,87f9ccbdcbd7240407c6466ba059c7e400d7ec1459ea13a2528f7704d12b54d9,2323,bar,/data/liu_jun/finmme_reproduction/outputs/cache/phase2c_official_jpeg/2323.jpg,phase6_geometry_scale/masked_images/fgmvp_0111.png,phase6_geometry_scale/debug_overlays/fgmvp_0111.png,1.84%,1.84,0.9299562857167483,1.84%,0.9645710070481441,"[810.0,186.0,888.0,218.0]",2905,"[2.5,1.5,1.0,0.5,0.0]","[98.0,291.0,388.0,484.5,581.0]","[{""value"":2.5,""pixel_y"":98.0,""text"":""2.5%"",""confidence"":0.8057637810707092,""bbox"":[30.0,82.0,93.0,114.0]},{""value"":1.5,""pixel_y"":291.0,""text"":""1.5%"",""confidence"":0.6091934442520142,""bbox"":[31.0,276.0,93.0,306.0]},{""value"":1.0,""pixel_y"":388.0,""text"":""1.0%"",""confidence"":0.9477223753929138,""bbox"":[31.0,374.0,94.0,402.0]},{""value"":0.5,""pixel_y"":484.5,""text"":""0.5%"",""confidence"":0.9573281407356262,""bbox"":[30.0,470.0,93.0,499.0]},{""value"":0.0,""pixel_y"":581.0,""text"":""0.0%"",""confidence"":0.9968623518943787,""bbox"":[30.0,567.0,93.0,595.0]}]",-0.005174822138106231,3.0069219578921453,0.9999994131745827,0.20265734265714042,0.5,2.8801119462397495,"[106.288,44.787499999999994,1008.64,601.35]","[823,227,50,353]",null,848.0,227.0,2.7976274810958146,1.832237332542031,0.0077626674579691635,0.00421884100976585,0.00269526587954473,2323,1.36,percentage,2.0,False
fgmvp_0112,87f9ccbdcbd7240407c6466ba059c7e400d7ec1459ea13a2528f7704d12b54d9,2323,bar,/data/liu_jun/finmme_reproduction/outputs/cache/phase2c_official_jpeg/2323.jpg,phase6_geometry_scale/masked_images/fgmvp_0112.png,phase6_geometry_scale/debug_overlays/fgmvp_0112.png,1.55%,1.55,0.9522825590437172,1.55%,0.8270124695461936,"[646.0,244.0,722.0,274.0]",2673,"[2.5,1.5,1.0,0.5,0.0]","[98.0,291.0,388.0,484.5,581.0]","[{""value"":2.5,""pixel_y"":98.0,""text"":""2.5%"",""confidence"":0.8057637810707092,""bbox"":[30.0,82.0,93.0,114.0]},{""value"":1.5,""pixel_y"":291.0,""text"":""1.5%"",""confidence"":0.6091934442520142,""bbox"":[31.0,276.0,93.0,306.0]},{""value"":1.0,""pixel_y"":388.0,""text"":""1.0%"",""confidence"":0.9477223753929138,""bbox"":[31.0,374.0,94.0,402.0]},{""value"":0.5,""pixel_y"":484.5,""text"":""0.5%"",""confidence"":0.9573281407356262,""bbox"":[30.0,470.0,93.0,499.0]},{""value"":0.0,""pixel_y"":581.0,""text"":""0.0%"",""confidence"":0.9968623518943787,""bbox"":[30.0,567.0,93.0,595.0]}]",-0.005174822138106231,3.0069219578921453,0.9999994131745827,0.20265734265714042,0.5,2.8801119462397495,"[106.288,44.787499999999994,1008.64,601.35]","[655,281,56,300]",null,683.0,281.0,2.599351895586597,1.5527969370842944,0.002796937084294404,0.0018044755382544543,0.0009711209621369274,2323,1.36,percentage,2.0,False
fgmvp_0113,d3f516e48b08a0ecef02bacf431259dfd52b71d833f60edbc3dfa4e60b6c33a6,7646,bar,/data/liu_jun/finmme_reproduction/outputs/cache/phase2c_official_jpeg/7646.jpg,phase6_geometry_scale/masked_images/fgmvp_0113.png,phase6_geometry_scale/debug_overlays/fgmvp_0113.png,1.2,1.2,0.942257736325858,1.2,0.49711166882319036,"[119.0,118.0,162.0,147.0]",1472,"[1.4,1.2,1.0,0.8,0.6,0.4,0.2]","[94.0,156.5,220.0,282.0,345.0,408.0,471.0]","[{""value"":1.4,""pixel_y"":94.0,""text"":""1.4"",""confidence"":0.6426111560828235,""bbox"":[31.0,79.0,74.0,109.0]},{""value"":1.2,""pixel_y"":156.5,""text"":""1.2"",""confidence"":0.8784537792703406,""bbox"":[30.0,142.0,74.0,171.0]},{""value"":1.0,""pixel_y"":220.0,""text"":""1.0"",""confidence"":0.9996979997485892,""bbox"":[31.0,206.0,72.0,234.0]},{""value"":0.8,""pixel_y"":282.0,""text"":""0.8"",""confidence"":0.9968996644020081,""bbox"":[30.0,268.0,74.0,296.0]},{""value"":0.6,""pixel_y"":345.0,""text"":""0.6"",""confidence"":0.9851799011230469,""bbox"":[30.0,330.0,74.0,360.0]},{""value"":0.4,""pixel_y"":408.0,""text"":""0.4"",""confidence"":0.8940031724228431,""bbox"":[30.0,394.0,74.0,422.0]},{""value"":0.2,""pixel_y"":471.0,""text"":""0.2"",""confidence"":0.8827539682388306,""bbox"":[30.0,457.0,74.0,485.0]}]",-0.003183613684652115,1.6989160639592713,0.9999957984469767,0.4645496629581249,0.19999999999999996,1.4208467874602388,"[86.288,59.349999999999994,1008.64,505.65]","[121,158,32,348]",null,137.0,158.0,2.770209815848615,1.1959051017842373,0.004094898215762699,0.0034124151798022493,0.002882012509654417,7775,0.98,,0.009999999776482582,False
fgmvp_0114,d3f516e48b08a0ecef02bacf431259dfd52b71d833f60edbc3dfa4e60b6c33a6,7646,bar,/data/liu_jun/finmme_reproduction/outputs/cache/phase2c_official_jpeg/7646.jpg,phase6_geometry_scale/masked_images/fgmvp_0114.png,phase6_geometry_scale/debug_overlays/fgmvp_0114.png,0.7,0.7,0.9999795588499129,0.7,0.999981967736744,"[842.0,260.0,885.0,290.0]",1518,"[1.4,1.2,1.0,0.8,0.6,0.4,0.2]","[95.0,156.5,220.0,282.0,345.0,408.0,471.0]","[{""value"":1.4,""pixel_y"":95.0,""text"":""1.4"",""confidence"":0.8335930321443794,""bbox"":[31.0,81.0,74.0,109.0]},{""value"":1.2,""pixel_y"":156.5,""text"":""1.2"",""confidence"":0.8784537792703406,""bbox"":[30.0,142.0,74.0,171.0]},{""value"":1.0,""pixel_y"":220.0,""text"":""1.0"",""confidence"":0.9996062596130144,""bbox"":[31.0,206.0,74.0,234.0]},{""value"":0.8,""pixel_y"":282.0,""text"":""0.8"",""confidence"":0.9968996644020081,""bbox"":[30.0,268.0,74.0,296.0]},{""value"":0.6,""pixel_y"":345.0,""text"":""0.6"",""confidence"":0.9851799011230469,""bbox"":[30.0,330.0,74.0,360.0]},{""value"":0.4,""pixel_y"":408.0,""text"":""0.4"",""confidence"":0.8940031724228431,""bbox"":[30.0,394.0,74.0,422.0]},{""value"":0.2,""pixel_y"":471.0,""text"":""0.2"",""confidence"":0.8827539682388306,""bbox"":[30.0,457.0,74.0,485.0]}]",-0.0031890308960068983,1.7009012281219484,0.9999889738193068,0.6449316628703803,0.19999999999999996,1.4200754579918717,"[86.288,60.349999999999994,1008.64,505.65]","[845,299,32,207]",null,861.0,299.0,2.4634575708459305,0.7473809902158859,0.04738099021588593,0.06768712887983705,0.03336512151466048,7775,0.98,,0.009999999776482582,False
fgmvp_0115,d3f516e48b08a0ecef02bacf431259dfd52b71d833f60edbc3dfa4e60b6c33a6,7646,bar,/data/liu_jun/finmme_reproduction/outputs/cache/phase2c_official_jpeg/7646.jpg,phase6_geometry_scale/masked_images/fgmvp_0115.png,phase6_geometry_scale/debug_overlays/fgmvp_0115.png,0.7,0.7,0.9999920850699241,0.7,0.9999930486261803,"[924.0,281.0,965.0,309.0]",1364,"[1.4,1.2,1.0,0.8,0.6,0.4,0.2]","[95.0,156.5,220.0,282.0,345.0,408.0,471.0]","[{""value"":1.4,""pixel_y"":95.0,""text"":""1.4"",""confidence"":0.8335930321443794,""bbox"":[31.0,81.0,74.0,109.0]},{""value"":1.2,""pixel_y"":156.5,""text"":""1.2"",""confidence"":0.8784537792703406,""bbox"":[30.0,142.0,74.0,171.0]},{""value"":1.0,""pixel_y"":220.0,""text"":""1.0"",""confidence"":0.9996062596130144,""bbox"":[31.0,206.0,74.0,234.0]},{""value"":0.8,""pixel_y"":282.0,""text"":""0.8"",""confidence"":0.9968996644020081,""bbox"":[30.0,268.0,74.0,296.0]},{""value"":0.6,""pixel_y"":345.0,""text"":""0.6"",""confidence"":0.9851799011230469,""bbox"":[30.0,330.0,74.0,360.0]},{""value"":0.4,""pixel_y"":408.0,""text"":""0.4"",""confidence"":0.8940031724228431,""bbox"":[30.0,394.0,74.0,422.0]},{""value"":0.2,""pixel_y"":471.0,""text"":""0.2"",""confidence"":0.8827539682388306,""bbox"":[30.0,457.0,74.0,485.0]}]",-0.0031890308960068983,1.7009012281219484,0.9999889738193068,0.6449316628703803,0.19999999999999996,1.4200754579918717,"[86.288,60.349999999999994,1008.64,505.65]","[927,319,31,187]",null,942.5,319.0,2.419019488953973,0.683600372295748,0.016399627704251962,0.023428039577502804,0.011548419918081445,7775,0.98,,0.009999999776482582,False
fgmvp_0116,d18b81f1b93d3cd5b126e03cb859624f4d73fe274b615b8c6c3daa9a7df9c5cd,2097,bar,/data/liu_jun/finmme_reproduction/outputs/cache/phase2c_official_jpeg/2097.jpg,phase6_geometry_scale/masked_images/fgmvp_0116.png,phase6_geometry_scale/debug_overlays/fgmvp_0116.png,25,25.0,0.9999991570631338,25,0.8923117980269148,"[817.0,241.0,867.0,278.0]",2120,"[30.0,25.0,20.0,15.0,10.0,5.0]","[201.0,291.5,384.0,475.0,567.0,658.5]","[{""value"":30.0,""pixel_y"":201.0,""text"":""30"",""confidence"":0.9999965439601713,""bbox"":[40.0,182.0,87.0,220.0]},{""value"":25.0,""pixel_y"":291.5,""text"":""25"",""confidence"":0.9998084610483606,""bbox"":[38.0,273.0,87.0,310.0]},{""value"":20.0,""pixel_y"":384.0,""text"":""20"",""confidence"":0.45009090430826165,""bbox"":[40.0,365.0,87.0,403.0]},{""value"":15.0,""pixel_y"":475.0,""text"":""15"",""confidence"":0.9999964596665606,""bbox"":[40.0,456.0,87.0,494.0]},{""value"":10.0,""pixel_y"":567.0,""text"":""10"",""confidence"":0.9999978083645809,""bbox"":[41.0,549.0,87.0,585.0]},{""value"":5.0,""pixel_y"":658.5,""text"":""5"",""confidence"":0.9999976158156301,""bbox"":[60.0,642.0,88.0,675.0]}]",-0.054601891729815194,40.95151249795561,0.9999946456803296,0.6421216848671537,5.0,30.47604586899635,"[100.288,150.675,1008.64,708.825]","[812,293,51,416]",null,837.5,293.0,2.710675673043869,24.95315822111976,0.046841778880239104,0.001873671155209564,0.0015370031624703587,2097|9427,10|15,basis points|basis points,2.0|2.0,False
fgmvp_0117,d18b81f1b93d3cd5b126e03cb859624f4d73fe274b615b8c6c3daa9a7df9c5cd,2097,bar,/data/liu_jun/finmme_reproduction/outputs/cache/phase2c_official_jpeg/2097.jpg,phase6_geometry_scale/masked_images/fgmvp_0117.png,phase6_geometry_scale/debug_overlays/fgmvp_0117.png,15,15.0,0.9998728803555608,15,0.9999985670074514,"[232.0,425.0,278.0,462.0]",1960,"[30.0,25.0,20.0,15.0,10.0,5.0]","[201.0,291.5,384.0,475.0,567.0,658.5]","[{""value"":30.0,""pixel_y"":201.0,""text"":""30"",""confidence"":0.9999965439601713,""bbox"":[40.0,182.0,87.0,220.0]},{""value"":25.0,""pixel_y"":291.5,""text"":""25"",""confidence"":0.9998084610483606,""bbox"":[38.0,273.0,87.0,310.0]},{""value"":20.0,""pixel_y"":384.0,""text"":""20"",""confidence"":0.45009090430826165,""bbox"":[40.0,365.0,87.0,403.0]},{""value"":15.0,""pixel_y"":475.0,""text"":""15"",""confidence"":0.9999964596665606,""bbox"":[40.0,456.0,87.0,494.0]},{""value"":10.0,""pixel_y"":567.0,""text"":""10"",""confidence"":0.9999978083645809,""bbox"":[41.0,549.0,87.0,585.0]},{""value"":5.0,""pixel_y"":658.5,""text"":""5"",""confidence"":0.9999976158156301,""bbox"":[60.0,642.0,88.0,675.0]}]",-0.054601891729815194,40.95151249795561,0.9999946456803296,0.6421216848671537,5.0,30.47604586899635,"[100.288,150.675,1008.64,708.825]","[223,475,54,234]",null,250.0,475.0,2.3071805896851734,15.015613926293394,0.015613926293394087,0.0010409284195596058,0.0005123343874894979,2097|9427,10|15,basis points|basis points,2.0|2.0,False
fgmvp_0118,d18b81f1b93d3cd5b126e03cb859624f4d73fe274b615b8c6c3daa9a7df9c5cd,2097,bar,/data/liu_jun/finmme_reproduction/outputs/cache/phase2c_official_jpeg/2097.jpg,phase6_geometry_scale/masked_images/fgmvp_0118.png,phase6_geometry_scale/debug_overlays/fgmvp_0118.png,10,10.0,0.9999988198884456,10,0.9999987355947788,"[393.0,515.0,439.0,553.0]",2009,"[30.0,25.0,20.0,15.0,10.0,5.0]","[201.0,291.5,384.0,475.0,567.0,658.5]","[{""value"":30.0,""pixel_y"":201.0,""text"":""30"",""confidence"":0.9999965439601713,""bbox"":[40.0,182.0,87.0,220.0]},{""value"":25.0,""pixel_y"":291.5,""text"":""25"",""confidence"":0.9998084610483606,""bbox"":[38.0,273.0,87.0,310.0]},{""value"":20.0,""pixel_y"":384.0,""text"":""20"",""confidence"":0.45009090430826165,""bbox"":[40.0,365.0,87.0,403.0]},{""value"":15.0,""pixel_y"":475.0,""text"":""15"",""confidence"":0.9999964596665606,""bbox"":[40.0,456.0,87.0,494.0]},{""value"":10.0,""pixel_y"":567.0,""text"":""10"",""confidence"":0.9999978083645809,""bbox"":[41.0,549.0,87.0,585.0]},{""value"":5.0,""pixel_y"":658.5,""text"":""5"",""confidence"":0.9999976158156301,""bbox"":[60.0,642.0,88.0,675.0]}]",-0.054601891729815194,40.95151249795561,0.9999946456803296,0.6421216848671537,5.0,30.47604586899635,"[100.288,150.675,1008.64,708.825]","[386,567,51,142]",null,411.5,567.0,2.220870970755601,9.992239887150397,0.007760112849602763,0.0007760112849602762,0.0002546299110770541,2097|9427,10|15,basis points|basis points,2.0|2.0,False
fgmvp_0119,d18b81f1b93d3cd5b126e03cb859624f4d73fe274b615b8c6c3daa9a7df9c5cd,2097,bar,/data/liu_jun/finmme_reproduction/outputs/cache/phase2c_official_jpeg/2097.jpg,phase6_geometry_scale/masked_images/fgmvp_0119.png,phase6_geometry_scale/debug_overlays/fgmvp_0119.png,5,5.0,0.9999959468882622,5,0.9999946355891645,"[190.0,610.0,218.0,643.0]",1116,"[30.0,25.0,20.0,15.0,10.0,5.0]","[201.0,291.5,384.0,475.0,567.0,658.5]","[{""value"":30.0,""pixel_y"":201.0,""text"":""30"",""confidence"":0.9999965439601713,""bbox"":[40.0,182.0,87.0,220.0]},{""value"":25.0,""pixel_y"":291.5,""text"":""25"",""confidence"":0.9998084610483606,""bbox"":[38.0,273.0,87.0,310.0]},{""value"":20.0,""pixel_y"":384.0,""text"":""20"",""confidence"":0.45009090430826165,""bbox"":[40.0,365.0,87.0,403.0]},{""value"":15.0,""pixel_y"":475.0,""text"":""15"",""confidence"":0.9999964596665606,""bbox"":[40.0,456.0,87.0,494.0]},{""value"":10.0,""pixel_y"":567.0,""text"":""10"",""confidence"":0.9999978083645809,""bbox"":[41.0,549.0,87.0,585.0]},{""value"":5.0,""pixel_y"":658.5,""text"":""5"",""confidence"":0.9999976158156301,""bbox"":[60.0,642.0,88.0,675.0]}]",-0.054601891729815194,40.95151249795561,0.9999946456803296,0.6421216848671537,5.0,30.47604586899635,"[100.288,150.675,1008.64,708.825]","[173,659,48,50]",null,197.0,659.0,2.027705233733098,4.968865848007397,0.031134151992603165,0.006226830398520633,0.0010215942096437225,2097|9427,10|15,basis points|basis points,2.0|2.0,False
fgmvp_0120,d06513beafeca7f3e1dc8da074a588cc5d0c935e67fdd01ac8c2acef9142d58f,1239,line,/data/liu_jun/finmme_reproduction/outputs/cache/phase2c_official_jpeg/1239.jpg,phase6_geometry_scale/masked_images/fgmvp_0120.png,phase6_geometry_scale/debug_overlays/fgmvp_0120.png,16%,16.0,0.9649320293569981,16%,0.9517272634241957,"[925.0,179.0,998.0,217.0]",3116,"[20.0,18.0,16.0,14.0,12.0,10.0,8.0,4.0,2.0,0.0]","[125.0,183.0,239.0,296.5,352.5,411.0,467.0,581.0,637.0,695.0]","[{""value"":20.0,""pixel_y"":125.0,""text"":""20%"",""confidence"":0.9910900915671885,""bbox"":[32.0,107.0,107.0,143.0]},{""value"":18.0,""pixel_y"":183.0,""text"":""18%"",""confidence"":0.9973971291613695,""bbox"":[32.0,165.0,107.0,201.0]},{""value"":16.0,""pixel_y"":239.0,""text"":""16%"",""confidence"":0.9840619885376469,""bbox"":[32.0,221.0,107.0,257.0]},{""value"":14.0,""pixel_y"":296.5,""text"":""14%"",""confidence"":0.98422056666303,""bbox"":[32.0,278.0,107.0,315.0]},{""value"":12.0,""pixel_y"":352.5,""text"":""12%"",""confidence"":0.9985840493962466,""bbox"":[32.0,334.0,107.0,371.0]},{""value"":10.0,""pixel_y"":411.0,""text"":""10%"",""confidence"":0.997013226760524,""bbox"":[32.0,392.0,107.0,430.0]},{""value"":8.0,""pixel_y"":467.0,""text"":""8%"",""confidence"":0.9763486959079802,""bbox"":[48.0,448.0,107.0,486.0]},{""value"":4.0,""pixel_y"":581.0,""text"":""4%"",""confidence"":0.9649682102808793,""bbox"":[49.0,563.0,107.0,599.0]},{""value"":2.0,""pixel_y"":637.0,""text"":""2%"",""confidence"":0.9987958241206064,""bbox"":[49.0,619.0,107.0,655.0]},{""value"":0.0,""pixel_y"":695.0,""text"":""0%"",""confidence"":0.8028848814190881,""bbox"":[48.0,677.0,107.0,713.0]}]",-0.035135887133072,24.408678199955794,0.9999919695463187,0.9156282753002588,2.0,22.249800527017847,"[119.288,93.375,1008.64,726.625]",null,"[961.5,240.7519528631202]",961.5,240.7519528631202,0.6661473754406517,15.949644757090532,0.050355242909468245,0.0031472026818417653,0.0022631772742556532,1239|6762,3|14.5,percentage|percentage,2.0|3.0,False
fgmvp_0121,7f16cc145bc005a436fb69db7be0cda47321305cde0efa1b7027b543351266a6,5797,bar,/data/liu_jun/finmme_reproduction/outputs/cache/phase2c_official_jpeg/5797.jpg,phase6_geometry_scale/masked_images/fgmvp_0121.png,phase6_geometry_scale/debug_overlays/fgmvp_0121.png,300,300.0,0.9768663644790649,300,0.9999953886918919,"[919.0,204.0,973.0,235.0]",1938,"[500.0,450.0,400.0,350.0,300.0,250.0,200.0,150.0,100.0,50.0,0.0]","[70.5,112.5,156.0,197.5,238.5,282.0,324.5,366.5,408.5,451.5,494.0]","[{""value"":500.0,""pixel_y"":70.5,""text"":""500"",""confidence"":0.9986565780725791,""bbox"":[25.0,55.0,80.0,86.0]},{""value"":450.0,""pixel_y"":112.5,""text"":""450"",""confidence"":0.9999987611408254,""bbox"":[25.0,97.0,80.0,128.0]},{""value"":400.0,""pixel_y"":156.0,""text"":""400"",""confidence"":0.9999938057061831,""bbox"":[26.0,142.0,80.0,170.0]},{""value"":350.0,""pixel_y"":197.5,""text"":""350"",""confidence"":0.9999987611408254,""bbox"":[25.0,182.0,80.0,213.0]},{""value"":300.0,""pixel_y"":238.5,""text"":""300"",""confidence"":0.9999820365620934,""bbox"":[25.0,223.0,80.0,254.0]},{""value"":250.0,""pixel_y"":282.0,""text"":""250"",""confidence"":0.9999952510409473,""bbox"":[25.0,266.0,80.0,298.0]},{""value"":200.0,""pixel_y"":324.5,""text"":""200"",""confidence"":0.9999185798593561,""bbox"":[25.0,308.0,80.0,341.0]},{""value"":150.0,""pixel_y"":366.5,""text"":""150"",""confidence"":0.9999903644340618,""bbox"":[26.0,351.0,80.0,382.0]},{""value"":100.0,""pixel_y"":408.5,""text"":""100"",""confidence"":0.9999117662107687,""bbox"":[26.0,393.0,80.0,424.0]},{""value"":50.0,""pixel_y"":451.5,""text"":""50"",""confidence"":0.9998792092689938,""bbox"":[41.0,436.0,80.0,467.0]},{""value"":0.0,""pixel_y"":494.0,""text"":""0"",""confidence"":0.7327148592533417,""bbox"":[57.0,481.0,83.0,507.0]}]",-1.1815080662355195,583.1852746784164,0.9999854633320627,1.1812030075186546,50.0,555.2792534290382,"[95.288,47.2625,1008.64,517.2375]","[937,241,20,252]",null,947.0,241.0,2.7132316893048367,298.4418307156562,1.558169284343819,0.005193897614479397,0.002806100308487295,8374,2336,billion,30.0,False
fgmvp_0122,7f16cc145bc005a436fb69db7be0cda47321305cde0efa1b7027b543351266a6,5797,bar,/data/liu_jun/finmme_reproduction/outputs/cache/phase2c_official_jpeg/5797.jpg,phase6_geometry_scale/masked_images/fgmvp_0122.png,phase6_geometry_scale/debug_overlays/fgmvp_0122.png,347,347.0,0.9125348925590515,347,0.9999973846308725,"[730.0,161.0,786.0,192.0]",2006,"[500.0,450.0,400.0,350.0,300.0,250.0,200.0,150.0,100.0,50.0,0.0]","[70.5,112.5,156.0,197.5,238.5,282.0,324.5,366.5,408.5,451.5,494.0]","[{""value"":500.0,""pixel_y"":70.5,""text"":""500"",""confidence"":0.9986565780725791,""bbox"":[25.0,55.0,80.0,86.0]},{""value"":450.0,""pixel_y"":112.5,""text"":""450"",""confidence"":0.9999987611408254,""bbox"":[25.0,97.0,80.0,128.0]},{""value"":400.0,""pixel_y"":156.0,""text"":""400"",""confidence"":0.9999938057061831,""bbox"":[26.0,142.0,80.0,170.0]},{""value"":350.0,""pixel_y"":197.5,""text"":""350"",""confidence"":0.9999987611408254,""bbox"":[25.0,182.0,80.0,213.0]},{""value"":300.0,""pixel_y"":238.5,""text"":""300"",""confidence"":0.9999820365620934,""bbox"":[25.0,223.0,80.0,254.0]},{""value"":250.0,""pixel_y"":282.0,""text"":""250"",""confidence"":0.9999952510409473,""bbox"":[25.0,266.0,80.0,298.0]},{""value"":200.0,""pixel_y"":324.5,""text"":""200"",""confidence"":0.9999185798593561,""bbox"":[25.0,308.0,80.0,341.0]},{""value"":150.0,""pixel_y"":366.5,""text"":""150"",""confidence"":0.9999903644340618,""bbox"":[26.0,351.0,80.0,382.0]},{""value"":100.0,""pixel_y"":408.5,""text"":""100"",""confidence"":0.9999117662107687,""bbox"":[26.0,393.0,80.0,424.0]},{""value"":50.0,""pixel_y"":451.5,""text"":""50"",""confidence"":0.9998792092689938,""bbox"":[41.0,436.0,80.0,467.0]},{""value"":0.0,""pixel_y"":494.0,""text"":""0"",""confidence"":0.7327148592533417,""bbox"":[57.0,481.0,83.0,507.0]}]",-1.1815080662355195,583.1852746784164,0.9999854633320627,1.1812030075186546,50.0,555.2792534290382,"[95.288,47.2625,1008.64,517.2375]","[748,201,21,292]",null,758.5,201.0,2.6881507966344547,345.7021533650769,1.2978466349230757,0.0037401920314786043,0.002337286377815183,8374,2336,billion,30.0,False
fgmvp_0123,7f16cc145bc005a436fb69db7be0cda47321305cde0efa1b7027b543351266a6,5797,bar,/data/liu_jun/finmme_reproduction/outputs/cache/phase2c_official_jpeg/5797.jpg,phase6_geometry_scale/masked_images/fgmvp_0123.png,phase6_geometry_scale/debug_overlays/fgmvp_0123.png,193,193.0,0.999999449395897,193,0.969283938407898,"[417.0,294.0,472.0,326.0]",2030,"[500.0,450.0,400.0,350.0,300.0,250.0,200.0,150.0,100.0,50.0,0.0]","[70.5,112.5,156.0,197.5,238.5,282.0,324.5,366.5,408.5,451.5,494.0]","[{""value"":500.0,""pixel_y"":70.5,""text"":""500"",""confidence"":0.9986565780725791,""bbox"":[25.0,55.0,80.0,86.0]},{""value"":450.0,""pixel_y"":112.5,""text"":""450"",""confidence"":0.9999987611408254,""bbox"":[25.0,97.0,80.0,128.0]},{""value"":400.0,""pixel_y"":156.0,""text"":""400"",""confidence"":0.9999938057061831,""bbox"":[26.0,142.0,80.0,170.0]},{""value"":350.0,""pixel_y"":197.5,""text"":""350"",""confidence"":0.9999987611408254,""bbox"":[25.0,182.0,80.0,213.0]},{""value"":300.0,""pixel_y"":238.5,""text"":""300"",""confidence"":0.9999820365620934,""bbox"":[25.0,223.0,80.0,254.0]},{""value"":250.0,""pixel_y"":282.0,""text"":""250"",""confidence"":0.9999952510409473,""bbox"":[25.0,266.0,80.0,298.0]},{""value"":200.0,""pixel_y"":324.5,""text"":""200"",""confidence"":0.9999185798593561,""bbox"":[25.0,308.0,80.0,341.0]},{""value"":150.0,""pixel_y"":366.5,""text"":""150"",""confidence"":0.9999903644340618,""bbox"":[26.0,351.0,80.0,382.0]},{""value"":100.0,""pixel_y"":408.5,""text"":""100"",""confidence"":0.9999117662107687,""bbox"":[26.0,393.0,80.0,424.0]},{""value"":50.0,""pixel_y"":451.5,""text"":""50"",""confidence"":0.9998792092689938,""bbox"":[41.0,436.0,80.0,467.0]},{""value"":0.0,""pixel_y"":494.0,""text"":""0"",""confidence"":0.7327148592533417,""bbox"":[57.0,481.0,83.0,507.0]}]",-1.1815080662355195,583.1852746784164,0.9999854633320627,1.1812030075186546,50.0,555.2792534290382,"[95.288,47.2625,1008.64,517.2375]","[434,332,20,162]",null,444.0,332.0,2.510594163845673,190.92459668822386,2.0754033117761423,0.010753385035109546,0.0037375848259408595,8374,2336,billion,30.0,False
fgmvp_0124,7f16cc145bc005a436fb69db7be0cda47321305cde0efa1b7027b543351266a6,5797,bar,/data/liu_jun/finmme_reproduction/outputs/cache/phase2c_official_jpeg/5797.jpg,phase6_geometry_scale/masked_images/fgmvp_0124.png,phase6_geometry_scale/debug_overlays/fgmvp_0124.png,170,170.0,0.9990750551223755,170,0.9999993117448777,"[358.0,310.0,411.0,342.0]",1960,"[500.0,450.0,400.0,350.0,300.0,250.0,200.0,150.0,100.0,50.0,0.0]","[70.5,112.5,156.0,197.5,238.5,282.0,324.5,366.5,408.5,451.5,494.0]","[{""value"":500.0,""pixel_y"":70.5,""text"":""500"",""confidence"":0.9986565780725791,""bbox"":[25.0,55.0,80.0,86.0]},{""value"":450.0,""pixel_y"":112.5,""text"":""450"",""confidence"":0.9999987611408254,""bbox"":[25.0,97.0,80.0,128.0]},{""value"":400.0,""pixel_y"":156.0,""text"":""400"",""confidence"":0.9999938057061831,""bbox"":[26.0,142.0,80.0,170.0]},{""value"":350.0,""pixel_y"":197.5,""text"":""350"",""confidence"":0.9999987611408254,""bbox"":[25.0,182.0,80.0,213.0]},{""value"":300.0,""pixel_y"":238.5,""text"":""300"",""confidence"":0.9999820365620934,""bbox"":[25.0,223.0,80.0,254.0]},{""value"":250.0,""pixel_y"":282.0,""text"":""250"",""confidence"":0.9999952510409473,""bbox"":[25.0,266.0,80.0,298.0]},{""value"":200.0,""pixel_y"":324.5,""text"":""200"",""confidence"":0.9999185798593561,""bbox"":[25.0,308.0,80.0,341.0]},{""value"":150.0,""pixel_y"":366.5,""text"":""150"",""confidence"":0.9999903644340618,""bbox"":[26.0,351.0,80.0,382.0]},{""value"":100.0,""pixel_y"":408.5,""text"":""100"",""confidence"":0.9999117662107687,""bbox"":[26.0,393.0,80.0,424.0]},{""value"":50.0,""pixel_y"":451.5,""text"":""50"",""confidence"":0.9998792092689938,""bbox"":[41.0,436.0,80.0,467.0]},{""value"":0.0,""pixel_y"":494.0,""text"":""0"",""confidence"":0.7327148592533417,""bbox"":[57.0,481.0,83.0,507.0]}]",-1.1815080662355195,583.1852746784164,0.9999854633320627,1.1812030075186546,50.0,555.2792534290382,"[95.288,47.2625,1008.64,517.2375]","[371,351,20,143]",null,381.0,351.0,2.451717644564193,168.475943429749,1.5240565702509912,0.008965038648535243,0.0027446668695785474,8374,2336,billion,30.0,False
fgmvp_0125,7f16cc145bc005a436fb69db7be0cda47321305cde0efa1b7027b543351266a6,5797,bar,/data/liu_jun/finmme_reproduction/outputs/cache/phase2c_official_jpeg/5797.jpg,phase6_geometry_scale/masked_images/fgmvp_0125.png,phase6_geometry_scale/debug_overlays/fgmvp_0125.png,145,145.0,0.9999988987918347,145,0.9999995870469189,"[103.0,332.0,157.0,363.0]",1938,"[500.0,450.0,400.0,350.0,300.0,250.0,200.0,150.0,100.0,50.0,0.0]","[70.5,112.5,156.0,197.5,238.5,282.0,324.5,366.5,408.5,451.5,494.0]","[{""value"":500.0,""pixel_y"":70.5,""text"":""500"",""confidence"":0.9986565780725791,""bbox"":[25.0,55.0,80.0,86.0]},{""value"":450.0,""pixel_y"":112.5,""text"":""450"",""confidence"":0.9999987611408254,""bbox"":[25.0,97.0,80.0,128.0]},{""value"":400.0,""pixel_y"":156.0,""text"":""400"",""confidence"":0.9999938057061831,""bbox"":[26.0,142.0,80.0,170.0]},{""value"":350.0,""pixel_y"":197.5,""text"":""350"",""confidence"":0.9999987611408254,""bbox"":[25.0,182.0,80.0,213.0]},{""value"":300.0,""pixel_y"":238.5,""text"":""300"",""confidence"":0.9999820365620934,""bbox"":[25.0,223.0,80.0,254.0]},{""value"":250.0,""pixel_y"":282.0,""text"":""250"",""confidence"":0.9999952510409473,""bbox"":[25.0,266.0,80.0,298.0]},{""value"":200.0,""pixel_y"":324.5,""text"":""200"",""confidence"":0.9999185798593561,""bbox"":[25.0,308.0,80.0,341.0]},{""value"":150.0,""pixel_y"":366.5,""text"":""150"",""confidence"":0.9999903644340618,""bbox"":[26.0,351.0,80.0,382.0]},{""value"":100.0,""pixel_y"":408.5,""text"":""100"",""confidence"":0.9999117662107687,""bbox"":[26.0,393.0,80.0,424.0]},{""value"":50.0,""pixel_y"":451.5,""text"":""50"",""confidence"":0.9998792092689938,""bbox"":[41.0,436.0,80.0,467.0]},{""value"":0.0,""pixel_y"":494.0,""text"":""0"",""confidence"":0.9895578900862505,""bbox"":[57.0,481.0,85.0,507.0]}]",-1.1815080662355195,583.1852746784164,0.9999854633320627,1.1812030075186546,50.0,555.2792534290382,"[97.288,47.2625,1008.64,517.2375]","[119,372,21,122]",null,129.5,372.0,2.300579736785994,143.66427403880311,1.3357259611968857,0.009211903180668177,0.002405503092269923,8374,2336,billion,30.0,False
fgmvp_0126,9efe1402c083bf79684f6e713f4071cd47b949e49f35484631191aad18da0102,7403,bar,/data/liu_jun/finmme_reproduction/outputs/cache/phase2c_official_jpeg/7403.jpg,phase6_geometry_scale/masked_images/fgmvp_0126.png,phase6_geometry_scale/debug_overlays/fgmvp_0126.png,83.1,83.1,0.9677287453358213,83.1,0.9999844431877136,"[308.0,132.0,362.0,165.0]",2052,"[100.0,80.0,60.0,40.0,20.0]","[117.0,188.5,259.5,330.5,401.5]","[{""value"":100.0,""pixel_y"":117.0,""text"":""100"",""confidence"":0.9999372313938736,""bbox"":[24.0,99.0,75.0,135.0]},{""value"":80.0,""pixel_y"":188.5,""text"":""80"",""confidence"":0.9999871030887143,""bbox"":[36.0,172.0,74.0,205.0]},{""value"":60.0,""pixel_y"":259.5,""text"":""60"",""confidence"":0.9296994234319667,""bbox"":[35.0,241.0,75.0,278.0]},{""value"":40.0,""pixel_y"":330.5,""text"":""40"",""confidence"":0.9999989884757856,""bbox"":[38.0,314.0,74.0,347.0]},{""value"":20.0,""pixel_y"":401.5,""text"":""20"",""confidence"":0.9999964596665606,""bbox"":[36.0,385.0,74.0,418.0]}]",-0.2812933957374755,132.96750685430118,0.9999980218467248,0.20014064697595169,20.0,101.99698529440863,"[87.288,77.94999999999999,1008.64,440.55]","[319,180,37,261]",null,337.5,180.0,2.7112834675777555,82.33469562155558,0.7653043784444122,0.009209438970450208,0.007503205866677369,9124,140.9,percentage,10.0,False
fgmvp_0127,9efe1402c083bf79684f6e713f4071cd47b949e49f35484631191aad18da0102,7403,bar,/data/liu_jun/finmme_reproduction/outputs/cache/phase2c_official_jpeg/7403.jpg,phase6_geometry_scale/masked_images/fgmvp_0127.png,phase6_geometry_scale/debug_overlays/fgmvp_0127.png,54.0,54.0,0.999874472618103,54.0,0.9995079636573792,"[804.0,236.0,862.0,269.0]",2196,"[100.0,80.0,60.0,40.0,20.0]","[117.0,188.5,259.5,330.5,401.5]","[{""value"":100.0,""pixel_y"":117.0,""text"":""100"",""confidence"":0.9999372313938736,""bbox"":[24.0,99.0,75.0,135.0]},{""value"":80.0,""pixel_y"":188.5,""text"":""80"",""confidence"":0.9999871030887143,""bbox"":[36.0,172.0,74.0,205.0]},{""value"":60.0,""pixel_y"":259.5,""text"":""60"",""confidence"":0.9296994234319667,""bbox"":[35.0,241.0,75.0,278.0]},{""value"":40.0,""pixel_y"":330.5,""text"":""40"",""confidence"":0.9999989884757856,""bbox"":[38.0,314.0,74.0,347.0]},{""value"":20.0,""pixel_y"":401.5,""text"":""20"",""confidence"":0.9999964596665606,""bbox"":[36.0,385.0,74.0,418.0]}]",-0.2812933957374755,132.96750685430118,0.9999980218467248,0.20014064697595169,20.0,101.99698529440863,"[87.288,77.94999999999999,1008.64,440.55]","[814,284,38,157]",null,833.0,284.0,2.3874906706062817,53.080182464858126,0.919817535141874,0.01703365805818285,0.009018085509947885,9124,140.9,percentage,10.0,False
fgmvp_0128,9efe1402c083bf79684f6e713f4071cd47b949e49f35484631191aad18da0102,7403,bar,/data/liu_jun/finmme_reproduction/outputs/cache/phase2c_official_jpeg/7403.jpg,phase6_geometry_scale/masked_images/fgmvp_0128.png,phase6_geometry_scale/debug_overlays/fgmvp_0128.png,45.0,45.0,0.9988084459550727,45.0,0.9981416463851929,"[705.0,268.0,763.0,301.0]",2196,"[100.0,80.0,60.0,40.0,20.0]","[117.0,188.5,259.5,330.5,401.5]","[{""value"":100.0,""pixel_y"":117.0,""text"":""100"",""confidence"":0.9999372313938736,""bbox"":[24.0,99.0,75.0,135.0]},{""value"":80.0,""pixel_y"":188.5,""text"":""80"",""confidence"":0.9999871030887143,""bbox"":[36.0,172.0,74.0,205.0]},{""value"":60.0,""pixel_y"":259.5,""text"":""60"",""confidence"":0.9296994234319667,""bbox"":[35.0,241.0,75.0,278.0]},{""value"":40.0,""pixel_y"":330.5,""text"":""40"",""confidence"":0.9999989884757856,""bbox"":[38.0,314.0,74.0,347.0]},{""value"":20.0,""pixel_y"":401.5,""text"":""20"",""confidence"":0.9999964596665606,""bbox"":[36.0,385.0,74.0,418.0]}]",-0.2812933957374755,132.96750685430118,0.9999980218467248,0.20014064697595169,20.0,101.99698529440863,"[87.288,77.94999999999999,1008.64,440.55]","[715,316,38,125]",null,734.0,316.0,2.2894803874407286,44.07879380125891,0.9212061987410891,0.02047124886091309,0.009031700261356536,9124,140.9,percentage,10.0,False
fgmvp_0129,9efe1402c083bf79684f6e713f4071cd47b949e49f35484631191aad18da0102,7403,bar,/data/liu_jun/finmme_reproduction/outputs/cache/phase2c_official_jpeg/7403.jpg,phase6_geometry_scale/masked_images/fgmvp_0129.png,phase6_geometry_scale/debug_overlays/fgmvp_0129.png,38.8,38.8,0.9215260191878858,38.8,0.9757581073313474,"[406.0,291.0,467.0,327.0]",2496,"[100.0,80.0,60.0,40.0,20.0]","[117.0,188.5,259.5,330.5,401.5]","[{""value"":100.0,""pixel_y"":117.0,""text"":""100"",""confidence"":0.9999372313938736,""bbox"":[24.0,99.0,75.0,135.0]},{""value"":80.0,""pixel_y"":188.5,""text"":""80"",""confidence"":0.9999871030887143,""bbox"":[36.0,172.0,74.0,205.0]},{""value"":60.0,""pixel_y"":259.5,""text"":""60"",""confidence"":0.9296994234319667,""bbox"":[35.0,241.0,75.0,278.0]},{""value"":40.0,""pixel_y"":330.5,""text"":""40"",""confidence"":0.9999989884757856,""bbox"":[38.0,314.0,74.0,347.0]},{""value"":20.0,""pixel_y"":401.5,""text"":""20"",""confidence"":0.9999964596665606,""bbox"":[36.0,385.0,74.0,418.0]}]",-0.2812933957374755,132.96750685430118,0.9999980218467248,0.20014064697595169,20.0,101.99698529440863,"[87.288,77.94999999999999,1008.64,440.55]","[418,338,38,103]",null,437.0,338.0,2.25983078611196,37.89033909503445,0.9096609049655484,0.023444868684679085,0.008918507761183948,9124,140.9,percentage,10.0,False
fgmvp_0130,2a6cb688ecc10d292c729ab031e3cd051a46617a5f14a587e6f455447e18c5a1,5213,line,/data/liu_jun/finmme_reproduction/outputs/cache/phase2c_official_jpeg/5213.jpg,phase6_geometry_scale/masked_images/fgmvp_0130.png,phase6_geometry_scale/debug_overlays/fgmvp_0130.png,8%,8.0,0.9745711961241036,8%,0.9694364256319582,"[913.0,392.0,969.0,430.0]",2419,"[30.0,10.0,0.0,-10.0]","[123.5,423.0,571.5,721.0]","[{""value"":30.0,""pixel_y"":123.5,""text"":""30%"",""confidence"":0.9201951686156657,""bbox"":[43.0,105.0,118.0,142.0]},{""value"":10.0,""pixel_y"":423.0,""text"":""10%"",""confidence"":0.9924089067926468,""bbox"":[45.0,405.0,118.0,441.0]},{""value"":0.0,""pixel_y"":571.5,""text"":""0%"",""confidence"":0.9398549668682413,""bbox"":[61.0,553.0,118.0,590.0]},{""value"":-10.0,""pixel_y"":721.0,""text"":""-10%"",""confidence"":0.96280437707901,""bbox"":[33.0,702.0,118.0,740.0]}]",-0.06695985355174179,38.28479267041329,0.9999975843284405,0.5858044767552695,10.0,51.02006041374966,"[130.288,41.27499999999999,1008.64,803.225]",null,"[941.0,461.58777417735]",941.0,461.58777417735,0.5005420547942439,7.37694291022347,0.6230570897765304,0.0778821362220663,0.012212002195289826,6398,5.3,percentage,2.0,False
fgmvp_0131,3570cd6566e81f7ef55f3b2ae5b5c7e35bd82e702597c16f2be5984a8e9d85c3,1869,bar,/data/liu_jun/finmme_reproduction/outputs/cache/phase2c_official_jpeg/1869.jpg,phase6_geometry_scale/masked_images/fgmvp_0131.png,phase6_geometry_scale/debug_overlays/fgmvp_0131.png,18.9,18.9,0.9534137130051069,18.9,0.8769791480845026,"[116.0,194.0,171.0,227.0]",2088,"[25.0,20.0,15.0,10.0,5.0,0.0]","[132.5,219.5,306.5,393.5,480.5,567.5]","[{""value"":25.0,""pixel_y"":132.5,""text"":""25.0"",""confidence"":0.7686667329328859,""bbox"":[20.0,116.0,78.0,149.0]},{""value"":20.0,""pixel_y"":219.5,""text"":""20.0"",""confidence"":0.9998553395271301,""bbox"":[19.0,201.0,79.0,238.0]},{""value"":15.0,""pixel_y"":306.5,""text"":""15.0"",""confidence"":0.9999157190322876,""bbox"":[22.0,290.0,78.0,323.0]},{""value"":10.0,""pixel_y"":393.5,""text"":""10.0"",""confidence"":0.999979555606842,""bbox"":[22.0,377.0,78.0,410.0]},{""value"":5.0,""pixel_y"":480.5,""text"":""5.0"",""confidence"":0.9663397669792175,""bbox"":[34.0,465.0,78.0,496.0]},{""value"":0.0,""pixel_y"":567.5,""text"":""0.0"",""confidence"":0.9997243589008671,""bbox"":[34.0,551.0,78.0,584.0]}]",-0.057471264367816084,32.61494252873563,1.0,1.2363443602225745e-13,5.0,30.5,"[91.288,84.65,1008.64,615.35]","[125,241,38,326]",null,144.0,241.0,2.724608786396099,18.764367816091955,0.13563218390804366,0.007176306026880617,0.004446956849444054,3211,81.5,percentage,5.0,False
fgmvp_0132,588ddda36fa7ed9119c1dfc7b44a66fb386c30a52360356b2eb6e0b0ae026fb8,203,bar,/data/liu_jun/finmme_reproduction/outputs/cache/phase2c_official_jpeg/203.jpg,phase6_geometry_scale/masked_images/fgmvp_0132.png,phase6_geometry_scale/debug_overlays/fgmvp_0132.png,127,127.0,0.9999998623489704,127,0.9999996558724309,"[554.0,150.0,603.0,181.0]",1768,"[160.0,140.0,120.0,100.0,80.0,60.0,40.0,20.0]","[85.5,150.0,214.5,279.5,344.5,410.0,474.0,539.0]","[{""value"":160.0,""pixel_y"":85.5,""text"":""160"",""confidence"":0.9999977975838318,""bbox"":[42.0,70.0,93.0,101.0]},{""value"":140.0,""pixel_y"":150.0,""text"":""140"",""confidence"":0.9999989676173402,""bbox"":[42.0,135.0,93.0,165.0]},{""value"":120.0,""pixel_y"":214.5,""text"":""120"",""confidence"":0.9999981417113152,""bbox"":[42.0,199.0,93.0,230.0]},{""value"":100.0,""pixel_y"":279.5,""text"":""100"",""confidence"":0.9999776317410077,""bbox"":[42.0,265.0,93.0,294.0]},{""value"":80.0,""pixel_y"":344.5,""text"":""80"",""confidence"":0.9999592863870924,""bbox"":[55.0,329.0,93.0,360.0]},{""value"":60.0,""pixel_y"":410.0,""text"":""60"",""confidence"":0.9999922449886813,""bbox"":[57.0,396.0,93.0,424.0]},{""value"":40.0,""pixel_y"":474.0,""text"":""40"",""confidence"":0.9999989884757856,""bbox"":[57.0,460.0,93.0,488.0]},{""value"":20.0,""pixel_y"":539.0,""text"":""20"",""confidence"":0.9999972183091315,""bbox"":[57.0,524.0,93.0,554.0]}]",-0.3084820527707662,186.2849607210754,0.9999959877319002,0.6246098053616796,20.0,161.95307770465223,"[105.288,49.75,1008.64,574.75]","[557,195,38,380]",null,576.0,195.0,2.655615299063266,126.130960430776,0.8690395692240003,0.006842831253732286,0.005365996012800913,203,583,percentage,10.0,False
fgmvp_0133,588ddda36fa7ed9119c1dfc7b44a66fb386c30a52360356b2eb6e0b0ae026fb8,203,bar,/data/liu_jun/finmme_reproduction/outputs/cache/phase2c_official_jpeg/203.jpg,phase6_geometry_scale/masked_images/fgmvp_0133.png,phase6_geometry_scale/debug_overlays/fgmvp_0133.png,87,87.0,0.9999735318817311,87,0.9999988198884456,"[214.0,279.0,251.0,309.0]",1320,"[160.0,140.0,120.0,100.0,80.0,60.0,40.0,20.0]","[85.5,150.0,214.5,279.5,344.5,410.0,474.0,539.0]","[{""value"":160.0,""pixel_y"":85.5,""text"":""160"",""confidence"":0.9999977975838318,""bbox"":[42.0,70.0,93.0,101.0]},{""value"":140.0,""pixel_y"":150.0,""text"":""140"",""confidence"":0.9999989676173402,""bbox"":[42.0,135.0,93.0,165.0]},{""value"":120.0,""pixel_y"":214.5,""text"":""120"",""confidence"":0.9999981417113152,""bbox"":[42.0,199.0,93.0,230.0]},{""value"":100.0,""pixel_y"":279.5,""text"":""100"",""confidence"":0.9999776317410077,""bbox"":[42.0,265.0,93.0,294.0]},{""value"":80.0,""pixel_y"":344.5,""text"":""80"",""confidence"":0.9999592863870924,""bbox"":[55.0,329.0,93.0,360.0]},{""value"":60.0,""pixel_y"":410.0,""text"":""60"",""confidence"":0.9999922449886813,""bbox"":[57.0,396.0,93.0,424.0]},{""value"":40.0,""pixel_y"":474.0,""text"":""40"",""confidence"":0.9999989884757856,""bbox"":[57.0,460.0,93.0,488.0]},{""value"":20.0,""pixel_y"":539.0,""text"":""20"",""confidence"":0.9999972183091315,""bbox"":[57.0,524.0,93.0,554.0]}]",-0.3084820527707662,186.2849607210754,0.9999959877319002,0.6246098053616796,20.0,161.95307770465223,"[105.288,49.75,1008.64,574.75]","[211,325,38,250]",null,230.0,325.0,2.4607844578568785,86.0282935705764,0.9717064294236053,0.01116903941866213,0.005999925677211704,203,583,percentage,10.0,False
fgmvp_0134,588ddda36fa7ed9119c1dfc7b44a66fb386c30a52360356b2eb6e0b0ae026fb8,203,bar,/data/liu_jun/finmme_reproduction/outputs/cache/phase2c_official_jpeg/203.jpg,phase6_geometry_scale/masked_images/fgmvp_0134.png,phase6_geometry_scale/debug_overlays/fgmvp_0134.png,81,81.0,1.0,81,0.9999998314126102,"[166.0,300.0,202.0,330.0]",1287,"[160.0,140.0,120.0,100.0,80.0,60.0,40.0,20.0]","[85.5,150.0,214.5,278.5,344.5,410.0,474.0,539.0]","[{""value"":160.0,""pixel_y"":85.5,""text"":""160"",""confidence"":0.9999977975838318,""bbox"":[42.0,70.0,93.0,101.0]},{""value"":140.0,""pixel_y"":150.0,""text"":""140"",""confidence"":0.9999989676173402,""bbox"":[42.0,135.0,93.0,165.0]},{""value"":120.0,""pixel_y"":214.5,""text"":""120"",""confidence"":0.9999981417113152,""bbox"":[42.0,199.0,93.0,230.0]},{""value"":100.0,""pixel_y"":278.5,""text"":""100"",""confidence"":0.9999498951929543,""bbox"":[42.0,263.0,93.0,294.0]},{""value"":80.0,""pixel_y"":344.5,""text"":""80"",""confidence"":0.9999592863870924,""bbox"":[55.0,329.0,93.0,360.0]},{""value"":60.0,""pixel_y"":410.0,""text"":""60"",""confidence"":0.9999922449886813,""bbox"":[57.0,396.0,93.0,424.0]},{""value"":40.0,""pixel_y"":474.0,""text"":""40"",""confidence"":0.9999989884757856,""bbox"":[57.0,460.0,93.0,488.0]},{""value"":20.0,""pixel_y"":539.0,""text"":""20"",""confidence"":0.9999972183091315,""bbox"":[57.0,524.0,93.0,554.0]}]",-0.3084231744881317,186.22803044029706,0.9999887091886038,1.0770148705708311,20.0,161.7525338603007,"[105.288,50.025,1008.64,574.475]","[162,345,38,229]",null,181.0,345.0,2.4098251869556084,79.82203524189161,1.1779647581083879,0.014542774791461578,0.007282511933480743,203,583,percentage,10.0,False
fgmvp_0135,4e134f86b7106e0d34f3eb6716459454737b738ad14f804e07e254d18bd829d8,556,line,/data/liu_jun/finmme_reproduction/outputs/cache/phase2c_official_jpeg/556.jpg,phase6_geometry_scale/masked_images/fgmvp_0135.png,phase6_geometry_scale/debug_overlays/fgmvp_0135.png,20,20.0,0.9999962067857412,20,1.0,"[736.0,117.0,764.0,138.0]",682,"[50.0,40.0,30.0,20.0,10.0,0.0]","[14.0,62.0,110.0,156.5,203.0,249.5]","[{""value"":50.0,""pixel_y"":14.0,""text"":""50"",""confidence"":0.9998709487889487,""bbox"":[25.0,1.0,51.0,27.0]},{""value"":40.0,""pixel_y"":62.0,""text"":""40"",""confidence"":0.9999895475975691,""bbox"":[25.0,49.0,51.0,75.0]},{""value"":30.0,""pixel_y"":110.0,""text"":""30"",""confidence"":0.9999919078146757,""bbox"":[25.0,97.0,51.0,123.0]},{""value"":20.0,""pixel_y"":156.5,""text"":""20"",""confidence"":0.9999973868963923,""bbox"":[25.0,143.0,51.0,170.0]},{""value"":10.0,""pixel_y"":203.0,""text"":""10"",""confidence"":0.9999971340155042,""bbox"":[25.0,190.0,51.0,216.0]},{""value"":0.0,""pixel_y"":249.5,""text"":""0"",""confidence"":0.9999849796859195,""bbox"":[32.0,239.0,49.0,260.0]}]",-0.21249419414770074,53.15548072457033,0.999936965032181,1.0300546448088392,10.0,57.42549349744538,"[60.504,4.83,780.12,275.075]",null,"[750.0,188.88257687611318]",750.0,188.88257687611318,0.3165542860975571,13.019029762739528,6.980970237260472,0.3490485118630236,0.12156569864865029,4031,3500,ratio,30.0,False
fgmvp_0136,8f567d7578e2d056c3c4876afad3aa025cbec4d3101647a605228ac787a31943,4614,bar,/data/liu_jun/finmme_reproduction/outputs/cache/phase2c_official_jpeg/4614.jpg,phase6_geometry_scale/masked_images/fgmvp_0136.png,phase6_geometry_scale/debug_overlays/fgmvp_0136.png,667.0,667.0,0.9989945290270049,667.0,0.9970598648853027,"[158.0,138.0,224.0,166.0]",2139,"[1000.0,900.0,800.0,700.0,600.0,500.0,400.0,300.0,200.0,100.0]","[36.0,77.0,119.5,160.0,204.0,246.0,287.5,331.0,372.5,415.5]","[{""value"":1000.0,""pixel_y"":36.0,""text"":""1,000.0"",""confidence"":0.9998664485391476,""bbox"":[28.0,22.0,110.0,50.0]},{""value"":900.0,""pixel_y"":77.0,""text"":""900.0"",""confidence"":0.9999778754848876,""bbox"":[46.0,63.0,110.0,91.0]},{""value"":800.0,""pixel_y"":119.5,""text"":""800.0"",""confidence"":0.9999691855992929,""bbox"":[46.0,106.0,110.0,133.0]},{""value"":700.0,""pixel_y"":160.0,""text"":""700.0"",""confidence"":0.999988537909022,""bbox"":[47.0,146.0,110.0,174.0]},{""value"":600.0,""pixel_y"":204.0,""text"":""600.0"",""confidence"":0.9886168225292822,""bbox"":[47.0,190.0,110.0,218.0]},{""value"":500.0,""pixel_y"":246.0,""text"":""500.0"",""confidence"":0.9999867786099642,""bbox"":[47.0,233.0,110.0,259.0]},{""value"":400.0,""pixel_y"":287.5,""text"":""400.0"",""confidence"":0.9999966946544254,""bbox"":[47.0,274.0,110.0,301.0]},{""value"":300.0,""pixel_y"":331.0,""text"":""300.0"",""confidence"":0.9982028516757588,""bbox"":[46.0,318.0,110.0,344.0]},{""value"":200.0,""pixel_y"":372.5,""text"":""200.0"",""confidence"":0.9999949353570614,""bbox"":[47.0,359.0,110.0,386.0]},{""value"":100.0,""pixel_y"":415.5,""text"":""100.0"",""confidence"":0.8665092084555643,""bbox"":[47.0,402.0,110.0,429.0]}]",-2.368567618423281,1082.6908573833957,0.9999661836325195,1.570585701980979,100.0,1008.2992351627909,"[122.288,12.899999999999999,1008.64,438.6]","[183,176,9,263]",null,187.5,176.0,2.6561412379305622,665.8229565408983,1.1770434591016965,0.0017646828472289303,0.0011673553029241976,9261,150,k units,5.0,False
fgmvp_0137,50cf0aaed5e06b81e22be7650be66be4aef86658d030630bc6ee17d9e9e6ddc9,6810,bar,/data/liu_jun/finmme_reproduction/outputs/cache/phase2c_official_jpeg/6810.jpg,phase6_geometry_scale/masked_images/fgmvp_0137.png,phase6_geometry_scale/debug_overlays/fgmvp_0137.png,53%,53.0,0.9170615673065186,53%,0.9153564487922159,"[870.0,55.0,923.0,82.0]",1680,"[60.0,50.0,40.0,20.0,10.0]","[36.0,111.5,188.0,340.0,415.5]","[{""value"":60.0,""pixel_y"":36.0,""text"":""60%"",""confidence"":0.9921710860703601,""bbox"":[22.0,22.0,75.0,50.0]},{""value"":50.0,""pixel_y"":111.5,""text"":""50%"",""confidence"":0.9554545283317566,""bbox"":[22.0,98.0,75.0,125.0]},{""value"":40.0,""pixel_y"":188.0,""text"":""40%"",""confidence"":0.9900874735620326,""bbox"":[22.0,174.0,75.0,202.0]},{""value"":20.0,""pixel_y"":340.0,""text"":""20%"",""confidence"":0.9290749257344317,""bbox"":[22.0,326.0,75.0,354.0]},{""value"":10.0,""pixel_y"":415.5,""text"":""10%"",""confidence"":0.9985298253820201,""bbox"":[23.0,402.0,75.0,429.0]}]",-0.13163899923732802,64.72362963358496,0.9999971883923998,0.348538190723939,10.0,59.10854343754503,"[87.288,8.28,1008.64,457.3]","[860,92,72,365]",null,896.0,92.0,2.7317941597900792,52.61284170375079,0.3871582962492113,0.007304873514136062,0.006549954942778932,7082,30,percentage,3.0,False
fgmvp_0138,50cf0aaed5e06b81e22be7650be66be4aef86658d030630bc6ee17d9e9e6ddc9,6810,bar,/data/liu_jun/finmme_reproduction/outputs/cache/phase2c_official_jpeg/6810.jpg,phase6_geometry_scale/masked_images/fgmvp_0138.png,phase6_geometry_scale/debug_overlays/fgmvp_0138.png,46%,46.0,0.948856133737164,46%,0.9917396730607407,"[690.0,103.0,744.0,131.0]",1767,"[60.0,50.0,40.0,20.0,10.0]","[36.0,111.5,188.0,340.0,415.5]","[{""value"":60.0,""pixel_y"":36.0,""text"":""60%"",""confidence"":0.9921710860703601,""bbox"":[22.0,22.0,75.0,50.0]},{""value"":50.0,""pixel_y"":111.5,""text"":""50%"",""confidence"":0.9554545283317566,""bbox"":[22.0,98.0,75.0,125.0]},{""value"":40.0,""pixel_y"":188.0,""text"":""40%"",""confidence"":0.9900874735620326,""bbox"":[22.0,174.0,75.0,202.0]},{""value"":20.0,""pixel_y"":340.0,""text"":""20%"",""confidence"":0.9290749257344317,""bbox"":[22.0,326.0,75.0,354.0]},{""value"":10.0,""pixel_y"":415.5,""text"":""10%"",""confidence"":0.9985298253820201,""bbox"":[23.0,402.0,75.0,429.0]}]",-0.13163899923732802,64.72362963358496,0.9999971883923998,0.348538190723939,10.0,59.10854343754503,"[87.288,8.28,1008.64,457.3]","[681,140,72,317]",null,717.0,140.0,2.603941513838325,46.29416974035904,0.2941697403590382,0.006394994355631265,0.004976771939404366,7082,30,percentage,3.0,False
fgmvp_0139,50cf0aaed5e06b81e22be7650be66be4aef86658d030630bc6ee17d9e9e6ddc9,6810,bar,/data/liu_jun/finmme_reproduction/outputs/cache/phase2c_official_jpeg/6810.jpg,phase6_geometry_scale/masked_images/fgmvp_0139.png,phase6_geometry_scale/debug_overlays/fgmvp_0139.png,28%,28.0,0.9439563989220598,28%,0.963878004054835,"[511.0,239.0,565.0,266.0]",1710,"[60.0,50.0,40.0,20.0,10.0]","[36.0,111.5,188.0,340.0,415.5]","[{""value"":60.0,""pixel_y"":36.0,""text"":""60%"",""confidence"":0.9921710860703601,""bbox"":[22.0,22.0,75.0,50.0]},{""value"":50.0,""pixel_y"":111.5,""text"":""50%"",""confidence"":0.9554545283317566,""bbox"":[22.0,98.0,75.0,125.0]},{""value"":40.0,""pixel_y"":188.0,""text"":""40%"",""confidence"":0.9900874735620326,""bbox"":[22.0,174.0,75.0,202.0]},{""value"":20.0,""pixel_y"":340.0,""text"":""20%"",""confidence"":0.9290749257344317,""bbox"":[22.0,326.0,75.0,354.0]},{""value"":10.0,""pixel_y"":415.5,""text"":""10%"",""confidence"":0.9985298253820201,""bbox"":[23.0,402.0,75.0,429.0]}]",-0.13163899923732802,64.72362963358496,0.9999971883923998,0.348538190723939,10.0,59.10854343754503,"[87.288,8.28,1008.64,457.3]","[502,276,71,181]",null,537.5,276.0,2.3227512221401603,28.391265844082426,0.39126584408242593,0.013973780145800927,0.006619446552524903,7082,30,percentage,3.0,False
fgmvp_0140,02fbe52b0addee5150272781d9f1cd9034dff40bb5674f6f804a0c50ef7cda29,1191,line,/data/liu_jun/finmme_reproduction/outputs/cache/phase2c_official_jpeg/1191.jpg,phase6_geometry_scale/masked_images/fgmvp_0140.png,phase6_geometry_scale/debug_overlays/fgmvp_0140.png,2.9%,2.9,0.7160565530680973,2.9%,0.8301209876221743,"[940.0,198.0,1006.0,229.0]",2346,"[5.0,4.5,4.0,3.0,2.0,1.0,0.5,0.0]","[78.5,118.0,156.5,234.0,310.5,388.5,426.5,466.0]","[{""value"":5.0,""pixel_y"":78.5,""text"":""5.0%"",""confidence"":0.9981383085250854,""bbox"":[23.0,63.0,88.0,94.0]},{""value"":4.5,""pixel_y"":118.0,""text"":""4.5%"",""confidence"":0.9872419834136963,""bbox"":[23.0,103.0,88.0,133.0]},{""value"":4.0,""pixel_y"":156.5,""text"":""4.0%"",""confidence"":0.8759574794984059,""bbox"":[23.0,142.0,88.0,171.0]},{""value"":3.0,""pixel_y"":234.0,""text"":""3.0%"",""confidence"":0.9708591103553772,""bbox"":[23.0,218.0,88.0,250.0]},{""value"":2.0,""pixel_y"":310.5,""text"":""2.0%"",""confidence"":0.9838379001727943,""bbox"":[23.0,295.0,88.0,326.0]},{""value"":1.0,""pixel_y"":388.5,""text"":""1.0%"",""confidence"":0.9291348457336426,""bbox"":[23.0,372.0,88.0,405.0]},{""value"":0.5,""pixel_y"":426.5,""text"":""0.5%"",""confidence"":0.7917509078979492,""bbox"":[22.0,410.0,88.0,443.0]},{""value"":0.0,""pixel_y"":466.0,""text"":""0.0%"",""confidence"":0.9301499124755019,""bbox"":[23.0,450.0,88.0,482.0]}]",-0.012930938208172444,6.02125611081296,0.9999925547653361,0.4803182048683478,0.5,5.572587820811915,"[100.288,56.775,1008.64,487.725]",null,"[973.0,242.65402792485332]",973.0,242.65402792485332,0.5274645912839593,2.883511869752531,0.01648813024746909,0.005685562154299687,0.002958792356020116,8453,11.6,percentage,3.0,False
fgmvp_0141,ebf6813a9079ff1288c7e3da265c78cedd9305e335bfcd2b07606fe1207656a3,1180,bar,/data/liu_jun/finmme_reproduction/outputs/cache/phase2c_official_jpeg/1180.jpg,phase6_geometry_scale/masked_images/fgmvp_0141.png,phase6_geometry_scale/debug_overlays/fgmvp_0141.png,10.6,10.6,0.7547402043293843,10.6,0.9999272227287292,"[727.0,98.0,784.0,130.0]",2100,"[12.0,10.0,8.0,6.0,4.0,2.0,0.0]","[91.5,160.5,228.5,297.0,364.5,433.0,501.5]","[{""value"":12.0,""pixel_y"":91.5,""text"":""12"",""confidence"":0.9999996628252286,""bbox"":[31.0,76.0,69.0,107.0]},{""value"":10.0,""pixel_y"":160.5,""text"":""10"",""confidence"":0.9999907277059185,""bbox"":[31.0,145.0,67.0,176.0]},{""value"":8.0,""pixel_y"":228.5,""text"":""8"",""confidence"":1.0,""bbox"":[44.0,214.0,69.0,243.0]},{""value"":6.0,""pixel_y"":297.0,""text"":""6"",""confidence"":0.9999992847443906,""bbox"":[44.0,282.0,69.0,312.0]},{""value"":4.0,""pixel_y"":364.5,""text"":""4"",""confidence"":0.9999992847443906,""bbox"":[47.0,352.0,68.0,377.0]},{""value"":2.0,""pixel_y"":433.0,""text"":""2"",""confidence"":1.0,""bbox"":[44.0,418.0,69.0,448.0]},{""value"":0.0,""pixel_y"":501.5,""text"":""0"",""confidence"":0.9999991655351472,""bbox"":[47.0,490.0,65.0,513.0]}]",-0.029303892891938486,14.692790512872891,0.9999953449374004,0.3931748523583384,2.0,14.222644415102344,"[81.288,53.824999999999996,1008.64,539.175]","[733,142,39,358]",null,752.5,142.0,2.8856402697096484,10.531637722217626,0.06836227778237358,0.006449271488903168,0.004806579971146783,1363,32,percentage,3.0,False
fgmvp_0142,ebf6813a9079ff1288c7e3da265c78cedd9305e335bfcd2b07606fe1207656a3,1180,bar,/data/liu_jun/finmme_reproduction/outputs/cache/phase2c_official_jpeg/1180.jpg,phase6_geometry_scale/masked_images/fgmvp_0142.png,phase6_geometry_scale/debug_overlays/fgmvp_0142.png,6.0,6.0,0.9999386078927328,6.0,0.999870884449875,"[836.0,254.0,880.0,285.0]",1598,"[12.0,10.0,8.0,6.0,4.0,2.0,0.0]","[91.5,160.5,228.5,297.0,364.5,433.0,501.5]","[{""value"":12.0,""pixel_y"":91.5,""text"":""12"",""confidence"":0.9999996628252286,""bbox"":[31.0,76.0,69.0,107.0]},{""value"":10.0,""pixel_y"":160.5,""text"":""10"",""confidence"":0.9999907277059185,""bbox"":[31.0,145.0,67.0,176.0]},{""value"":8.0,""pixel_y"":228.5,""text"":""8"",""confidence"":1.0,""bbox"":[44.0,214.0,69.0,243.0]},{""value"":6.0,""pixel_y"":297.0,""text"":""6"",""confidence"":0.9999992847443906,""bbox"":[44.0,282.0,69.0,312.0]},{""value"":4.0,""pixel_y"":364.5,""text"":""4"",""confidence"":0.9999992847443906,""bbox"":[47.0,352.0,68.0,377.0]},{""value"":2.0,""pixel_y"":433.0,""text"":""2"",""confidence"":1.0,""bbox"":[44.0,418.0,69.0,448.0]},{""value"":0.0,""pixel_y"":501.5,""text"":""0"",""confidence"":0.9999991655351472,""bbox"":[47.0,490.0,65.0,513.0]}]",-0.029303892891938486,14.692790512872891,0.9999953449374004,0.3931748523583384,2.0,14.222644415102344,"[81.288,53.824999999999996,1008.64,539.175]","[835,297,40,203]",null,855.0,297.0,2.5487129019112187,5.9895343239671615,0.010465676032838545,0.0017442793388064242,0.0007358460021489073,1363,32,percentage,3.0,False
fgmvp_0143,ebf6813a9079ff1288c7e3da265c78cedd9305e335bfcd2b07606fe1207656a3,1180,bar,/data/liu_jun/finmme_reproduction/outputs/cache/phase2c_official_jpeg/1180.jpg,phase6_geometry_scale/masked_images/fgmvp_0143.png,phase6_geometry_scale/debug_overlays/fgmvp_0143.png,2.6,2.6,0.9680950045585632,2.6,0.9998655849787479,"[322.0,372.0,366.0,400.0]",1457,"[12.0,10.0,8.0,6.0,4.0,2.0,0.0]","[91.5,160.5,228.5,297.0,364.5,433.0,501.5]","[{""value"":12.0,""pixel_y"":91.5,""text"":""12"",""confidence"":0.9999996628252286,""bbox"":[31.0,76.0,69.0,107.0]},{""value"":10.0,""pixel_y"":160.5,""text"":""10"",""confidence"":0.9999907277059185,""bbox"":[31.0,145.0,67.0,176.0]},{""value"":8.0,""pixel_y"":228.5,""text"":""8"",""confidence"":1.0,""bbox"":[44.0,214.0,69.0,243.0]},{""value"":6.0,""pixel_y"":297.0,""text"":""6"",""confidence"":0.9999992847443906,""bbox"":[44.0,282.0,69.0,312.0]},{""value"":4.0,""pixel_y"":364.5,""text"":""4"",""confidence"":0.9999992847443906,""bbox"":[47.0,352.0,68.0,377.0]},{""value"":2.0,""pixel_y"":433.0,""text"":""2"",""confidence"":1.0,""bbox"":[44.0,418.0,69.0,448.0]},{""value"":0.0,""pixel_y"":501.5,""text"":""0"",""confidence"":0.9999991655351472,""bbox"":[47.0,490.0,65.0,513.0]}]",-0.029303892891938486,14.692790512872891,0.9999953449374004,0.3931748523583384,2.0,14.222644415102344,"[81.288,53.824999999999996,1008.64,539.175]","[321,413,39,87]",null,340.5,413.0,2.310726464907505,2.590282748502297,0.009717251497703305,0.003737404422193579,0.0006832239641303992,1363,32,percentage,3.0,False
fgmvp_0144,ebf6813a9079ff1288c7e3da265c78cedd9305e335bfcd2b07606fe1207656a3,1180,bar,/data/liu_jun/finmme_reproduction/outputs/cache/phase2c_official_jpeg/1180.jpg,phase6_geometry_scale/masked_images/fgmvp_0144.png,phase6_geometry_scale/debug_overlays/fgmvp_0144.png,3.9,3.9,0.7949954271316528,3.9,0.47699235529733486,"[116.0,327.0,160.0,357.0]",1551,"[12.0,10.0,8.0,6.0,4.0,2.0,0.0]","[91.5,160.5,228.5,296.5,365.0,433.0,501.5]","[{""value"":12.0,""pixel_y"":91.5,""text"":""12"",""confidence"":0.9999996628252286,""bbox"":[31.0,76.0,69.0,107.0]},{""value"":10.0,""pixel_y"":160.5,""text"":""10"",""confidence"":0.9999907277059185,""bbox"":[31.0,145.0,67.0,176.0]},{""value"":8.0,""pixel_y"":228.5,""text"":""8"",""confidence"":1.0,""bbox"":[44.0,214.0,69.0,243.0]},{""value"":6.0,""pixel_y"":296.5,""text"":""6"",""confidence"":0.9999988079074598,""bbox"":[44.0,281.0,69.0,312.0]},{""value"":4.0,""pixel_y"":365.0,""text"":""4"",""confidence"":0.9999988079074598,""bbox"":[47.0,352.0,68.0,378.0]},{""value"":2.0,""pixel_y"":433.0,""text"":""2"",""confidence"":1.0,""bbox"":[44.0,418.0,69.0,448.0]},{""value"":0.0,""pixel_y"":501.5,""text"":""0"",""confidence"":0.9999991655351472,""bbox"":[47.0,490.0,65.0,513.0]}]",-0.029296285936830355,14.690533963975465,0.9999973315759138,0.3932214790177458,2.0,14.210895900807985,"[81.288,53.9625,1008.64,539.0375]","[115,370,40,130]",null,135.0,370.0,2.4088800783041764,3.8509081673482335,0.04909183265176642,0.012587649397888825,0.0034545206012645,1363,32,percentage,3.0,False
fgmvp_0145,ebf6813a9079ff1288c7e3da265c78cedd9305e335bfcd2b07606fe1207656a3,1180,bar,/data/liu_jun/finmme_reproduction/outputs/cache/phase2c_official_jpeg/1180.jpg,phase6_geometry_scale/masked_images/fgmvp_0145.png,phase6_geometry_scale/debug_overlays/fgmvp_0145.png,2.6,2.6,0.7099619507789612,2.6,0.9993582296654802,"[425.0,372.0,469.0,403.0]",1598,"[12.0,10.0,8.0,6.0,4.0,2.0,0.0]","[91.5,160.5,228.5,297.0,364.5,433.0,501.5]","[{""value"":12.0,""pixel_y"":91.5,""text"":""12"",""confidence"":0.9999996628252286,""bbox"":[31.0,76.0,69.0,107.0]},{""value"":10.0,""pixel_y"":160.5,""text"":""10"",""confidence"":0.9999907277059185,""bbox"":[31.0,145.0,67.0,176.0]},{""value"":8.0,""pixel_y"":228.5,""text"":""8"",""confidence"":1.0,""bbox"":[44.0,214.0,69.0,243.0]},{""value"":6.0,""pixel_y"":297.0,""text"":""6"",""confidence"":0.9999992847443906,""bbox"":[44.0,282.0,69.0,312.0]},{""value"":4.0,""pixel_y"":364.5,""text"":""4"",""confidence"":0.9999992847443906,""bbox"":[47.0,352.0,68.0,377.0]},{""value"":2.0,""pixel_y"":433.0,""text"":""2"",""confidence"":1.0,""bbox"":[44.0,418.0,69.0,448.0]},{""value"":0.0,""pixel_y"":501.5,""text"":""0"",""confidence"":0.9999991655351472,""bbox"":[47.0,490.0,65.0,513.0]}]",-0.029303892891938486,14.692790512872891,0.9999953449374004,0.3931748523583384,2.0,14.222644415102344,"[81.288,53.824999999999996,1008.64,539.175]","[423,415,40,85]",null,443.0,415.0,2.2546408771598174,2.5316749627184194,0.06832503728158068,0.026278860492915647,0.004803961576162981,1363,32,percentage,3.0,False
fgmvp_0146,8ff98d895fcf701e69d4e0ca5870145394f8719c1e86557e40392f7492b95ebb,3365,bar,/data/liu_jun/finmme_reproduction/outputs/cache/phase2c_official_jpeg/3365.jpg,phase6_geometry_scale/masked_images/fgmvp_0146.png,phase6_geometry_scale/debug_overlays/fgmvp_0146.png,840.5,840.5,0.9999780354213488,840.5,0.7843793260696358,"[866.0,65.0,933.0,93.0]",2170,"[1000.0,900.0,800.0,700.0,600.0,500.0,400.0,300.0,200.0,100.0]","[36.0,77.0,119.0,161.0,204.0,246.0,287.5,331.0,372.5,415.0]","[{""value"":1000.0,""pixel_y"":36.0,""text"":""1,000.0"",""confidence"":0.9998082319973273,""bbox"":[28.0,22.0,110.0,50.0]},{""value"":900.0,""pixel_y"":77.0,""text"":""900.0"",""confidence"":0.9999817139591218,""bbox"":[46.0,63.0,110.0,91.0]},{""value"":800.0,""pixel_y"":119.0,""text"":""800.0"",""confidence"":0.9999861388647617,""bbox"":[46.0,105.0,110.0,133.0]},{""value"":700.0,""pixel_y"":161.0,""text"":""700.0"",""confidence"":0.9999905637680905,""bbox"":[47.0,148.0,110.0,174.0]},{""value"":600.0,""pixel_y"":204.0,""text"":""600.0"",""confidence"":0.9866367854441805,""bbox"":[47.0,190.0,110.0,218.0]},{""value"":500.0,""pixel_y"":246.0,""text"":""500.0"",""confidence"":0.9999877915397694,""bbox"":[47.0,233.0,110.0,259.0]},{""value"":400.0,""pixel_y"":287.5,""text"":""400.0"",""confidence"":0.5864368860978666,""bbox"":[47.0,274.0,110.0,301.0]},{""value"":300.0,""pixel_y"":331.0,""text"":""300.0"",""confidence"":0.9897822340302969,""bbox"":[46.0,318.0,110.0,344.0]},{""value"":200.0,""pixel_y"":372.5,""text"":""200.0"",""confidence"":0.9999939224281105,""bbox"":[47.0,359.0,110.0,386.0]},{""value"":100.0,""pixel_y"":415.0,""text"":""100.0"",""confidence"":0.9999654537438477,""bbox"":[47.0,401.0,110.0,429.0]}]",-2.3703089267448214,1083.08247762491,0.9999830569133757,0.9486711679356984,100.0,1007.855355651898,"[122.288,12.899999999999999,1008.64,438.1]","[890,103,12,335]",null,896.0,103.0,2.6381507556278154,838.9406581701935,1.559341829806499,0.0018552550027441986,0.0015471881168879536,3365,3086.5,k units,30.0,False
fgmvp_0147,8ff98d895fcf701e69d4e0ca5870145394f8719c1e86557e40392f7492b95ebb,3365,bar,/data/liu_jun/finmme_reproduction/outputs/cache/phase2c_official_jpeg/3365.jpg,phase6_geometry_scale/masked_images/fgmvp_0147.png,phase6_geometry_scale/debug_overlays/fgmvp_0147.png,945.0,945.0,0.7308559026855118,945.0,0.9986814158324789,"[938.0,22.0,1005.0,50.0]",2170,"[1000.0,900.0,800.0,700.0,600.0,500.0,400.0,300.0,200.0,100.0]","[36.0,77.0,119.0,161.0,204.0,246.0,287.5,331.0,372.5,415.0]","[{""value"":1000.0,""pixel_y"":36.0,""text"":""1,000.0"",""confidence"":0.9998082319973273,""bbox"":[28.0,22.0,110.0,50.0]},{""value"":900.0,""pixel_y"":77.0,""text"":""900.0"",""confidence"":0.9999817139591218,""bbox"":[46.0,63.0,110.0,91.0]},{""value"":800.0,""pixel_y"":119.0,""text"":""800.0"",""confidence"":0.9999861388647617,""bbox"":[46.0,105.0,110.0,133.0]},{""value"":700.0,""pixel_y"":161.0,""text"":""700.0"",""confidence"":0.9999905637680905,""bbox"":[47.0,148.0,110.0,174.0]},{""value"":600.0,""pixel_y"":204.0,""text"":""600.0"",""confidence"":0.9866367854441805,""bbox"":[47.0,190.0,110.0,218.0]},{""value"":500.0,""pixel_y"":246.0,""text"":""500.0"",""confidence"":0.9999877915397694,""bbox"":[47.0,233.0,110.0,259.0]},{""value"":400.0,""pixel_y"":287.5,""text"":""400.0"",""confidence"":0.5864368860978666,""bbox"":[47.0,274.0,110.0,301.0]},{""value"":300.0,""pixel_y"":331.0,""text"":""300.0"",""confidence"":0.9897822340302969,""bbox"":[46.0,318.0,110.0,344.0]},{""value"":200.0,""pixel_y"":372.5,""text"":""200.0"",""confidence"":0.9999939224281105,""bbox"":[47.0,359.0,110.0,386.0]},{""value"":100.0,""pixel_y"":415.0,""text"":""100.0"",""confidence"":0.9999654537438477,""bbox"":[47.0,401.0,110.0,429.0]}]",-2.3703089267448214,1083.08247762491,0.9999830569133757,0.9486711679356984,100.0,1007.855355651898,"[122.288,12.899999999999999,1008.64,438.1]","[961,57,12,381]",null,967.0,57.0,2.746349407855605,947.9748688004553,2.9748688004552832,0.003148009312651093,0.0029516822863247948,3365,3086.5,k units,30.0,False
fgmvp_0148,8ff98d895fcf701e69d4e0ca5870145394f8719c1e86557e40392f7492b95ebb,3365,bar,/data/liu_jun/finmme_reproduction/outputs/cache/phase2c_official_jpeg/3365.jpg,phase6_geometry_scale/masked_images/fgmvp_0148.png,phase6_geometry_scale/debug_overlays/fgmvp_0148.png,579.9,579.9,0.9999907770163853,579.9,0.8226454849214189,"[441.0,177.0,506.0,205.0]",2108,"[1000.0,900.0,800.0,700.0,600.0,500.0,400.0,300.0,200.0,100.0]","[36.0,77.0,119.0,161.0,204.0,246.0,287.5,331.0,372.5,415.0]","[{""value"":1000.0,""pixel_y"":36.0,""text"":""1,000.0"",""confidence"":0.9998082319973273,""bbox"":[28.0,22.0,110.0,50.0]},{""value"":900.0,""pixel_y"":77.0,""text"":""900.0"",""confidence"":0.9999817139591218,""bbox"":[46.0,63.0,110.0,91.0]},{""value"":800.0,""pixel_y"":119.0,""text"":""800.0"",""confidence"":0.9999861388647617,""bbox"":[46.0,105.0,110.0,133.0]},{""value"":700.0,""pixel_y"":161.0,""text"":""700.0"",""confidence"":0.9999905637680905,""bbox"":[47.0,148.0,110.0,174.0]},{""value"":600.0,""pixel_y"":204.0,""text"":""600.0"",""confidence"":0.9866367854441805,""bbox"":[47.0,190.0,110.0,218.0]},{""value"":500.0,""pixel_y"":246.0,""text"":""500.0"",""confidence"":0.9999877915397694,""bbox"":[47.0,233.0,110.0,259.0]},{""value"":400.0,""pixel_y"":287.5,""text"":""400.0"",""confidence"":0.5864368860978666,""bbox"":[47.0,274.0,110.0,301.0]},{""value"":300.0,""pixel_y"":331.0,""text"":""300.0"",""confidence"":0.9897822340302969,""bbox"":[46.0,318.0,110.0,344.0]},{""value"":200.0,""pixel_y"":372.5,""text"":""200.0"",""confidence"":0.9999939224281105,""bbox"":[47.0,359.0,110.0,386.0]},{""value"":100.0,""pixel_y"":415.0,""text"":""100.0"",""confidence"":0.9999654537438477,""bbox"":[47.0,401.0,110.0,429.0]}]",-2.3703089267448214,1083.08247762491,0.9999830569133757,0.9486711679356984,100.0,1007.855355651898,"[122.288,12.899999999999999,1008.64,438.1]","[463,213,13,225]",null,469.5,213.0,2.3325586183717455,578.2066762282632,1.6933237717368002,0.002920027197338852,0.0016801257861466933,3365,3086.5,k units,30.0,False
fgmvp_0149,8ff98d895fcf701e69d4e0ca5870145394f8719c1e86557e40392f7492b95ebb,3365,bar,/data/liu_jun/finmme_reproduction/outputs/cache/phase2c_official_jpeg/3365.jpg,phase6_geometry_scale/masked_images/fgmvp_0149.png,phase6_geometry_scale/debug_overlays/fgmvp_0149.png,330.9,330.9,0.9999739303845567,330.9,0.9999720111458937,"[156.0,281.0,221.0,309.0]",2108,"[1000.0,900.0,800.0,700.0,600.0,500.0,400.0,300.0,200.0,100.0]","[36.0,77.0,119.0,161.0,204.0,246.0,287.5,331.0,372.5,415.0]","[{""value"":1000.0,""pixel_y"":36.0,""text"":""1,000.0"",""confidence"":0.9998082319973273,""bbox"":[28.0,22.0,110.0,50.0]},{""value"":900.0,""pixel_y"":77.0,""text"":""900.0"",""confidence"":0.9999817139591218,""bbox"":[46.0,63.0,110.0,91.0]},{""value"":800.0,""pixel_y"":119.0,""text"":""800.0"",""confidence"":0.9999861388647617,""bbox"":[46.0,105.0,110.0,133.0]},{""value"":700.0,""pixel_y"":161.0,""text"":""700.0"",""confidence"":0.9999905637680905,""bbox"":[47.0,148.0,110.0,174.0]},{""value"":600.0,""pixel_y"":204.0,""text"":""600.0"",""confidence"":0.9866367854441805,""bbox"":[47.0,190.0,110.0,218.0]},{""value"":500.0,""pixel_y"":246.0,""text"":""500.0"",""confidence"":0.9999877915397694,""bbox"":[47.0,233.0,110.0,259.0]},{""value"":400.0,""pixel_y"":287.5,""text"":""400.0"",""confidence"":0.5864368860978666,""bbox"":[47.0,274.0,110.0,301.0]},{""value"":300.0,""pixel_y"":331.0,""text"":""300.0"",""confidence"":0.9897822340302969,""bbox"":[46.0,318.0,110.0,344.0]},{""value"":200.0,""pixel_y"":372.5,""text"":""200.0"",""confidence"":0.9999939224281105,""bbox"":[47.0,359.0,110.0,386.0]},{""value"":100.0,""pixel_y"":415.0,""text"":""100.0"",""confidence"":0.9999654537438477,""bbox"":[47.0,401.0,110.0,429.0]}]",-2.3703089267448214,1083.08247762491,0.9999830569133757,0.9486711679356984,100.0,1007.855355651898,"[122.288,12.899999999999999,1008.64,438.1]","[179,318,12,120]",null,185.0,318.0,2.1370943514138028,329.3242389200569,1.5757610799430495,0.00476204617692067,0.0015634793932546207,3365,3086.5,k units,30.0,False
fgmvp_0150,8ff98d895fcf701e69d4e0ca5870145394f8719c1e86557e40392f7492b95ebb,3365,bar,/data/liu_jun/finmme_reproduction/outputs/cache/phase2c_official_jpeg/3365.jpg,phase6_geometry_scale/masked_images/fgmvp_0150.png,phase6_geometry_scale/debug_overlays/fgmvp_0150.png,716.3,716.3,0.7477270448391163,716.3,0.9507424237613156,"[654.0,118.0,720.0,146.0]",2139,"[1000.0,900.0,800.0,700.0,600.0,500.0,400.0,300.0,200.0,100.0]","[36.0,77.0,119.0,161.0,204.0,246.0,287.5,331.0,372.5,415.0]","[{""value"":1000.0,""pixel_y"":36.0,""text"":""1,000.0"",""confidence"":0.9998082319973273,""bbox"":[28.0,22.0,110.0,50.0]},{""value"":900.0,""pixel_y"":77.0,""text"":""900.0"",""confidence"":0.9999817139591218,""bbox"":[46.0,63.0,110.0,91.0]},{""value"":800.0,""pixel_y"":119.0,""text"":""800.0"",""confidence"":0.9999861388647617,""bbox"":[46.0,105.0,110.0,133.0]},{""value"":700.0,""pixel_y"":161.0,""text"":""700.0"",""confidence"":0.9999905637680905,""bbox"":[47.0,148.0,110.0,174.0]},{""value"":600.0,""pixel_y"":204.0,""text"":""600.0"",""confidence"":0.9866367854441805,""bbox"":[47.0,190.0,110.0,218.0]},{""value"":500.0,""pixel_y"":246.0,""text"":""500.0"",""confidence"":0.9999877915397694,""bbox"":[47.0,233.0,110.0,259.0]},{""value"":400.0,""pixel_y"":287.5,""text"":""400.0"",""confidence"":0.5864368860978666,""bbox"":[47.0,274.0,110.0,301.0]},{""value"":300.0,""pixel_y"":331.0,""text"":""300.0"",""confidence"":0.9897822340302969,""bbox"":[46.0,318.0,110.0,344.0]},{""value"":200.0,""pixel_y"":372.5,""text"":""200.0"",""confidence"":0.9999939224281105,""bbox"":[47.0,359.0,110.0,386.0]},{""value"":100.0,""pixel_y"":415.0,""text"":""100.0"",""confidence"":0.9999654537438477,""bbox"":[47.0,401.0,110.0,429.0]}]",-2.3703089267448214,1083.08247762491,0.9999830569133757,0.9486711679356984,100.0,1007.855355651898,"[122.288,12.899999999999999,1008.64,438.1]","[676,155,13,283]",null,682.5,155.0,2.3598181967095813,715.6845939794628,0.6154060205371934,0.0008591456380527621,0.0006106094660172127,3365,3086.5,k units,30.0,False
fgmvp_0151,025ec932975a23557b67c8f767d50aa2188631b69ef3f2ac45ea7ff7694d7586,3955,bar,/data/liu_jun/finmme_reproduction/outputs/cache/phase2c_official_jpeg/3955.jpg,phase6_geometry_scale/masked_images/fgmvp_0151.png,phase6_geometry_scale/debug_overlays/fgmvp_0151.png,24.9,24.9,0.9898113012313843,24.9,0.9962083697319031,"[601.0,115.0,663.0,151.0]",2535,"[30.0,25.0,20.0,15.0,10.0,5.0,0.0,-10.0,-15.0]","[111.0,161.5,210.5,260.5,310.0,360.5,410.0,508.5,558.0]","[{""value"":30.0,""pixel_y"":111.0,""text"":""30"",""confidence"":0.999996628253784,""bbox"":[30.0,93.0,70.0,129.0]},{""value"":25.0,""pixel_y"":161.5,""text"":""25"",""confidence"":0.6969795625539734,""bbox"":[31.0,145.0,69.0,178.0]},{""value"":20.0,""pixel_y"":210.5,""text"":""20"",""confidence"":0.8053918324145833,""bbox"":[31.0,194.0,69.0,227.0]},{""value"":15.0,""pixel_y"":260.5,""text"":""15"",""confidence"":0.9999912334667646,""bbox"":[33.0,244.0,70.0,277.0]},{""value"":10.0,""pixel_y"":310.0,""text"":""10"",""confidence"":0.9999951109690732,""bbox"":[31.0,294.0,69.0,326.0]},{""value"":5.0,""pixel_y"":360.5,""text"":""5"",""confidence"":0.999994277962287,""bbox"":[46.0,345.0,70.0,376.0]},{""value"":0.0,""pixel_y"":410.0,""text"":""0"",""confidence"":0.9999988079074598,""bbox"":[47.0,395.0,68.0,425.0]},{""value"":-10.0,""pixel_y"":508.5,""text"":""-10"",""confidence"":0.9030860066413879,""bbox"":[23.0,492.0,69.0,525.0]},{""value"":-15.0,""pixel_y"":558.0,""text"":""-15"",""confidence"":0.6816177141624964,""bbox"":[23.0,542.0,70.0,574.0]}]",-0.1006817360566998,41.22450645243233,0.9999917311078603,0.7077688446673457,5.0,50.514544023047705,"[82.288,83.6375,1008.64,585.3625]","[615,165,36,244]",null,633.0,165.0,2.647810557068605,24.61202000307686,0.2879799969231378,0.011565461723820796,0.005700932325386218,7505|7815,5.6|6.7,percentage|percentage,2.0|2.0,False
fgmvp_0152,ecd4d5c7ea2637ca9ae5fac111d3d436bede5a1ed521129f1c287eb68cb3f22e,7079,bar,/data/liu_jun/finmme_reproduction/outputs/cache/phase2c_official_jpeg/7079.jpg,phase6_geometry_scale/masked_images/fgmvp_0152.png,phase6_geometry_scale/debug_overlays/fgmvp_0152.png,3.9,3.9,0.9980209783817778,3.9,0.9994980035746152,"[805.0,259.0,851.0,295.0]",1911,"[7.0,6.0,5.0,4.0,3.0,2.0,1.0,0.0]","[111.5,174.5,237.5,299.0,360.5,422.0,484.5,545.0]","[{""value"":7.0,""pixel_y"":111.5,""text"":""7"",""confidence"":0.9999994039536411,""bbox"":[26.0,98.0,45.0,125.0]},{""value"":6.0,""pixel_y"":174.5,""text"":""6"",""confidence"":0.6090942158363106,""bbox"":[25.0,159.0,50.0,190.0]},{""value"":5.0,""pixel_y"":237.5,""text"":""5"",""confidence"":0.9999747277902884,""bbox"":[25.0,222.0,50.0,253.0]},{""value"":4.0,""pixel_y"":299.0,""text"":""4"",""confidence"":0.9999992847443906,""bbox"":[26.0,285.0,45.0,313.0]},{""value"":3.0,""pixel_y"":360.5,""text"":""3"",""confidence"":0.9902160317368626,""bbox"":[26.0,346.0,47.0,375.0]},{""value"":2.0,""pixel_y"":422.0,""text"":""2"",""confidence"":1.0,""bbox"":[26.0,407.0,47.0,437.0]},{""value"":1.0,""pixel_y"":484.5,""text"":""1"",""confidence"":0.9999988079074598,""bbox"":[29.0,472.0,42.0,497.0]},{""value"":0.0,""pixel_y"":545.0,""text"":""0"",""confidence"":0.9999982118614561,""bbox"":[26.0,531.0,44.0,559.0]}]",-0.016154994111210248,8.820041498247924,0.9999749033480682,1.1612294451388068,1.0,8.096075298833018,"[62.288,77.675,1008.64,578.825]","[809,309,39,237]",null,828.5,309.0,2.629839527102126,3.828148317883958,0.07185168211604198,0.01842350823488256,0.008874878192696504,7574,3.4,percentage,2.0,False
fgmvp_0153,ecd4d5c7ea2637ca9ae5fac111d3d436bede5a1ed521129f1c287eb68cb3f22e,7079,bar,/data/liu_jun/finmme_reproduction/outputs/cache/phase2c_official_jpeg/7079.jpg,phase6_geometry_scale/masked_images/fgmvp_0153.png,phase6_geometry_scale/debug_overlays/fgmvp_0153.png,4.2,4.2,0.9358001351356506,4.2,0.99343341588974,"[908.0,239.0,952.0,272.0]",1692,"[7.0,6.0,5.0,4.0,3.0,2.0,1.0,0.0]","[111.5,174.5,237.5,299.0,360.5,422.0,484.5,545.0]","[{""value"":7.0,""pixel_y"":111.5,""text"":""7"",""confidence"":0.9999994039536411,""bbox"":[26.0,98.0,45.0,125.0]},{""value"":6.0,""pixel_y"":174.5,""text"":""6"",""confidence"":0.6090942158363106,""bbox"":[25.0,159.0,50.0,190.0]},{""value"":5.0,""pixel_y"":237.5,""text"":""5"",""confidence"":0.9999747277902884,""bbox"":[25.0,222.0,50.0,253.0]},{""value"":4.0,""pixel_y"":299.0,""text"":""4"",""confidence"":0.9999992847443906,""bbox"":[26.0,285.0,45.0,313.0]},{""value"":3.0,""pixel_y"":360.5,""text"":""3"",""confidence"":0.9902160317368626,""bbox"":[26.0,346.0,47.0,375.0]},{""value"":2.0,""pixel_y"":422.0,""text"":""2"",""confidence"":1.0,""bbox"":[26.0,407.0,47.0,437.0]},{""value"":1.0,""pixel_y"":484.5,""text"":""1"",""confidence"":0.9999988079074598,""bbox"":[29.0,472.0,42.0,497.0]},{""value"":0.0,""pixel_y"":545.0,""text"":""0"",""confidence"":0.9999982118614561,""bbox"":[26.0,531.0,44.0,559.0]}]",-0.016154994111210248,8.820041498247924,0.9999749033480682,1.1612294451388068,1.0,8.096075298833018,"[62.288,77.675,1008.64,578.825]","[911,286,38,259]",null,930.0,286.0,2.6788647201134816,4.199713182441793,0.0002868175582069199,6.82898948111714e-05,3.54267404415399e-05,7574,3.4,percentage,2.0,False
fgmvp_0154,b77a3ca2e7d164cf210099a27449084e05305395d2edf999c6410fadbdcccebf,6782,bar,/data/liu_jun/finmme_reproduction/outputs/cache/phase2c_official_jpeg/6782.jpg,phase6_geometry_scale/masked_images/fgmvp_0154.png,phase6_geometry_scale/debug_overlays/fgmvp_0154.png,10.3,10.3,0.9966028097338727,10.3,0.8230584374648942,"[701.0,101.0,759.0,137.0]",2379,"[12.0,10.0,8.0,6.0,4.0,2.0,0.0,-8.0]","[110.0,154.5,199.5,244.5,287.5,334.0,376.5,550.5]","[{""value"":12.0,""pixel_y"":110.0,""text"":""12"",""confidence"":0.6822584833105448,""bbox"":[25.0,94.0,61.0,126.0]},{""value"":10.0,""pixel_y"":154.5,""text"":""10"",""confidence"":0.9999961224921389,""bbox"":[25.0,138.0,59.0,171.0]},{""value"":8.0,""pixel_y"":199.5,""text"":""8"",""confidence"":0.8895137147652585,""bbox"":[39.0,184.0,60.0,215.0]},{""value"":6.0,""pixel_y"":244.5,""text"":""6"",""confidence"":0.9999988079074598,""bbox"":[39.0,229.0,60.0,260.0]},{""value"":4.0,""pixel_y"":287.5,""text"":""4"",""confidence"":0.999998569489037,""bbox"":[39.0,272.0,60.0,303.0]},{""value"":2.0,""pixel_y"":334.0,""text"":""2"",""confidence"":0.9999997615814351,""bbox"":[39.0,315.0,60.0,353.0]},{""value"":0.0,""pixel_y"":376.5,""text"":""0"",""confidence"":0.9999408730664072,""bbox"":[36.0,356.0,61.0,397.0]},{""value"":-8.0,""pixel_y"":550.5,""text"":""-8"",""confidence"":0.8980509297353106,""bbox"":[30.0,535.0,61.0,566.0]}]",-0.045354316424408674,17.045586521236295,0.9999146957025065,2.2656093756249667,2.0,22.22361504796025,"[73.288,85.25,1008.64,575.25]","[710,149,41,226]",null,730.5,149.0,2.623509851269418,10.287793373999403,0.012206626000597964,0.0011851093204464042,0.0005492637437363425,7670,33.3,percentage,3.0,False
fgmvp_0155,b77a3ca2e7d164cf210099a27449084e05305395d2edf999c6410fadbdcccebf,6782,bar,/data/liu_jun/finmme_reproduction/outputs/cache/phase2c_official_jpeg/6782.jpg,phase6_geometry_scale/masked_images/fgmvp_0155.png,phase6_geometry_scale/debug_overlays/fgmvp_0155.png,3.3,3.3,0.9808977842330933,3.3,0.6280701756477356,"[305.0,257.0,349.0,290.0]",1692,"[12.0,10.0,8.0,6.0,4.0,2.0,0.0,-8.0]","[110.0,154.5,199.5,244.5,287.5,334.0,376.5,550.5]","[{""value"":12.0,""pixel_y"":110.0,""text"":""12"",""confidence"":0.6822584833105448,""bbox"":[25.0,94.0,61.0,126.0]},{""value"":10.0,""pixel_y"":154.5,""text"":""10"",""confidence"":0.9999961224921389,""bbox"":[25.0,138.0,59.0,171.0]},{""value"":8.0,""pixel_y"":199.5,""text"":""8"",""confidence"":0.8895137147652585,""bbox"":[39.0,184.0,60.0,215.0]},{""value"":6.0,""pixel_y"":244.5,""text"":""6"",""confidence"":0.9999988079074598,""bbox"":[39.0,229.0,60.0,260.0]},{""value"":4.0,""pixel_y"":287.5,""text"":""4"",""confidence"":0.999998569489037,""bbox"":[39.0,272.0,60.0,303.0]},{""value"":2.0,""pixel_y"":334.0,""text"":""2"",""confidence"":0.9999997615814351,""bbox"":[39.0,315.0,60.0,353.0]},{""value"":0.0,""pixel_y"":376.5,""text"":""0"",""confidence"":0.9999408730664072,""bbox"":[36.0,356.0,61.0,397.0]},{""value"":-8.0,""pixel_y"":550.5,""text"":""-8"",""confidence"":0.8980509297353106,""bbox"":[30.0,535.0,61.0,566.0]}]",-0.045354316424408674,17.045586521236295,0.9999146957025065,2.2656093756249667,2.0,22.22361504796025,"[73.288,85.25,1008.64,575.25]","[307,303,41,72]",null,327.5,303.0,2.2511370097495726,3.303228644640466,0.0032286446404663494,0.0009783771637776816,0.00014527990308951485,7670,33.3,percentage,3.0,False
fgmvp_0156,a812edb9bbf14bdb57c1e7ab7f75fb3293660606bb79b4551c28c38e7d673ceb,1500,bar,/data/liu_jun/finmme_reproduction/outputs/cache/phase2c_official_jpeg/1500.jpg,phase6_geometry_scale/masked_images/fgmvp_0156.png,phase6_geometry_scale/debug_overlays/fgmvp_0156.png,29,29.0,0.9999988198884456,29,0.995502027161654,"[137.0,28.0,173.0,56.0]",1209,"[29.0,27.0,25.0,23.0,21.0,19.0,17.0,15.0]","[70.5,140.0,210.0,278.0,348.0,415.5,485.0,553.0]","[{""value"":29.0,""pixel_y"":70.5,""text"":""29"",""confidence"":0.7330502086193182,""bbox"":[23.0,55.0,59.0,86.0]},{""value"":27.0,""pixel_y"":140.0,""text"":""27"",""confidence"":0.9999998314126102,""bbox"":[25.0,126.0,59.0,154.0]},{""value"":25.0,""pixel_y"":210.0,""text"":""25"",""confidence"":0.9999998314126102,""bbox"":[25.0,196.0,59.0,224.0]},{""value"":23.0,""pixel_y"":278.0,""text"":""23"",""confidence"":0.9999995785315409,""bbox"":[25.0,263.0,59.0,293.0]},{""value"":21.0,""pixel_y"":348.0,""text"":""21"",""confidence"":1.0,""bbox"":[25.0,334.0,58.0,362.0]},{""value"":19.0,""pixel_y"":415.5,""text"":""19"",""confidence"":0.9999844899949775,""bbox"":[25.0,402.0,59.0,429.0]},{""value"":17.0,""pixel_y"":485.0,""text"":""17"",""confidence"":0.7682365478399076,""bbox"":[25.0,471.0,59.0,499.0]},{""value"":15.0,""pixel_y"":553.0,""text"":""15"",""confidence"":0.9999989884757856,""bbox"":[25.0,540.0,59.0,566.0]}]",-0.02902008948153346,31.068777962979205,0.9999839167178407,1.0411124546554542,2.0,16.22077901570313,"[71.288,32.275,1008.64,591.225]","[132,70,46,481]",null,155.0,70.0,2.6085912509431424,29.037371699271862,0.03737169927186201,0.0012886792852366213,0.002303939856136561,3831|3940,27.83|8,hours|hours,2.0|1.0,False
fgmvp_0157,a812edb9bbf14bdb57c1e7ab7f75fb3293660606bb79b4551c28c38e7d673ceb,1500,bar,/data/liu_jun/finmme_reproduction/outputs/cache/phase2c_official_jpeg/1500.jpg,phase6_geometry_scale/masked_images/fgmvp_0157.png,phase6_geometry_scale/debug_overlays/fgmvp_0157.png,27,27.0,0.9999998314126102,27,1.0,"[439.0,94.0,472.0,122.0]",1116,"[29.0,27.0,25.0,23.0,21.0,19.0,17.0,15.0]","[72.0,140.0,210.0,278.0,348.0,415.5,485.0,553.0]","[{""value"":29.0,""pixel_y"":72.0,""text"":""29"",""confidence"":1.0,""bbox"":[25.0,58.0,59.0,86.0]},{""value"":27.0,""pixel_y"":140.0,""text"":""27"",""confidence"":0.9999998314126102,""bbox"":[25.0,126.0,59.0,154.0]},{""value"":25.0,""pixel_y"":210.0,""text"":""25"",""confidence"":0.9999998314126102,""bbox"":[25.0,196.0,59.0,224.0]},{""value"":23.0,""pixel_y"":278.0,""text"":""23"",""confidence"":0.9999995785315409,""bbox"":[25.0,263.0,59.0,293.0]},{""value"":21.0,""pixel_y"":348.0,""text"":""21"",""confidence"":1.0,""bbox"":[25.0,334.0,58.0,362.0]},{""value"":19.0,""pixel_y"":415.5,""text"":""19"",""confidence"":0.9999844899949775,""bbox"":[25.0,402.0,59.0,429.0]},{""value"":17.0,""pixel_y"":485.0,""text"":""17"",""confidence"":0.7682365478399076,""bbox"":[25.0,471.0,59.0,499.0]},{""value"":15.0,""pixel_y"":553.0,""text"":""15"",""confidence"":0.9999989884757856,""bbox"":[25.0,540.0,59.0,566.0]}]",-0.029072975035183253,31.090755881313875,0.9999892038143239,0.9162953188539924,2.0,16.158759524554853,"[71.288,34.599999999999994,1008.64,590.4]","[433,137,44,414]",null,455.0,137.0,2.434212742136305,27.107758301493767,0.1077583014937673,0.003991048203472863,0.006668723631292227,3831|3940,27.83|8,hours|hours,2.0|1.0,False
fgmvp_0158,a812edb9bbf14bdb57c1e7ab7f75fb3293660606bb79b4551c28c38e7d673ceb,1500,bar,/data/liu_jun/finmme_reproduction/outputs/cache/phase2c_official_jpeg/1500.jpg,phase6_geometry_scale/masked_images/fgmvp_0158.png,phase6_geometry_scale/debug_overlays/fgmvp_0158.png,28,28.0,1.0,28,0.7022220470585737,"[287.0,57.0,323.0,88.0]",1326,"[29.0,27.0,25.0,23.0,21.0,19.0,17.0,15.0]","[72.0,140.0,210.0,278.0,348.0,415.5,485.0,553.0]","[{""value"":29.0,""pixel_y"":72.0,""text"":""29"",""confidence"":1.0,""bbox"":[25.0,58.0,59.0,86.0]},{""value"":27.0,""pixel_y"":140.0,""text"":""27"",""confidence"":0.9999998314126102,""bbox"":[25.0,126.0,59.0,154.0]},{""value"":25.0,""pixel_y"":210.0,""text"":""25"",""confidence"":0.9999998314126102,""bbox"":[25.0,196.0,59.0,224.0]},{""value"":23.0,""pixel_y"":278.0,""text"":""23"",""confidence"":0.9999995785315409,""bbox"":[25.0,263.0,59.0,293.0]},{""value"":21.0,""pixel_y"":348.0,""text"":""21"",""confidence"":1.0,""bbox"":[25.0,334.0,58.0,362.0]},{""value"":19.0,""pixel_y"":415.5,""text"":""19"",""confidence"":0.9999844899949775,""bbox"":[25.0,402.0,59.0,429.0]},{""value"":17.0,""pixel_y"":485.0,""text"":""17"",""confidence"":0.7682365478399076,""bbox"":[25.0,471.0,59.0,499.0]},{""value"":15.0,""pixel_y"":553.0,""text"":""15"",""confidence"":0.9999989884757856,""bbox"":[25.0,540.0,59.0,566.0]}]",-0.029072975035183253,31.090755881313875,0.9999892038143239,0.9162953188539924,2.0,16.158759524554853,"[71.288,34.599999999999994,1008.64,590.4]","[283,101,44,450]",null,305.0,101.0,2.287180852948665,28.154385402760365,0.15438540276036505,0.005513764384298752,0.009554285557982404,3831|3940,27.83|8,hours|hours,2.0|1.0,False
fgmvp_0159,a812edb9bbf14bdb57c1e7ab7f75fb3293660606bb79b4551c28c38e7d673ceb,1500,bar,/data/liu_jun/finmme_reproduction/outputs/cache/phase2c_official_jpeg/1500.jpg,phase6_geometry_scale/masked_images/fgmvp_0159.png,phase6_geometry_scale/debug_overlays/fgmvp_0159.png,20,20.0,0.9647222256787745,20,1.0,"[588.0,356.0,626.0,387.0]",1394,"[29.0,27.0,25.0,23.0,21.0,19.0,17.0,15.0]","[72.0,140.0,210.0,278.0,348.0,415.5,485.0,553.0]","[{""value"":29.0,""pixel_y"":72.0,""text"":""29"",""confidence"":1.0,""bbox"":[25.0,58.0,59.0,86.0]},{""value"":27.0,""pixel_y"":140.0,""text"":""27"",""confidence"":0.9999998314126102,""bbox"":[25.0,126.0,59.0,154.0]},{""value"":25.0,""pixel_y"":210.0,""text"":""25"",""confidence"":0.9999998314126102,""bbox"":[25.0,196.0,59.0,224.0]},{""value"":23.0,""pixel_y"":278.0,""text"":""23"",""confidence"":0.9999995785315409,""bbox"":[25.0,263.0,59.0,293.0]},{""value"":21.0,""pixel_y"":348.0,""text"":""21"",""confidence"":1.0,""bbox"":[25.0,334.0,58.0,362.0]},{""value"":19.0,""pixel_y"":415.5,""text"":""19"",""confidence"":0.9999844899949775,""bbox"":[25.0,402.0,59.0,429.0]},{""value"":17.0,""pixel_y"":485.0,""text"":""17"",""confidence"":0.7682365478399076,""bbox"":[25.0,471.0,59.0,499.0]},{""value"":15.0,""pixel_y"":553.0,""text"":""15"",""confidence"":0.9999989884757856,""bbox"":[25.0,540.0,59.0,566.0]}]",-0.029072975035183253,31.090755881313875,0.9999892038143239,0.9162953188539924,2.0,16.158759524554853,"[71.288,34.599999999999994,1008.64,590.4]","[585,401,44,150]",null,607.0,401.0,2.1729110712053474,19.43249289220539,0.5675071077946114,0.028375355389730572,0.035120710035459565,3831|3940,27.83|8,hours|hours,2.0|1.0,False
fgmvp_0160,a812edb9bbf14bdb57c1e7ab7f75fb3293660606bb79b4551c28c38e7d673ceb,1500,bar,/data/liu_jun/finmme_reproduction/outputs/cache/phase2c_official_jpeg/1500.jpg,phase6_geometry_scale/masked_images/fgmvp_0160.png,phase6_geometry_scale/debug_overlays/fgmvp_0160.png,18,18.0,0.9995688894235015,18,0.999999915706304,"[740.0,425.0,776.0,453.0]",1209,"[29.0,27.0,25.0,23.0,21.0,19.0,17.0,15.0]","[72.0,140.0,210.0,278.0,348.0,415.5,485.0,553.0]","[{""value"":29.0,""pixel_y"":72.0,""text"":""29"",""confidence"":1.0,""bbox"":[25.0,58.0,59.0,86.0]},{""value"":27.0,""pixel_y"":140.0,""text"":""27"",""confidence"":0.9999998314126102,""bbox"":[25.0,126.0,59.0,154.0]},{""value"":25.0,""pixel_y"":210.0,""text"":""25"",""confidence"":0.9999998314126102,""bbox"":[25.0,196.0,59.0,224.0]},{""value"":23.0,""pixel_y"":278.0,""text"":""23"",""confidence"":0.9999995785315409,""bbox"":[25.0,263.0,59.0,293.0]},{""value"":21.0,""pixel_y"":348.0,""text"":""21"",""confidence"":1.0,""bbox"":[25.0,334.0,58.0,362.0]},{""value"":19.0,""pixel_y"":415.5,""text"":""19"",""confidence"":0.9999844899949775,""bbox"":[25.0,402.0,59.0,429.0]},{""value"":17.0,""pixel_y"":485.0,""text"":""17"",""confidence"":0.7682365478399076,""bbox"":[25.0,471.0,59.0,499.0]},{""value"":15.0,""pixel_y"":553.0,""text"":""15"",""confidence"":0.9999989884757856,""bbox"":[25.0,540.0,59.0,566.0]}]",-0.029072975035183253,31.090755881313875,0.9999892038143239,0.9162953188539924,2.0,16.158759524554853,"[71.288,34.599999999999994,1008.64,590.4]","[735,467,44,84]",null,757.0,467.0,1.9645790568229256,17.513676539883296,0.48632346011670435,0.027017970006483576,0.030096583798879313,3831|3940,27.83|8,hours|hours,2.0|1.0,False
fgmvp_0161,a812edb9bbf14bdb57c1e7ab7f75fb3293660606bb79b4551c28c38e7d673ceb,1500,bar,/data/liu_jun/finmme_reproduction/outputs/cache/phase2c_official_jpeg/1500.jpg,phase6_geometry_scale/masked_images/fgmvp_0161.png,phase6_geometry_scale/debug_overlays/fgmvp_0161.png,17,17.0,0.9102783799171448,17,0.999999915706304,"[890.0,434.0,925.0,462.0]",1178,"[29.0,27.0,25.0,23.0,21.0,19.0,17.0,15.0]","[72.0,140.0,210.0,278.0,348.0,415.5,485.0,553.0]","[{""value"":29.0,""pixel_y"":72.0,""text"":""29"",""confidence"":1.0,""bbox"":[25.0,58.0,59.0,86.0]},{""value"":27.0,""pixel_y"":140.0,""text"":""27"",""confidence"":0.9999998314126102,""bbox"":[25.0,126.0,59.0,154.0]},{""value"":25.0,""pixel_y"":210.0,""text"":""25"",""confidence"":0.9999998314126102,""bbox"":[25.0,196.0,59.0,224.0]},{""value"":23.0,""pixel_y"":278.0,""text"":""23"",""confidence"":0.9999995785315409,""bbox"":[25.0,263.0,59.0,293.0]},{""value"":21.0,""pixel_y"":348.0,""text"":""21"",""confidence"":1.0,""bbox"":[25.0,334.0,58.0,362.0]},{""value"":19.0,""pixel_y"":415.5,""text"":""19"",""confidence"":0.9999844899949775,""bbox"":[25.0,402.0,59.0,429.0]},{""value"":17.0,""pixel_y"":485.0,""text"":""17"",""confidence"":0.7682365478399076,""bbox"":[25.0,471.0,59.0,499.0]},{""value"":15.0,""pixel_y"":553.0,""text"":""15"",""confidence"":0.9999989884757856,""bbox"":[25.0,540.0,59.0,566.0]}]",-0.029072975035183253,31.090755881313875,0.9999892038143239,0.9162953188539924,2.0,16.158759524554853,"[71.288,34.599999999999994,1008.64,590.4]","[884,475,47,77]",null,907.5,475.0,2.035881653306996,17.28109273960183,0.28109273960183145,0.01653486703540185,0.017395688027579275,3831|3940,27.83|8,hours|hours,2.0|1.0,False
fgmvp_0162,d084c507f60eeed28fbd324fd2848238c397f470e50d18ad349b8f6487804697,2850,bar,/data/liu_jun/finmme_reproduction/outputs/cache/phase2c_official_jpeg/2850.jpg,phase6_geometry_scale/masked_images/fgmvp_0162.png,phase6_geometry_scale/debug_overlays/fgmvp_0162.png,6.5,6.5,0.8378026185085841,6.5,0.9993330417358394,"[958.0,119.0,1008.0,152.0]",1908,"[9.0,8.0,5.0,4.0,3.0,2.0,1.0,0.0]","[71.0,108.0,216.5,252.5,292.5,330.0,365.0,403.0]","[{""value"":9.0,""pixel_y"":71.0,""text"":""9"",""confidence"":0.9999971389790971,""bbox"":[50.0,58.0,71.0,84.0]},{""value"":8.0,""pixel_y"":108.0,""text"":""8"",""confidence"":0.4921885186293231,""bbox"":[50.0,95.0,71.0,121.0]},{""value"":5.0,""pixel_y"":216.5,""text"":""5"",""confidence"":0.9998660132469581,""bbox"":[47.0,196.0,74.0,237.0]},{""value"":4.0,""pixel_y"":252.5,""text"":""4"",""confidence"":0.999999046325911,""bbox"":[50.0,237.0,69.0,268.0]},{""value"":3.0,""pixel_y"":292.5,""text"":""3"",""confidence"":0.999993087923841,""bbox"":[50.0,279.0,71.0,306.0]},{""value"":2.0,""pixel_y"":330.0,""text"":""2"",""confidence"":0.713416714439372,""bbox"":[50.0,315.0,71.0,345.0]},{""value"":1.0,""pixel_y"":365.0,""text"":""1"",""confidence"":0.9999997615814351,""bbox"":[48.0,352.0,65.0,378.0]},{""value"":0.0,""pixel_y"":403.0,""text"":""0"",""confidence"":0.9999880791065721,""bbox"":[50.0,389.0,71.0,417.0]}]",-0.027105230175361827,10.906751464059385,0.9998818242466809,2.312499999999961,1.0,10.117027162953802,"[86.288,50.375,1008.64,423.625]","[973,166,21,236]",null,983.5,166.0,2.77771638471613,6.407283254949322,0.09271674505067828,0.014264114623181275,0.009164425829574267,3394,4.1,USD/mmbtu,0.10000000149011612,False
fgmvp_0163,d084c507f60eeed28fbd324fd2848238c397f470e50d18ad349b8f6487804697,2850,bar,/data/liu_jun/finmme_reproduction/outputs/cache/phase2c_official_jpeg/2850.jpg,phase6_geometry_scale/masked_images/fgmvp_0163.png,phase6_geometry_scale/debug_overlays/fgmvp_0163.png,6.5,6.5,0.9998329623432644,6.5,0.9996347519274601,"[892.0,119.0,941.0,152.0]",1872,"[9.0,8.0,5.0,4.0,3.0,2.0,1.0,0.0]","[71.0,108.0,216.5,252.5,292.5,330.0,365.0,403.0]","[{""value"":9.0,""pixel_y"":71.0,""text"":""9"",""confidence"":0.9999971389790971,""bbox"":[50.0,58.0,71.0,84.0]},{""value"":8.0,""pixel_y"":108.0,""text"":""8"",""confidence"":0.4921885186293231,""bbox"":[50.0,95.0,71.0,121.0]},{""value"":5.0,""pixel_y"":216.5,""text"":""5"",""confidence"":0.9998660132469581,""bbox"":[47.0,196.0,74.0,237.0]},{""value"":4.0,""pixel_y"":252.5,""text"":""4"",""confidence"":0.999999046325911,""bbox"":[50.0,237.0,69.0,268.0]},{""value"":3.0,""pixel_y"":292.5,""text"":""3"",""confidence"":0.999993087923841,""bbox"":[50.0,279.0,71.0,306.0]},{""value"":2.0,""pixel_y"":330.0,""text"":""2"",""confidence"":0.713416714439372,""bbox"":[50.0,315.0,71.0,345.0]},{""value"":1.0,""pixel_y"":365.0,""text"":""1"",""confidence"":0.9999997615814351,""bbox"":[48.0,352.0,65.0,378.0]},{""value"":0.0,""pixel_y"":403.0,""text"":""0"",""confidence"":0.9999880791065721,""bbox"":[50.0,389.0,71.0,417.0]}]",-0.027105230175361827,10.906751464059385,0.9998818242466809,2.312499999999961,1.0,10.117027162953802,"[86.288,50.375,1008.64,423.625]","[904,163,26,238]",null,917.0,163.0,2.0557707750071335,6.488598945475407,0.011401054524593057,0.001754008388398932,0.001126917457169737,3394,4.1,USD/mmbtu,0.10000000149011612,False
fgmvp_0164,d084c507f60eeed28fbd324fd2848238c397f470e50d18ad349b8f6487804697,2850,bar,/data/liu_jun/finmme_reproduction/outputs/cache/phase2c_official_jpeg/2850.jpg,phase6_geometry_scale/masked_images/fgmvp_0164.png,phase6_geometry_scale/debug_overlays/fgmvp_0164.png,6.1,6.1,0.8519657850265503,6.1,0.5890371799468994,"[761.0,137.0,803.0,168.0]",1530,"[9.0,8.0,5.0,4.0,3.0,2.0,1.0,0.0]","[71.0,108.0,216.5,252.5,292.5,330.0,365.0,403.0]","[{""value"":9.0,""pixel_y"":71.0,""text"":""9"",""confidence"":0.9999971389790971,""bbox"":[50.0,58.0,71.0,84.0]},{""value"":8.0,""pixel_y"":108.0,""text"":""8"",""confidence"":0.4921885186293231,""bbox"":[50.0,95.0,71.0,121.0]},{""value"":5.0,""pixel_y"":216.5,""text"":""5"",""confidence"":0.9998660132469581,""bbox"":[47.0,196.0,74.0,237.0]},{""value"":4.0,""pixel_y"":252.5,""text"":""4"",""confidence"":0.999999046325911,""bbox"":[50.0,237.0,69.0,268.0]},{""value"":3.0,""pixel_y"":292.5,""text"":""3"",""confidence"":0.999993087923841,""bbox"":[50.0,279.0,71.0,306.0]},{""value"":2.0,""pixel_y"":330.0,""text"":""2"",""confidence"":0.713416714439372,""bbox"":[50.0,315.0,71.0,345.0]},{""value"":1.0,""pixel_y"":365.0,""text"":""1"",""confidence"":0.9999997615814351,""bbox"":[48.0,352.0,65.0,378.0]},{""value"":0.0,""pixel_y"":403.0,""text"":""0"",""confidence"":0.9999880791065721,""bbox"":[50.0,389.0,71.0,417.0]}]",-0.027105230175361827,10.906751464059385,0.9998818242466809,2.312499999999961,1.0,10.117027162953802,"[86.288,50.375,1008.64,423.625]","[771,179,26,222]",null,784.0,179.0,2.175436332271726,6.054915262669618,0.04508473733038176,0.007390940545964224,0.004456322653305862,3394,4.1,USD/mmbtu,0.10000000149011612,False
fgmvp_0165,d084c507f60eeed28fbd324fd2848238c397f470e50d18ad349b8f6487804697,2850,bar,/data/liu_jun/finmme_reproduction/outputs/cache/phase2c_official_jpeg/2850.jpg,phase6_geometry_scale/masked_images/fgmvp_0165.png,phase6_geometry_scale/debug_overlays/fgmvp_0165.png,1.8,1.8,0.9998945600551552,1.8,0.5020543336868286,"[628.0,294.0,675.0,326.0]",1750,"[9.0,8.0,5.0,4.0,3.0,2.0,1.0,0.0]","[71.0,108.0,216.5,252.5,292.5,330.0,365.0,403.0]","[{""value"":9.0,""pixel_y"":71.0,""text"":""9"",""confidence"":0.9999971389790971,""bbox"":[50.0,58.0,71.0,84.0]},{""value"":8.0,""pixel_y"":108.0,""text"":""8"",""confidence"":0.4921885186293231,""bbox"":[50.0,95.0,71.0,121.0]},{""value"":5.0,""pixel_y"":216.5,""text"":""5"",""confidence"":0.9998660132469581,""bbox"":[47.0,196.0,74.0,237.0]},{""value"":4.0,""pixel_y"":252.5,""text"":""4"",""confidence"":0.999999046325911,""bbox"":[50.0,237.0,69.0,268.0]},{""value"":3.0,""pixel_y"":292.5,""text"":""3"",""confidence"":0.999993087923841,""bbox"":[50.0,279.0,71.0,306.0]},{""value"":2.0,""pixel_y"":330.0,""text"":""2"",""confidence"":0.713416714439372,""bbox"":[50.0,315.0,71.0,345.0]},{""value"":1.0,""pixel_y"":365.0,""text"":""1"",""confidence"":0.9999997615814351,""bbox"":[48.0,352.0,65.0,378.0]},{""value"":0.0,""pixel_y"":403.0,""text"":""0"",""confidence"":0.9999880791065721,""bbox"":[50.0,389.0,71.0,417.0]}]",-0.027105230175361827,10.906751464059385,0.9998818242466809,2.312499999999961,1.0,10.117027162953802,"[86.288,50.375,1008.64,423.625]","[639,339,26,62]",null,652.0,339.0,1.7743982723802876,1.7180784346117246,0.08192156538827544,0.045511980771264136,0.00809739502215168,3394,4.1,USD/mmbtu,0.10000000149011612,False
fgmvp_0166,17c6c561c6276c4aab1b6bd0697280bd78983f4ae29059d03539d20ac7c11daa,4187,bar,/data/liu_jun/finmme_reproduction/outputs/cache/phase2c_official_jpeg/4187.jpg,phase6_geometry_scale/masked_images/fgmvp_0166.png,phase6_geometry_scale/debug_overlays/fgmvp_0166.png,59,59.0,0.9999918235211795,59,0.9999991570631338,"[761.0,156.0,797.0,182.0]",1131,"[120.0,100.0,80.0,60.0,40.0,20.0,0.0]","[30.0,82.0,133.5,185.5,237.5,288.5,340.0]","[{""value"":120.0,""pixel_y"":30.0,""text"":""120"",""confidence"":0.9999973846308725,""bbox"":[18.0,17.0,61.0,43.0]},{""value"":100.0,""pixel_y"":82.0,""text"":""100"",""confidence"":0.9999132803543617,""bbox"":[18.0,70.0,61.0,94.0]},{""value"":80.0,""pixel_y"":133.5,""text"":""80"",""confidence"":0.9999828884223854,""bbox"":[30.0,121.0,61.0,146.0]},{""value"":60.0,""pixel_y"":185.5,""text"":""60"",""confidence"":0.999991992108174,""bbox"":[31.0,175.0,58.0,196.0]},{""value"":40.0,""pixel_y"":237.5,""text"":""40"",""confidence"":0.9999988198884456,""bbox"":[30.0,225.0,59.0,250.0]},{""value"":20.0,""pixel_y"":288.5,""text"":""20"",""confidence"":0.9999985670074514,""bbox"":[30.0,276.0,59.0,301.0]},{""value"":0.0,""pixel_y"":340.0,""text"":""0"",""confidence"":0.48304078319321353,""bbox"":[43.0,331.0,57.0,349.0]}]",-0.38700482944125203,131.70646625504352,0.9999928360740922,0.5353440616050149,20.0,139.79872205113708,"[73.288,7.2299999999999995,1008.64,368.4625]","[767,190,18,150]",null,776.0,190.0,2.5730145373054243,58.17554866120564,0.8244513387943613,0.013973751504989175,0.005897416848294111,4187,30,million,2.0,False
fgmvp_0167,f45ed58d1cd78dd28db26df15d7293cd8c353bb6caf1c5985612876063a477fc,5368,bar,/data/liu_jun/finmme_reproduction/outputs/cache/phase2c_official_jpeg/5368.jpg,phase6_geometry_scale/masked_images/fgmvp_0167.png,phase6_geometry_scale/debug_overlays/fgmvp_0167.png,26.3,26.3,0.9890440980056272,26.3,0.6419246364045438,"[903.0,169.0,962.0,198.0]",1984,"[28.0,27.0,26.0,25.0,24.0,23.0,22.0,21.0]","[95.0,160.0,225.0,292.5,359.0,425.0,491.0,557.0]","[{""value"":28.0,""pixel_y"":95.0,""text"":""28"",""confidence"":1.0,""bbox"":[23.0,81.0,61.0,109.0]},{""value"":27.0,""pixel_y"":160.0,""text"":""27"",""confidence"":1.0,""bbox"":[23.0,146.0,59.0,174.0]},{""value"":26.0,""pixel_y"":225.0,""text"":""26"",""confidence"":0.4811068001536994,""bbox"":[23.0,210.0,59.0,240.0]},{""value"":25.0,""pixel_y"":292.5,""text"":""25"",""confidence"":0.9999993256504904,""bbox"":[22.0,278.0,59.0,307.0]},{""value"":24.0,""pixel_y"":359.0,""text"":""24"",""confidence"":1.0,""bbox"":[23.0,345.0,59.0,373.0]},{""value"":23.0,""pixel_y"":425.0,""text"":""23"",""confidence"":0.6761202812194824,""bbox"":[23.0,410.0,59.0,440.0]},{""value"":22.0,""pixel_y"":491.0,""text"":""22"",""confidence"":0.9999998314126102,""bbox"":[22.0,476.0,59.0,506.0]},{""value"":21.0,""pixel_y"":557.0,""text"":""21"",""confidence"":0.45511022051910577,""bbox"":[23.0,543.0,58.0,571.0]}]",-0.015119909928283852,29.422475676026906,0.9999840429354871,1.355559805597604,1.0,8.046816063832662,"[73.288,58.699999999999996,1008.64,590.9]","[916,208,32,349]",null,932.0,208.0,2.6071068505511836,26.277534410943865,0.022465589056135826,0.0008542049070774078,0.002791860641267792,8503,100,billion,10.0,False
fgmvp_0168,f45ed58d1cd78dd28db26df15d7293cd8c353bb6caf1c5985612876063a477fc,5368,bar,/data/liu_jun/finmme_reproduction/outputs/cache/phase2c_official_jpeg/5368.jpg,phase6_geometry_scale/masked_images/fgmvp_0168.png,phase6_geometry_scale/debug_overlays/fgmvp_0168.png,26.9,26.9,0.915821204216465,26.9,0.9096018815376877,"[804.0,130.0,859.0,158.0]",1798,"[28.0,27.0,26.0,25.0,24.0,23.0,22.0,21.0]","[95.0,160.0,225.0,292.5,359.0,425.0,491.0,557.0]","[{""value"":28.0,""pixel_y"":95.0,""text"":""28"",""confidence"":1.0,""bbox"":[23.0,81.0,61.0,109.0]},{""value"":27.0,""pixel_y"":160.0,""text"":""27"",""confidence"":1.0,""bbox"":[23.0,146.0,59.0,174.0]},{""value"":26.0,""pixel_y"":225.0,""text"":""26"",""confidence"":0.4811068001536994,""bbox"":[23.0,210.0,59.0,240.0]},{""value"":25.0,""pixel_y"":292.5,""text"":""25"",""confidence"":0.9999993256504904,""bbox"":[22.0,278.0,59.0,307.0]},{""value"":24.0,""pixel_y"":359.0,""text"":""24"",""confidence"":1.0,""bbox"":[23.0,345.0,59.0,373.0]},{""value"":23.0,""pixel_y"":425.0,""text"":""23"",""confidence"":0.6761202812194824,""bbox"":[23.0,410.0,59.0,440.0]},{""value"":22.0,""pixel_y"":491.0,""text"":""22"",""confidence"":0.9999998314126102,""bbox"":[22.0,476.0,59.0,506.0]},{""value"":21.0,""pixel_y"":557.0,""text"":""21"",""confidence"":0.45511022051910577,""bbox"":[23.0,543.0,58.0,571.0]}]",-0.015119909928283852,29.422475676026906,0.9999840429354871,1.355559805597604,1.0,8.046816063832662,"[73.288,58.699999999999996,1008.64,590.9]","[815,169,32,388]",null,831.0,169.0,2.6152535273166477,26.867210898146936,0.032789101853062164,0.00121892571944469,0.004074792016240628,8503,100,billion,10.0,False
fgmvp_0169,f45ed58d1cd78dd28db26df15d7293cd8c353bb6caf1c5985612876063a477fc,5368,bar,/data/liu_jun/finmme_reproduction/outputs/cache/phase2c_official_jpeg/5368.jpg,phase6_geometry_scale/masked_images/fgmvp_0169.png,phase6_geometry_scale/debug_overlays/fgmvp_0169.png,25.6,25.6,0.9991492629051208,25.6,0.9987571835517883,"[602.0,215.0,659.0,245.0]",1980,"[28.0,27.0,26.0,25.0,24.0,23.0,22.0,21.0]","[95.0,160.0,225.0,292.5,359.0,425.0,491.0,557.0]","[{""value"":28.0,""pixel_y"":95.0,""text"":""28"",""confidence"":1.0,""bbox"":[23.0,81.0,61.0,109.0]},{""value"":27.0,""pixel_y"":160.0,""text"":""27"",""confidence"":1.0,""bbox"":[23.0,146.0,59.0,174.0]},{""value"":26.0,""pixel_y"":225.0,""text"":""26"",""confidence"":0.4811068001536994,""bbox"":[23.0,210.0,59.0,240.0]},{""value"":25.0,""pixel_y"":292.5,""text"":""25"",""confidence"":0.9999993256504904,""bbox"":[22.0,278.0,59.0,307.0]},{""value"":24.0,""pixel_y"":359.0,""text"":""24"",""confidence"":1.0,""bbox"":[23.0,345.0,59.0,373.0]},{""value"":23.0,""pixel_y"":425.0,""text"":""23"",""confidence"":0.6761202812194824,""bbox"":[23.0,410.0,59.0,440.0]},{""value"":22.0,""pixel_y"":491.0,""text"":""22"",""confidence"":0.9999998314126102,""bbox"":[22.0,476.0,59.0,506.0]},{""value"":21.0,""pixel_y"":557.0,""text"":""21"",""confidence"":0.45511022051910577,""bbox"":[23.0,543.0,58.0,571.0]}]",-0.015119909928283852,29.422475676026906,0.9999840429354871,1.355559805597604,1.0,8.046816063832662,"[73.288,58.699999999999996,1008.64,590.9]","[614,254,32,303]",null,630.0,254.0,2.4567038525031495,25.582018554242808,0.017981445757193626,0.000702400224890376,0.002234603800379295,8503,100,billion,10.0,False
fgmvp_0170,f45ed58d1cd78dd28db26df15d7293cd8c353bb6caf1c5985612876063a477fc,5368,bar,/data/liu_jun/finmme_reproduction/outputs/cache/phase2c_official_jpeg/5368.jpg,phase6_geometry_scale/masked_images/fgmvp_0170.png,phase6_geometry_scale/debug_overlays/fgmvp_0170.png,24.1,24.1,0.9999836683273315,24.1,0.8803472497955201,"[500.0,314.0,555.0,342.0]",1798,"[28.0,27.0,26.0,25.0,24.0,23.0,22.0,21.0]","[95.0,160.0,225.0,292.5,359.0,425.0,491.0,557.0]","[{""value"":28.0,""pixel_y"":95.0,""text"":""28"",""confidence"":1.0,""bbox"":[23.0,81.0,61.0,109.0]},{""value"":27.0,""pixel_y"":160.0,""text"":""27"",""confidence"":1.0,""bbox"":[23.0,146.0,59.0,174.0]},{""value"":26.0,""pixel_y"":225.0,""text"":""26"",""confidence"":0.4811068001536994,""bbox"":[23.0,210.0,59.0,240.0]},{""value"":25.0,""pixel_y"":292.5,""text"":""25"",""confidence"":0.9999993256504904,""bbox"":[22.0,278.0,59.0,307.0]},{""value"":24.0,""pixel_y"":359.0,""text"":""24"",""confidence"":1.0,""bbox"":[23.0,345.0,59.0,373.0]},{""value"":23.0,""pixel_y"":425.0,""text"":""23"",""confidence"":0.6761202812194824,""bbox"":[23.0,410.0,59.0,440.0]},{""value"":22.0,""pixel_y"":491.0,""text"":""22"",""confidence"":0.9999998314126102,""bbox"":[22.0,476.0,59.0,506.0]},{""value"":21.0,""pixel_y"":557.0,""text"":""21"",""confidence"":0.45511022051910577,""bbox"":[23.0,543.0,58.0,571.0]}]",-0.015119909928283852,29.422475676026906,0.9999840429354871,1.355559805597604,1.0,8.046816063832662,"[73.288,58.699999999999996,1008.64,590.9]","[513,353,32,204]",null,529.0,353.0,2.3347816621679356,24.085147471342708,0.014852528657293362,0.0006162874961532515,0.0018457646526866393,8503,100,billion,10.0,False
fgmvp_0171,6acbf26d07dab53f18d0e6ff9eb6114d7981fa6bbab42c5bc68929ebacf0de1b,908,bar,/data/liu_jun/finmme_reproduction/outputs/cache/phase2c_official_jpeg/908.jpg,phase6_geometry_scale/masked_images/fgmvp_0171.png,phase6_geometry_scale/debug_overlays/fgmvp_0171.png,13.7,13.7,0.6825625952203613,13.7,0.999939501285553,"[608.0,131.0,665.0,167.0]",2340,"[16.0,14.0,12.0,10.0,8.0,6.0,4.0,2.0,0.0]","[111.5,167.5,225.5,282.0,338.5,395.5,452.5,509.0,566.5]","[{""value"":16.0,""pixel_y"":111.5,""text"":""16.0"",""confidence"":0.6366926050006227,""bbox"":[25.0,95.0,82.0,128.0]},{""value"":14.0,""pixel_y"":167.5,""text"":""14.0"",""confidence"":0.9295142224544448,""bbox"":[23.0,151.0,82.0,184.0]},{""value"":12.0,""pixel_y"":225.5,""text"":""12.0"",""confidence"":0.9594310430081516,""bbox"":[25.0,209.0,82.0,242.0]},{""value"":10.0,""pixel_y"":282.0,""text"":""10.0"",""confidence"":0.8331913088115781,""bbox"":[24.0,264.0,83.0,300.0]},{""value"":8.0,""pixel_y"":338.5,""text"":""8.0"",""confidence"":0.999820436390314,""bbox"":[36.0,322.0,82.0,355.0]},{""value"":6.0,""pixel_y"":395.5,""text"":""6.0"",""confidence"":0.9999040578481491,""bbox"":[35.0,377.0,83.0,414.0]},{""value"":4.0,""pixel_y"":452.5,""text"":""4.0"",""confidence"":0.9992945029917275,""bbox"":[36.0,436.0,82.0,469.0]},{""value"":2.0,""pixel_y"":509.0,""text"":""2.0"",""confidence"":0.9960819482803345,""bbox"":[35.0,491.0,83.0,527.0]},{""value"":0.0,""pixel_y"":566.5,""text"":""0.0"",""confidence"":0.9999284906320417,""bbox"":[38.0,551.0,82.0,582.0]}]",-0.035169809030158844,19.91279586982658,0.9999949034241832,0.6213527419564933,2.0,18.19773843742994,"[95.288,80.2875,1008.64,597.7125]","[619,179,38,388]",null,638.0,179.0,2.902837479014094,13.617400053428149,0.08259994657185032,0.006029193180427031,0.004539022629424928,908,35,percentage,3.0,False
fgmvp_0172,6acbf26d07dab53f18d0e6ff9eb6114d7981fa6bbab42c5bc68929ebacf0de1b,908,bar,/data/liu_jun/finmme_reproduction/outputs/cache/phase2c_official_jpeg/908.jpg,phase6_geometry_scale/masked_images/fgmvp_0172.png,phase6_geometry_scale/debug_overlays/fgmvp_0172.png,7.5,7.5,0.9879277635642002,7.5,0.9713431253634729,"[910.0,308.0,955.0,341.0]",1728,"[16.0,14.0,12.0,10.0,8.0,6.0,4.0,2.0,0.0]","[111.5,167.5,225.5,282.0,338.5,395.5,452.5,509.0,566.5]","[{""value"":16.0,""pixel_y"":111.5,""text"":""16.0"",""confidence"":0.6366926050006227,""bbox"":[25.0,95.0,82.0,128.0]},{""value"":14.0,""pixel_y"":167.5,""text"":""14.0"",""confidence"":0.9295142224544448,""bbox"":[23.0,151.0,82.0,184.0]},{""value"":12.0,""pixel_y"":225.5,""text"":""12.0"",""confidence"":0.9594310430081516,""bbox"":[25.0,209.0,82.0,242.0]},{""value"":10.0,""pixel_y"":282.0,""text"":""10.0"",""confidence"":0.8331913088115781,""bbox"":[24.0,264.0,83.0,300.0]},{""value"":8.0,""pixel_y"":338.5,""text"":""8.0"",""confidence"":0.999820436390314,""bbox"":[36.0,322.0,82.0,355.0]},{""value"":6.0,""pixel_y"":395.5,""text"":""6.0"",""confidence"":0.9999040578481491,""bbox"":[35.0,377.0,83.0,414.0]},{""value"":4.0,""pixel_y"":452.5,""text"":""4.0"",""confidence"":0.9992945029917275,""bbox"":[36.0,436.0,82.0,469.0]},{""value"":2.0,""pixel_y"":509.0,""text"":""2.0"",""confidence"":0.9960819482803345,""bbox"":[35.0,491.0,83.0,527.0]},{""value"":0.0,""pixel_y"":566.5,""text"":""0.0"",""confidence"":0.9999284906320417,""bbox"":[38.0,551.0,82.0,582.0]}]",-0.035169809030158844,19.91279586982658,0.9999949034241832,0.6213527419564933,2.0,18.19773843742994,"[95.288,80.2875,1008.64,597.7125]","[914,356,37,211]",null,932.5,356.0,2.5534933099200336,7.392343855090033,0.10765614490996711,0.014354152654662281,0.005915907917905613,908,35,percentage,3.0,False
fgmvp_0173,6acbf26d07dab53f18d0e6ff9eb6114d7981fa6bbab42c5bc68929ebacf0de1b,908,bar,/data/liu_jun/finmme_reproduction/outputs/cache/phase2c_official_jpeg/908.jpg,phase6_geometry_scale/masked_images/fgmvp_0173.png,phase6_geometry_scale/debug_overlays/fgmvp_0173.png,6.3,6.3,0.9942634701728821,6.3,0.8721153140068054,"[812.0,342.0,856.0,374.0]",1645,"[16.0,14.0,12.0,10.0,8.0,6.0,4.0,2.0,0.0]","[111.5,167.5,225.5,282.0,338.5,395.5,452.5,509.0,566.5]","[{""value"":16.0,""pixel_y"":111.5,""text"":""16.0"",""confidence"":0.6366926050006227,""bbox"":[25.0,95.0,82.0,128.0]},{""value"":14.0,""pixel_y"":167.5,""text"":""14.0"",""confidence"":0.9295142224544448,""bbox"":[23.0,151.0,82.0,184.0]},{""value"":12.0,""pixel_y"":225.5,""text"":""12.0"",""confidence"":0.9594310430081516,""bbox"":[25.0,209.0,82.0,242.0]},{""value"":10.0,""pixel_y"":282.0,""text"":""10.0"",""confidence"":0.8331913088115781,""bbox"":[24.0,264.0,83.0,300.0]},{""value"":8.0,""pixel_y"":338.5,""text"":""8.0"",""confidence"":0.999820436390314,""bbox"":[36.0,322.0,82.0,355.0]},{""value"":6.0,""pixel_y"":395.5,""text"":""6.0"",""confidence"":0.9999040578481491,""bbox"":[35.0,377.0,83.0,414.0]},{""value"":4.0,""pixel_y"":452.5,""text"":""4.0"",""confidence"":0.9992945029917275,""bbox"":[36.0,436.0,82.0,469.0]},{""value"":2.0,""pixel_y"":509.0,""text"":""2.0"",""confidence"":0.9960819482803345,""bbox"":[35.0,491.0,83.0,527.0]},{""value"":0.0,""pixel_y"":566.5,""text"":""0.0"",""confidence"":0.9999284906320417,""bbox"":[38.0,551.0,82.0,582.0]}]",-0.035169809030158844,19.91279586982658,0.9999949034241832,0.6213527419564933,2.0,18.19773843742994,"[95.288,80.2875,1008.64,597.7125]","[815,389,38,177]",null,834.0,389.0,2.4904851986966032,6.231740157094791,0.06825984290520903,0.01083489569923953,0.0037510069253885456,908,35,percentage,3.0,False
fgmvp_0174,6acbf26d07dab53f18d0e6ff9eb6114d7981fa6bbab42c5bc68929ebacf0de1b,908,bar,/data/liu_jun/finmme_reproduction/outputs/cache/phase2c_official_jpeg/908.jpg,phase6_geometry_scale/masked_images/fgmvp_0174.png,phase6_geometry_scale/debug_overlays/fgmvp_0174.png,3.6,3.6,0.999165952205658,3.6,0.9994628361849822,"[222.0,420.0,267.0,453.0]",1728,"[16.0,14.0,12.0,10.0,8.0,6.0,4.0,2.0,0.0]","[111.5,167.5,225.5,282.0,338.5,395.5,452.5,509.0,566.5]","[{""value"":16.0,""pixel_y"":111.5,""text"":""16.0"",""confidence"":0.6366926050006227,""bbox"":[25.0,95.0,82.0,128.0]},{""value"":14.0,""pixel_y"":167.5,""text"":""14.0"",""confidence"":0.9295142224544448,""bbox"":[23.0,151.0,82.0,184.0]},{""value"":12.0,""pixel_y"":225.5,""text"":""12.0"",""confidence"":0.9594310430081516,""bbox"":[25.0,209.0,82.0,242.0]},{""value"":10.0,""pixel_y"":282.0,""text"":""10.0"",""confidence"":0.8331913088115781,""bbox"":[24.0,264.0,83.0,300.0]},{""value"":8.0,""pixel_y"":338.5,""text"":""8.0"",""confidence"":0.999820436390314,""bbox"":[36.0,322.0,82.0,355.0]},{""value"":6.0,""pixel_y"":395.5,""text"":""6.0"",""confidence"":0.9999040578481491,""bbox"":[35.0,377.0,83.0,414.0]},{""value"":4.0,""pixel_y"":452.5,""text"":""4.0"",""confidence"":0.9992945029917275,""bbox"":[36.0,436.0,82.0,469.0]},{""value"":2.0,""pixel_y"":509.0,""text"":""2.0"",""confidence"":0.9960819482803345,""bbox"":[35.0,491.0,83.0,527.0]},{""value"":0.0,""pixel_y"":566.5,""text"":""0.0"",""confidence"":0.9999284906320417,""bbox"":[38.0,551.0,82.0,582.0]}]",-0.035169809030158844,19.91279586982658,0.9999949034241832,0.6213527419564933,2.0,18.19773843742994,"[95.288,80.2875,1008.64,597.7125]","[226,467,38,100]",null,245.0,467.0,2.265892501231876,3.488495052742401,0.11150494725759907,0.030973596460444185,0.006127406855582153,908,35,percentage,3.0,False
fgmvp_0175,6acbf26d07dab53f18d0e6ff9eb6114d7981fa6bbab42c5bc68929ebacf0de1b,908,bar,/data/liu_jun/finmme_reproduction/outputs/cache/phase2c_official_jpeg/908.jpg,phase6_geometry_scale/masked_images/fgmvp_0175.png,phase6_geometry_scale/debug_overlays/fgmvp_0175.png,1.4,1.4,0.9915579027405409,1.4,0.9394899290068567,"[126.0,481.0,168.0,512.0]",1530,"[16.0,14.0,12.0,10.0,8.0,6.0,4.0,2.0,0.0]","[111.5,167.5,225.5,282.0,338.5,395.5,452.5,509.0,566.5]","[{""value"":16.0,""pixel_y"":111.5,""text"":""16.0"",""confidence"":0.6366926050006227,""bbox"":[25.0,95.0,82.0,128.0]},{""value"":14.0,""pixel_y"":167.5,""text"":""14.0"",""confidence"":0.9295142224544448,""bbox"":[23.0,151.0,82.0,184.0]},{""value"":12.0,""pixel_y"":225.5,""text"":""12.0"",""confidence"":0.9594310430081516,""bbox"":[25.0,209.0,82.0,242.0]},{""value"":10.0,""pixel_y"":282.0,""text"":""10.0"",""confidence"":0.8331913088115781,""bbox"":[24.0,264.0,83.0,300.0]},{""value"":8.0,""pixel_y"":338.5,""text"":""8.0"",""confidence"":0.999820436390314,""bbox"":[36.0,322.0,82.0,355.0]},{""value"":6.0,""pixel_y"":395.5,""text"":""6.0"",""confidence"":0.9999040578481491,""bbox"":[35.0,377.0,83.0,414.0]},{""value"":4.0,""pixel_y"":452.5,""text"":""4.0"",""confidence"":0.9992945029917275,""bbox"":[36.0,436.0,82.0,469.0]},{""value"":2.0,""pixel_y"":509.0,""text"":""2.0"",""confidence"":0.9960819482803345,""bbox"":[35.0,491.0,83.0,527.0]},{""value"":0.0,""pixel_y"":566.5,""text"":""0.0"",""confidence"":0.9999284906320417,""bbox"":[38.0,551.0,82.0,582.0]}]",-0.035169809030158844,19.91279586982658,0.9999949034241832,0.6213527419564933,2.0,18.19773843742994,"[95.288,80.2875,1008.64,597.7125]","[128,529,37,37]",null,146.5,529.0,2.1812946174969334,1.3079668928725532,0.09203310712744672,0.06573793366246194,0.005057392567976954,908,35,percentage,3.0,False
fgmvp_0176,27e5374d78e0474e0505c409414bbecb66f6b62dc1a83f43a0262ce91c62e6c4,3015,bar,/data/liu_jun/finmme_reproduction/outputs/cache/phase2c_official_jpeg/3015.jpg,phase6_geometry_scale/masked_images/fgmvp_0176.png,phase6_geometry_scale/debug_overlays/fgmvp_0176.png,41%,41.0,0.998699963092804,41%,0.7684707045555115,"[603.0,137.0,679.0,174.0]",3240,"[50.0,45.0,40.0,35.0,30.0,25.0,20.0,15.0,10.0,5.0,0.0]","[57.0,128.0,198.0,268.0,339.0,409.0,479.0,548.0,619.0,688.5,759.0]","[{""value"":50.0,""pixel_y"":57.0,""text"":""50%"",""confidence"":0.892297495856531,""bbox"":[30.0,38.0,107.0,76.0]},{""value"":45.0,""pixel_y"":128.0,""text"":""45%"",""confidence"":0.9840295728156496,""bbox"":[30.0,109.0,107.0,147.0]},{""value"":40.0,""pixel_y"":198.0,""text"":""40%"",""confidence"":0.9973312176280473,""bbox"":[30.0,179.0,105.0,217.0]},{""value"":35.0,""pixel_y"":268.0,""text"":""35%"",""confidence"":0.8159369230270386,""bbox"":[30.0,249.0,107.0,287.0]},{""value"":30.0,""pixel_y"":339.0,""text"":""30%"",""confidence"":0.9290185570716858,""bbox"":[30.0,320.0,107.0,358.0]},{""value"":25.0,""pixel_y"":409.0,""text"":""25%"",""confidence"":0.9742114019788831,""bbox"":[30.0,390.0,105.0,428.0]},{""value"":20.0,""pixel_y"":479.0,""text"":""20%"",""confidence"":0.9883490587557929,""bbox"":[30.0,461.0,107.0,497.0]},{""value"":15.0,""pixel_y"":548.0,""text"":""15%"",""confidence"":0.5153678059577942,""bbox"":[32.0,529.0,107.0,567.0]},{""value"":10.0,""pixel_y"":619.0,""text"":""10%"",""confidence"":0.9971709821068188,""bbox"":[32.0,600.0,107.0,638.0]},{""value"":5.0,""pixel_y"":688.5,""text"":""5%"",""confidence"":0.596457886715725,""bbox"":[48.0,670.0,107.0,707.0]},{""value"":0.0,""pixel_y"":759.0,""text"":""0%"",""confidence"":0.9921652385044526,""bbox"":[48.0,741.0,107.0,777.0]}]",-0.07128938399302368,54.11523250805987,0.9999956318294142,0.7275790962120307,5.0,55.53443013056544,"[119.288,18.5,1008.64,797.5]","[629,187,27,572]",null,642.5,187.0,2.5740501322968465,40.784117701364444,0.21588229863555597,0.00526542191794039,0.003887359573655499,6344,44.5,percentage,3.0,False
fgmvp_0177,27e5374d78e0474e0505c409414bbecb66f6b62dc1a83f43a0262ce91c62e6c4,3015,bar,/data/liu_jun/finmme_reproduction/outputs/cache/phase2c_official_jpeg/3015.jpg,phase6_geometry_scale/masked_images/fgmvp_0177.png,phase6_geometry_scale/debug_overlays/fgmvp_0177.png,41%,41.0,0.9998321364556092,41%,0.9989166962068579,"[390.0,141.0,467.0,177.0]",3198,"[50.0,45.0,40.0,35.0,30.0,25.0,20.0,15.0,10.0,5.0,0.0]","[57.0,128.0,198.0,268.0,339.0,409.0,479.0,548.0,619.0,688.5,759.0]","[{""value"":50.0,""pixel_y"":57.0,""text"":""50%"",""confidence"":0.892297495856531,""bbox"":[30.0,38.0,107.0,76.0]},{""value"":45.0,""pixel_y"":128.0,""text"":""45%"",""confidence"":0.9840295728156496,""bbox"":[30.0,109.0,107.0,147.0]},{""value"":40.0,""pixel_y"":198.0,""text"":""40%"",""confidence"":0.9973312176280473,""bbox"":[30.0,179.0,105.0,217.0]},{""value"":35.0,""pixel_y"":268.0,""text"":""35%"",""confidence"":0.8159369230270386,""bbox"":[30.0,249.0,107.0,287.0]},{""value"":30.0,""pixel_y"":339.0,""text"":""30%"",""confidence"":0.9290185570716858,""bbox"":[30.0,320.0,107.0,358.0]},{""value"":25.0,""pixel_y"":409.0,""text"":""25%"",""confidence"":0.9742114019788831,""bbox"":[30.0,390.0,105.0,428.0]},{""value"":20.0,""pixel_y"":479.0,""text"":""20%"",""confidence"":0.9883490587557929,""bbox"":[30.0,461.0,107.0,497.0]},{""value"":15.0,""pixel_y"":548.0,""text"":""15%"",""confidence"":0.5153678059577942,""bbox"":[32.0,529.0,107.0,567.0]},{""value"":10.0,""pixel_y"":619.0,""text"":""10%"",""confidence"":0.9971709821068188,""bbox"":[32.0,600.0,107.0,638.0]},{""value"":5.0,""pixel_y"":688.5,""text"":""5%"",""confidence"":0.596457886715725,""bbox"":[48.0,670.0,107.0,707.0]},{""value"":0.0,""pixel_y"":759.0,""text"":""0%"",""confidence"":0.9921652385044526,""bbox"":[48.0,741.0,107.0,777.0]}]",-0.07128938399302368,54.11523250805987,0.9999956318294142,0.7275790962120307,5.0,55.53443013056544,"[119.288,18.5,1008.64,797.5]","[412,191,33,572]",null,428.5,191.0,2.406145645324891,40.49896016539235,0.5010398346076528,0.012220483770918361,0.0090221477636427,6344,44.5,percentage,3.0,False
fgmvp_0178,18bb8b3f69e5fc0f73dbc3c6ed1ad5be56eb13eec281030ca09805d9b2333be6,2214,bar,/data/liu_jun/finmme_reproduction/outputs/cache/phase2c_official_jpeg/2214.jpg,phase6_geometry_scale/masked_images/fgmvp_0178.png,phase6_geometry_scale/debug_overlays/fgmvp_0178.png,100.4,100.4,0.7154467208603159,100.4,0.998680264862925,"[201.0,125.0,273.0,161.0]",2925,"[120.0,100.0,80.0,60.0,40.0,20.0,0.0]","[110.0,173.0,235.5,298.5,362.0,425.5,488.5]","[{""value"":120.0,""pixel_y"":110.0,""text"":""120"",""confidence"":0.9999983481878129,""bbox"":[25.0,94.0,74.0,126.0]},{""value"":100.0,""pixel_y"":173.0,""text"":""100"",""confidence"":0.9998348205908225,""bbox"":[24.0,155.0,75.0,191.0]},{""value"":80.0,""pixel_y"":235.5,""text"":""80"",""confidence"":0.9999408263374898,""bbox"":[35.0,217.0,75.0,254.0]},{""value"":60.0,""pixel_y"":298.5,""text"":""60"",""confidence"":0.9999043279943808,""bbox"":[36.0,282.0,74.0,315.0]},{""value"":40.0,""pixel_y"":362.0,""text"":""40"",""confidence"":0.7404236741195012,""bbox"":[36.0,346.0,74.0,378.0]},{""value"":20.0,""pixel_y"":425.5,""text"":""20"",""confidence"":0.9999985670074514,""bbox"":[36.0,409.0,74.0,442.0]},{""value"":0.0,""pixel_y"":488.5,""text"":""0"",""confidence"":0.9999735357128117,""bbox"":[53.0,477.0,69.0,500.0]}]",-0.3169194070540124,154.75890270914965,0.9999939147579291,0.4999999999998484,20.0,141.91651047878673,"[87.288,75.35,1008.64,523.15]","[219,174,40,313]",null,239.0,174.0,2.8565104646464388,99.6149258817515,0.7850741182485024,0.00781946332916835,0.005531943503964981,2560,203.2,percentage,10.0,False
fgmvp_0179,18bb8b3f69e5fc0f73dbc3c6ed1ad5be56eb13eec281030ca09805d9b2333be6,2214,bar,/data/liu_jun/finmme_reproduction/outputs/cache/phase2c_official_jpeg/2214.jpg,phase6_geometry_scale/masked_images/fgmvp_0179.png,phase6_geometry_scale/debug_overlays/fgmvp_0179.png,35.6,35.6,0.9933347105979919,35.6,0.9988228678703308,"[902.0,332.0,960.0,365.0]",2196,"[120.0,100.0,80.0,60.0,40.0,20.0,0.0]","[110.0,173.0,235.5,298.5,362.0,425.5,488.5]","[{""value"":120.0,""pixel_y"":110.0,""text"":""120"",""confidence"":0.9999983481878129,""bbox"":[25.0,94.0,74.0,126.0]},{""value"":100.0,""pixel_y"":173.0,""text"":""100"",""confidence"":0.9998348205908225,""bbox"":[24.0,155.0,75.0,191.0]},{""value"":80.0,""pixel_y"":235.5,""text"":""80"",""confidence"":0.9999408263374898,""bbox"":[35.0,217.0,75.0,254.0]},{""value"":60.0,""pixel_y"":298.5,""text"":""60"",""confidence"":0.9999043279943808,""bbox"":[36.0,282.0,74.0,315.0]},{""value"":40.0,""pixel_y"":362.0,""text"":""40"",""confidence"":0.7404236741195012,""bbox"":[36.0,346.0,74.0,378.0]},{""value"":20.0,""pixel_y"":425.5,""text"":""20"",""confidence"":0.9999985670074514,""bbox"":[36.0,409.0,74.0,442.0]},{""value"":0.0,""pixel_y"":488.5,""text"":""0"",""confidence"":0.9999735357128117,""bbox"":[53.0,477.0,69.0,500.0]}]",-0.3169194070540124,154.75890270914965,0.9999939147579291,0.4999999999998484,20.0,141.91651047878673,"[87.288,75.35,1008.64,523.15]","[912,378,40,109]",null,932.0,378.0,2.4020984489770716,34.96336684273297,0.6366331572670347,0.01788295385581558,0.0044859696389039725,2560,203.2,percentage,10.0,False
fgmvp_0180,18bb8b3f69e5fc0f73dbc3c6ed1ad5be56eb13eec281030ca09805d9b2333be6,2214,bar,/data/liu_jun/finmme_reproduction/outputs/cache/phase2c_official_jpeg/2214.jpg,phase6_geometry_scale/masked_images/fgmvp_0180.png,phase6_geometry_scale/debug_overlays/fgmvp_0180.png,16.4,16.4,0.9997857213020325,16.4,0.9992477297782898,"[606.0,391.0,662.0,424.0]",2124,"[120.0,100.0,80.0,60.0,40.0,20.0,0.0]","[110.0,173.0,235.5,298.5,362.0,425.5,488.5]","[{""value"":120.0,""pixel_y"":110.0,""text"":""120"",""confidence"":0.9999983481878129,""bbox"":[25.0,94.0,74.0,126.0]},{""value"":100.0,""pixel_y"":173.0,""text"":""100"",""confidence"":0.9998348205908225,""bbox"":[24.0,155.0,75.0,191.0]},{""value"":80.0,""pixel_y"":235.5,""text"":""80"",""confidence"":0.9999408263374898,""bbox"":[35.0,217.0,75.0,254.0]},{""value"":60.0,""pixel_y"":298.5,""text"":""60"",""confidence"":0.9999043279943808,""bbox"":[36.0,282.0,74.0,315.0]},{""value"":40.0,""pixel_y"":362.0,""text"":""40"",""confidence"":0.7404236741195012,""bbox"":[36.0,346.0,74.0,378.0]},{""value"":20.0,""pixel_y"":425.5,""text"":""20"",""confidence"":0.9999985670074514,""bbox"":[36.0,409.0,74.0,442.0]},{""value"":0.0,""pixel_y"":488.5,""text"":""0"",""confidence"":0.9999735357128117,""bbox"":[53.0,477.0,69.0,500.0]}]",-0.3169194070540124,154.75890270914965,0.9999939147579291,0.4999999999998484,20.0,141.91651047878673,"[87.288,75.35,1008.64,523.15]","[615,438,40,49]",null,635.0,438.0,2.2224131754308187,15.948202419492219,0.45179758050777963,0.027548632957791443,0.0031835448813076123,2560,203.2,percentage,10.0,False
fgmvp_0181,18bb8b3f69e5fc0f73dbc3c6ed1ad5be56eb13eec281030ca09805d9b2333be6,2214,bar,/data/liu_jun/finmme_reproduction/outputs/cache/phase2c_official_jpeg/2214.jpg,phase6_geometry_scale/masked_images/fgmvp_0181.png,phase6_geometry_scale/debug_overlays/fgmvp_0181.png,24.0,24.0,0.829572458259117,24.0,0.999620795249939,"[110.0,369.0,166.0,402.0]",2124,"[120.0,100.0,80.0,60.0,40.0,20.0]","[110.0,173.0,235.5,298.5,362.0,425.5]","[{""value"":120.0,""pixel_y"":110.0,""text"":""120"",""confidence"":0.9999983481878129,""bbox"":[25.0,94.0,74.0,126.0]},{""value"":100.0,""pixel_y"":173.0,""text"":""100"",""confidence"":0.9998348205908225,""bbox"":[24.0,155.0,75.0,191.0]},{""value"":80.0,""pixel_y"":235.5,""text"":""80"",""confidence"":0.9999408263374898,""bbox"":[35.0,217.0,75.0,254.0]},{""value"":60.0,""pixel_y"":298.5,""text"":""60"",""confidence"":0.9999043279943808,""bbox"":[36.0,282.0,74.0,315.0]},{""value"":40.0,""pixel_y"":362.0,""text"":""40"",""confidence"":0.7404236741195012,""bbox"":[36.0,346.0,74.0,378.0]},{""value"":20.0,""pixel_y"":425.5,""text"":""20"",""confidence"":0.9999985670074514,""bbox"":[36.0,409.0,74.0,442.0]}]",-0.3170979729790389,154.7972829408114,0.9999911076446125,0.45266138165374004,20.0,122.01930000233415,"[87.288,75.35,1008.64,460.15]","[119,414,40,46]",null,139.0,414.0,2.121909390661939,23.518722127489298,0.4812778725107023,0.02005324468794593,0.003944276622644908,2560,203.2,percentage,10.0,False
fgmvp_0182,da8227279fa53d8478e6d3278ee08bf02b508e108a5f6e96efffd4b1649dc0fe,3129,bar,/data/liu_jun/finmme_reproduction/outputs/cache/phase2c_official_jpeg/3129.jpg,phase6_geometry_scale/masked_images/fgmvp_0182.png,phase6_geometry_scale/debug_overlays/fgmvp_0182.png,688,688.0,0.9999834130692158,688,0.999928421807186,"[611.0,97.0,663.0,134.0]",2200,"[800.0,650.0,500.0,350.0,200.0,50.0,-100.0,-250.0,-400.0,-700.0]","[111.0,154.5,197.5,241.5,282.5,327.5,369.5,414.0,455.5,542.0]","[{""value"":800.0,""pixel_y"":111.0,""text"":""800"",""confidence"":0.9996279385380206,""bbox"":[30.0,93.0,84.0,129.0]},{""value"":650.0,""pixel_y"":154.5,""text"":""650"",""confidence"":0.9999777005663172,""bbox"":[31.0,138.0,83.0,171.0]},{""value"":500.0,""pixel_y"":197.5,""text"":""500"",""confidence"":0.9997662722094117,""bbox"":[31.0,182.0,83.0,213.0]},{""value"":350.0,""pixel_y"":241.5,""text"":""350"",""confidence"":0.7524865865707397,""bbox"":[31.0,225.0,83.0,258.0]},{""value"":200.0,""pixel_y"":282.5,""text"":""200"",""confidence"":0.9999873361159073,""bbox"":[31.0,266.0,83.0,299.0]},{""value"":50.0,""pixel_y"":327.5,""text"":""50"",""confidence"":0.9999431022286218,""bbox"":[46.0,311.0,83.0,344.0]},{""value"":-100.0,""pixel_y"":369.5,""text"":""-100"",""confidence"":0.6458140896680519,""bbox"":[23.0,353.0,82.0,386.0]},{""value"":-250.0,""pixel_y"":414.0,""text"":""-250"",""confidence"":0.516741931438446,""bbox"":[23.0,398.0,83.0,430.0]},{""value"":-400.0,""pixel_y"":455.5,""text"":""-400"",""confidence"":0.925976606533406,""bbox"":[23.0,439.0,83.0,472.0]},{""value"":-700.0,""pixel_y"":542.0,""text"":""-700"",""confidence"":0.8951947146509087,""bbox"":[23.0,526.0,82.0,558.0]}]",-3.48127245002608,1187.627886905573,0.9999741614750237,1.1973839545865113,150.0,1667.0073126949883,"[96.288,87.075,1008.64,565.925]","[620,147,37,194]",null,638.5,147.0,2.5701789350072324,675.8808367517393,12.119163248260747,0.01761506286084411,0.007270012048518341,4653,114,bps,10.0,False
fgmvp_0183,da8227279fa53d8478e6d3278ee08bf02b508e108a5f6e96efffd4b1649dc0fe,3129,bar,/data/liu_jun/finmme_reproduction/outputs/cache/phase2c_official_jpeg/3129.jpg,phase6_geometry_scale/masked_images/fgmvp_0183.png,phase6_geometry_scale/debug_overlays/fgmvp_0183.png,574,574.0,0.9809056520462036,574,0.9999991740938607,"[514.0,132.0,565.0,165.0]",1944,"[800.0,650.0,500.0,350.0,200.0,50.0,-100.0,-250.0,-400.0,-700.0]","[111.0,154.5,197.5,241.5,282.5,327.5,369.5,414.0,455.5,542.0]","[{""value"":800.0,""pixel_y"":111.0,""text"":""800"",""confidence"":0.9996279385380206,""bbox"":[30.0,93.0,84.0,129.0]},{""value"":650.0,""pixel_y"":154.5,""text"":""650"",""confidence"":0.9999777005663172,""bbox"":[31.0,138.0,83.0,171.0]},{""value"":500.0,""pixel_y"":197.5,""text"":""500"",""confidence"":0.9997662722094117,""bbox"":[31.0,182.0,83.0,213.0]},{""value"":350.0,""pixel_y"":241.5,""text"":""350"",""confidence"":0.7524865865707397,""bbox"":[31.0,225.0,83.0,258.0]},{""value"":200.0,""pixel_y"":282.5,""text"":""200"",""confidence"":0.9999873361159073,""bbox"":[31.0,266.0,83.0,299.0]},{""value"":50.0,""pixel_y"":327.5,""text"":""50"",""confidence"":0.9999431022286218,""bbox"":[46.0,311.0,83.0,344.0]},{""value"":-100.0,""pixel_y"":369.5,""text"":""-100"",""confidence"":0.6458140896680519,""bbox"":[23.0,353.0,82.0,386.0]},{""value"":-250.0,""pixel_y"":414.0,""text"":""-250"",""confidence"":0.516741931438446,""bbox"":[23.0,398.0,83.0,430.0]},{""value"":-400.0,""pixel_y"":455.5,""text"":""-400"",""confidence"":0.925976606533406,""bbox"":[23.0,439.0,83.0,472.0]},{""value"":-700.0,""pixel_y"":542.0,""text"":""-700"",""confidence"":0.8951947146509087,""bbox"":[23.0,526.0,82.0,558.0]}]",-3.48127245002608,1187.627886905573,0.9999741614750237,1.1973839545865113,150.0,1667.0073126949883,"[96.288,87.075,1008.64,565.925]","[522,179,37,162]",null,540.5,179.0,2.503516070029267,564.4801183509046,9.519881649095396,0.01658515966741358,0.005710761780465714,4653,114,bps,10.0,False
fgmvp_0184,da8227279fa53d8478e6d3278ee08bf02b508e108a5f6e96efffd4b1649dc0fe,3129,bar,/data/liu_jun/finmme_reproduction/outputs/cache/phase2c_official_jpeg/3129.jpg,phase6_geometry_scale/masked_images/fgmvp_0184.png,phase6_geometry_scale/debug_overlays/fgmvp_0184.png,396,396.0,0.999797931022176,396,0.9987890445068607,"[808.0,181.0,860.0,217.0]",2145,"[800.0,650.0,500.0,350.0,200.0,50.0,-100.0,-250.0,-400.0,-700.0]","[111.0,154.5,197.5,241.5,282.5,327.5,369.5,414.0,455.5,542.0]","[{""value"":800.0,""pixel_y"":111.0,""text"":""800"",""confidence"":0.9996279385380206,""bbox"":[30.0,93.0,84.0,129.0]},{""value"":650.0,""pixel_y"":154.5,""text"":""650"",""confidence"":0.9999777005663172,""bbox"":[31.0,138.0,83.0,171.0]},{""value"":500.0,""pixel_y"":197.5,""text"":""500"",""confidence"":0.9997662722094117,""bbox"":[31.0,182.0,83.0,213.0]},{""value"":350.0,""pixel_y"":241.5,""text"":""350"",""confidence"":0.7524865865707397,""bbox"":[31.0,225.0,83.0,258.0]},{""value"":200.0,""pixel_y"":282.5,""text"":""200"",""confidence"":0.9999873361159073,""bbox"":[31.0,266.0,83.0,299.0]},{""value"":50.0,""pixel_y"":327.5,""text"":""50"",""confidence"":0.9999431022286218,""bbox"":[46.0,311.0,83.0,344.0]},{""value"":-100.0,""pixel_y"":369.5,""text"":""-100"",""confidence"":0.6458140896680519,""bbox"":[23.0,353.0,82.0,386.0]},{""value"":-250.0,""pixel_y"":414.0,""text"":""-250"",""confidence"":0.516741931438446,""bbox"":[23.0,398.0,83.0,430.0]},{""value"":-400.0,""pixel_y"":455.5,""text"":""-400"",""confidence"":0.925976606533406,""bbox"":[23.0,439.0,83.0,472.0]},{""value"":-700.0,""pixel_y"":542.0,""text"":""-700"",""confidence"":0.8951947146509087,""bbox"":[23.0,526.0,82.0,558.0]}]",-3.48127245002608,1187.627886905573,0.9999741614750237,1.1973839545865113,150.0,1667.0073126949883,"[96.288,87.075,1008.64,565.925]","[814,230,39,111]",null,833.5,230.0,2.3378039974268097,386.9352233995745,9.064776600425489,0.022890850001074468,0.0054377545505609115,4653,114,bps,10.0,False
fgmvp_0185,da8227279fa53d8478e6d3278ee08bf02b508e108a5f6e96efffd4b1649dc0fe,3129,bar,/data/liu_jun/finmme_reproduction/outputs/cache/phase2c_official_jpeg/3129.jpg,phase6_geometry_scale/masked_images/fgmvp_0185.png,phase6_geometry_scale/debug_overlays/fgmvp_0185.png,142,142.0,0.9546207785606384,142,0.9999917409427199,"[417.0,255.0,467.0,288.0]",1908,"[800.0,650.0,500.0,350.0,200.0,50.0,-100.0,-250.0,-400.0,-700.0]","[111.0,154.5,197.5,241.5,282.5,327.5,369.5,414.0,455.5,542.0]","[{""value"":800.0,""pixel_y"":111.0,""text"":""800"",""confidence"":0.9996279385380206,""bbox"":[30.0,93.0,84.0,129.0]},{""value"":650.0,""pixel_y"":154.5,""text"":""650"",""confidence"":0.9999777005663172,""bbox"":[31.0,138.0,83.0,171.0]},{""value"":500.0,""pixel_y"":197.5,""text"":""500"",""confidence"":0.9997662722094117,""bbox"":[31.0,182.0,83.0,213.0]},{""value"":350.0,""pixel_y"":241.5,""text"":""350"",""confidence"":0.7524865865707397,""bbox"":[31.0,225.0,83.0,258.0]},{""value"":200.0,""pixel_y"":282.5,""text"":""200"",""confidence"":0.9999873361159073,""bbox"":[31.0,266.0,83.0,299.0]},{""value"":50.0,""pixel_y"":327.5,""text"":""50"",""confidence"":0.9999431022286218,""bbox"":[46.0,311.0,83.0,344.0]},{""value"":-100.0,""pixel_y"":369.5,""text"":""-100"",""confidence"":0.6458140896680519,""bbox"":[23.0,353.0,82.0,386.0]},{""value"":-250.0,""pixel_y"":414.0,""text"":""-250"",""confidence"":0.516741931438446,""bbox"":[23.0,398.0,83.0,430.0]},{""value"":-400.0,""pixel_y"":455.5,""text"":""-400"",""confidence"":0.925976606533406,""bbox"":[23.0,439.0,83.0,472.0]},{""value"":-700.0,""pixel_y"":542.0,""text"":""-700"",""confidence"":0.8951947146509087,""bbox"":[23.0,526.0,82.0,558.0]}]",-3.48127245002608,1187.627886905573,0.9999741614750237,1.1973839545865113,150.0,1667.0073126949883,"[96.288,87.075,1008.64,565.925]","[424,303,37,38]",null,442.5,303.0,2.23453950558486,132.80233454767063,9.197665452329375,0.0647722919178125,0.005517471568531906,4653,114,bps,10.0,False
fgmvp_0186,e287cbe2efd50476d70628382e1546ba75a85044b6a44c4e67ac434de381a16d,1664,bar,/data/liu_jun/finmme_reproduction/outputs/cache/phase2c_official_jpeg/1664.jpg,phase6_geometry_scale/masked_images/fgmvp_0186.png,phase6_geometry_scale/debug_overlays/fgmvp_0186.png,3.4,3.4,0.7848984599113464,3.4,0.9999622148876789,"[905.0,89.0,946.0,115.0]",1276,"[4.0,3.5,3.0,2.5,2.0,1.5,1.0,0.5]","[67.0,121.0,175.0,228.5,283.0,337.0,391.5,446.0]","[{""value"":4.0,""pixel_y"":67.0,""text"":""4.0"",""confidence"":0.9981206119481475,""bbox"":[31.0,54.0,70.0,80.0]},{""value"":3.5,""pixel_y"":121.0,""text"":""3.5"",""confidence"":0.999632618441209,""bbox"":[31.0,108.0,69.0,134.0]},{""value"":3.0,""pixel_y"":175.0,""text"":""3.0"",""confidence"":0.9155646562576294,""bbox"":[31.0,161.0,70.0,189.0]},{""value"":2.5,""pixel_y"":228.5,""text"":""2.5"",""confidence"":0.9994556100295622,""bbox"":[31.0,215.0,69.0,242.0]},{""value"":2.0,""pixel_y"":283.0,""text"":""2.0"",""confidence"":0.9796810746192932,""bbox"":[31.0,270.0,70.0,296.0]},{""value"":1.5,""pixel_y"":337.0,""text"":""1.5"",""confidence"":0.9941181540489197,""bbox"":[31.0,324.0,69.0,350.0]},{""value"":1.0,""pixel_y"":391.5,""text"":""1.0"",""confidence"":0.9988111257553101,""bbox"":[31.0,378.0,70.0,405.0]},{""value"":0.5,""pixel_y"":446.0,""text"":""0.5"",""confidence"":0.999445975166557,""bbox"":[30.0,433.0,69.0,459.0]}]",-0.009238832769200905,4.616296043011583,0.9999936611616033,0.5653046634404725,0.5,4.050304286017677,"[82.288,37.3,1008.64,475.7]","[903,129,38,347]",null,922.0,129.0,2.780431967179775,3.424486615784666,0.024486615784665933,0.007201945819019392,0.0060456237496026655,9478,1,percentage,2.0,False
fgmvp_0187,e287cbe2efd50476d70628382e1546ba75a85044b6a44c4e67ac434de381a16d,1664,bar,/data/liu_jun/finmme_reproduction/outputs/cache/phase2c_official_jpeg/1664.jpg,phase6_geometry_scale/masked_images/fgmvp_0187.png,phase6_geometry_scale/debug_overlays/fgmvp_0187.png,2.5,2.5,0.9995183745845534,2.5,0.9973674757792793,"[369.0,190.0,408.0,218.0]",1302,"[4.0,3.5,3.0,2.5,2.0,1.5,1.0,0.5]","[67.0,121.0,175.0,228.5,283.0,337.0,391.5,446.0]","[{""value"":4.0,""pixel_y"":67.0,""text"":""4.0"",""confidence"":0.9981206119481475,""bbox"":[31.0,54.0,70.0,80.0]},{""value"":3.5,""pixel_y"":121.0,""text"":""3.5"",""confidence"":0.999632618441209,""bbox"":[31.0,108.0,69.0,134.0]},{""value"":3.0,""pixel_y"":175.0,""text"":""3.0"",""confidence"":0.9155646562576294,""bbox"":[31.0,161.0,70.0,189.0]},{""value"":2.5,""pixel_y"":228.5,""text"":""2.5"",""confidence"":0.9994556100295622,""bbox"":[31.0,215.0,69.0,242.0]},{""value"":2.0,""pixel_y"":283.0,""text"":""2.0"",""confidence"":0.9796810746192932,""bbox"":[31.0,270.0,70.0,296.0]},{""value"":1.5,""pixel_y"":337.0,""text"":""1.5"",""confidence"":0.9941181540489197,""bbox"":[31.0,324.0,69.0,350.0]},{""value"":1.0,""pixel_y"":391.5,""text"":""1.0"",""confidence"":0.9988111257553101,""bbox"":[31.0,378.0,70.0,405.0]},{""value"":0.5,""pixel_y"":446.0,""text"":""0.5"",""confidence"":0.999445975166557,""bbox"":[30.0,433.0,69.0,459.0]}]",-0.009238832769200905,4.616296043011583,0.9999936611616033,0.5653046634404725,0.5,4.050304286017677,"[82.288,37.3,1008.64,475.7]","[367,231,38,245]",null,386.0,231.0,2.552363499984133,2.482125673326174,0.017874326673826157,0.007149730669530463,0.00441308242828355,9478,1,percentage,2.0,False
fgmvp_0188,e287cbe2efd50476d70628382e1546ba75a85044b6a44c4e67ac434de381a16d,1664,bar,/data/liu_jun/finmme_reproduction/outputs/cache/phase2c_official_jpeg/1664.jpg,phase6_geometry_scale/masked_images/fgmvp_0188.png,phase6_geometry_scale/debug_overlays/fgmvp_0188.png,2.6,2.6,0.9977392554283142,2.6,0.9996479657913797,"[548.0,175.0,587.0,203.0]",1302,"[4.0,3.5,3.0,2.5,2.0,1.5,1.0,0.5]","[67.0,121.0,175.0,228.5,283.0,337.0,391.5,446.0]","[{""value"":4.0,""pixel_y"":67.0,""text"":""4.0"",""confidence"":0.9981206119481475,""bbox"":[31.0,54.0,70.0,80.0]},{""value"":3.5,""pixel_y"":121.0,""text"":""3.5"",""confidence"":0.999632618441209,""bbox"":[31.0,108.0,69.0,134.0]},{""value"":3.0,""pixel_y"":175.0,""text"":""3.0"",""confidence"":0.9155646562576294,""bbox"":[31.0,161.0,70.0,189.0]},{""value"":2.5,""pixel_y"":228.5,""text"":""2.5"",""confidence"":0.9994556100295622,""bbox"":[31.0,215.0,69.0,242.0]},{""value"":2.0,""pixel_y"":283.0,""text"":""2.0"",""confidence"":0.9796810746192932,""bbox"":[31.0,270.0,70.0,296.0]},{""value"":1.5,""pixel_y"":337.0,""text"":""1.5"",""confidence"":0.9941181540489197,""bbox"":[31.0,324.0,69.0,350.0]},{""value"":1.0,""pixel_y"":391.5,""text"":""1.0"",""confidence"":0.9988111257553101,""bbox"":[31.0,378.0,70.0,405.0]},{""value"":0.5,""pixel_y"":446.0,""text"":""0.5"",""confidence"":0.999445975166557,""bbox"":[30.0,433.0,69.0,459.0]}]",-0.009238832769200905,4.616296043011583,0.9999936611616033,0.5653046634404725,0.5,4.050304286017677,"[82.288,37.3,1008.64,475.7]","[546,217,38,259]",null,565.0,217.0,2.5246957731853286,2.6114693320949867,0.011469332094986573,0.004411281574994836,0.0028317210967533013,9478,1,percentage,2.0,False
fgmvp_0189,e287cbe2efd50476d70628382e1546ba75a85044b6a44c4e67ac434de381a16d,1664,bar,/data/liu_jun/finmme_reproduction/outputs/cache/phase2c_official_jpeg/1664.jpg,phase6_geometry_scale/masked_images/fgmvp_0189.png,phase6_geometry_scale/debug_overlays/fgmvp_0189.png,3.0,3.0,0.6963905453281878,3.0,0.967140793800354,"[727.0,134.0,766.0,160.0]",1218,"[4.0,3.5,3.0,2.5,2.0,1.5,1.0,0.5]","[67.0,121.0,175.0,228.5,283.0,337.0,391.5,446.0]","[{""value"":4.0,""pixel_y"":67.0,""text"":""4.0"",""confidence"":0.9981206119481475,""bbox"":[31.0,54.0,70.0,80.0]},{""value"":3.5,""pixel_y"":121.0,""text"":""3.5"",""confidence"":0.999632618441209,""bbox"":[31.0,108.0,69.0,134.0]},{""value"":3.0,""pixel_y"":175.0,""text"":""3.0"",""confidence"":0.9155646562576294,""bbox"":[31.0,161.0,70.0,189.0]},{""value"":2.5,""pixel_y"":228.5,""text"":""2.5"",""confidence"":0.9994556100295622,""bbox"":[31.0,215.0,69.0,242.0]},{""value"":2.0,""pixel_y"":283.0,""text"":""2.0"",""confidence"":0.9796810746192932,""bbox"":[31.0,270.0,70.0,296.0]},{""value"":1.5,""pixel_y"":337.0,""text"":""1.5"",""confidence"":0.9941181540489197,""bbox"":[31.0,324.0,69.0,350.0]},{""value"":1.0,""pixel_y"":391.5,""text"":""1.0"",""confidence"":0.9988111257553101,""bbox"":[31.0,378.0,70.0,405.0]},{""value"":0.5,""pixel_y"":446.0,""text"":""0.5"",""confidence"":0.999445975166557,""bbox"":[30.0,433.0,69.0,459.0]}]",-0.009238832769200905,4.616296043011583,0.9999936611616033,0.5653046634404725,0.5,4.050304286017677,"[82.288,37.3,1008.64,475.7]","[725,173,38,303]",null,744.0,173.0,2.6828425192887626,3.0179779739398263,0.017977973939826253,0.005992657979942084,0.004438672423177983,9478,1,percentage,2.0,False
fgmvp_0190,e287cbe2efd50476d70628382e1546ba75a85044b6a44c4e67ac434de381a16d,1664,bar,/data/liu_jun/finmme_reproduction/outputs/cache/phase2c_official_jpeg/1664.jpg,phase6_geometry_scale/masked_images/fgmvp_0190.png,phase6_geometry_scale/debug_overlays/fgmvp_0190.png,1.4,1.4,0.9996780411834821,1.4,0.9999040578481491,"[319.0,308.0,358.0,336.0]",1302,"[4.0,3.5,3.0,2.5,2.0,1.5,1.0,0.5]","[67.0,121.0,175.0,228.5,283.0,337.0,391.5,446.0]","[{""value"":4.0,""pixel_y"":67.0,""text"":""4.0"",""confidence"":0.9981206119481475,""bbox"":[31.0,54.0,70.0,80.0]},{""value"":3.5,""pixel_y"":121.0,""text"":""3.5"",""confidence"":0.999632618441209,""bbox"":[31.0,108.0,69.0,134.0]},{""value"":3.0,""pixel_y"":175.0,""text"":""3.0"",""confidence"":0.9155646562576294,""bbox"":[31.0,161.0,70.0,189.0]},{""value"":2.5,""pixel_y"":228.5,""text"":""2.5"",""confidence"":0.9994556100295622,""bbox"":[31.0,215.0,69.0,242.0]},{""value"":2.0,""pixel_y"":283.0,""text"":""2.0"",""confidence"":0.9796810746192932,""bbox"":[31.0,270.0,70.0,296.0]},{""value"":1.5,""pixel_y"":337.0,""text"":""1.5"",""confidence"":0.9941181540489197,""bbox"":[31.0,324.0,69.0,350.0]},{""value"":1.0,""pixel_y"":391.5,""text"":""1.0"",""confidence"":0.9988111257553101,""bbox"":[31.0,378.0,70.0,405.0]},{""value"":0.5,""pixel_y"":446.0,""text"":""0.5"",""confidence"":0.999445975166557,""bbox"":[30.0,433.0,69.0,459.0]}]",-0.009238832769200905,4.616296043011583,0.9999936611616033,0.5653046634404725,0.5,4.050304286017677,"[82.288,37.3,1008.64,475.7]","[316,349,38,127]",null,335.0,349.0,2.2789547995410833,1.391943406560467,0.00805659343953291,0.005754709599666365,0.001989132882520854,9478,1,percentage,2.0,False
fgmvp_0191,e287cbe2efd50476d70628382e1546ba75a85044b6a44c4e67ac434de381a16d,1664,bar,/data/liu_jun/finmme_reproduction/outputs/cache/phase2c_official_jpeg/1664.jpg,phase6_geometry_scale/masked_images/fgmvp_0191.png,phase6_geometry_scale/debug_overlays/fgmvp_0191.png,1.2,1.2,0.9598725438117981,1.2,0.999811351646383,"[191.0,335.0,229.0,363.0]",1271,"[4.0,3.5,3.0,2.5,2.0,1.5,1.0,0.5]","[67.0,121.0,175.0,228.5,283.0,337.0,391.5,446.0]","[{""value"":4.0,""pixel_y"":67.0,""text"":""4.0"",""confidence"":0.9981206119481475,""bbox"":[31.0,54.0,70.0,80.0]},{""value"":3.5,""pixel_y"":121.0,""text"":""3.5"",""confidence"":0.999632618441209,""bbox"":[31.0,108.0,69.0,134.0]},{""value"":3.0,""pixel_y"":175.0,""text"":""3.0"",""confidence"":0.9155646562576294,""bbox"":[31.0,161.0,70.0,189.0]},{""value"":2.5,""pixel_y"":228.5,""text"":""2.5"",""confidence"":0.9994556100295622,""bbox"":[31.0,215.0,69.0,242.0]},{""value"":2.0,""pixel_y"":283.0,""text"":""2.0"",""confidence"":0.9796810746192932,""bbox"":[31.0,270.0,70.0,296.0]},{""value"":1.5,""pixel_y"":337.0,""text"":""1.5"",""confidence"":0.9941181540489197,""bbox"":[31.0,324.0,69.0,350.0]},{""value"":1.0,""pixel_y"":391.5,""text"":""1.0"",""confidence"":0.9988111257553101,""bbox"":[31.0,378.0,70.0,405.0]},{""value"":0.5,""pixel_y"":446.0,""text"":""0.5"",""confidence"":0.999445975166557,""bbox"":[30.0,433.0,69.0,459.0]}]",-0.009238832769200905,4.616296043011583,0.9999936611616033,0.5653046634404725,0.5,4.050304286017677,"[82.288,37.3,1008.64,475.7]","[189,377,37,99]",null,207.5,377.0,2.213576339169237,1.1332560890228418,0.06674391097715815,0.05561992581429846,0.0164787399325945,9478,1,percentage,2.0,False
fgmvp_0192,e287cbe2efd50476d70628382e1546ba75a85044b6a44c4e67ac434de381a16d,1664,bar,/data/liu_jun/finmme_reproduction/outputs/cache/phase2c_official_jpeg/1664.jpg,phase6_geometry_scale/masked_images/fgmvp_0192.png,phase6_geometry_scale/debug_overlays/fgmvp_0192.png,0.7,0.7,0.9999902956086355,0.7,0.8491512537002563,"[138.0,380.0,178.0,408.0]",1333,"[4.0,3.5,3.0,2.5,2.0,1.5,1.0,0.5]","[67.0,121.0,175.0,228.5,283.0,337.0,391.5,446.0]","[{""value"":4.0,""pixel_y"":67.0,""text"":""4.0"",""confidence"":0.9981206119481475,""bbox"":[31.0,54.0,70.0,80.0]},{""value"":3.5,""pixel_y"":121.0,""text"":""3.5"",""confidence"":0.999632618441209,""bbox"":[31.0,108.0,69.0,134.0]},{""value"":3.0,""pixel_y"":175.0,""text"":""3.0"",""confidence"":0.9155646562576294,""bbox"":[31.0,161.0,70.0,189.0]},{""value"":2.5,""pixel_y"":228.5,""text"":""2.5"",""confidence"":0.9994556100295622,""bbox"":[31.0,215.0,69.0,242.0]},{""value"":2.0,""pixel_y"":283.0,""text"":""2.0"",""confidence"":0.9796810746192932,""bbox"":[31.0,270.0,70.0,296.0]},{""value"":1.5,""pixel_y"":337.0,""text"":""1.5"",""confidence"":0.9941181540489197,""bbox"":[31.0,324.0,69.0,350.0]},{""value"":1.0,""pixel_y"":391.5,""text"":""1.0"",""confidence"":0.9988111257553101,""bbox"":[31.0,378.0,70.0,405.0]},{""value"":0.5,""pixel_y"":446.0,""text"":""0.5"",""confidence"":0.999445975166557,""bbox"":[30.0,433.0,69.0,459.0]}]",-0.009238832769200905,4.616296043011583,0.9999936611616033,0.5653046634404725,0.5,4.050304286017677,"[82.288,37.3,1008.64,475.7]","[138,420,38,56]",null,157.0,420.0,2.027730096110125,0.7359862799472028,0.035986279947202826,0.0514089713531469,0.008884833683097204,9478,1,percentage,2.0,False
fgmvp_0193,8031712cb555d0e625558f8a88b92a2fd55115eadc8123ebc0ef94f9da761eff,509,bar,/data/liu_jun/finmme_reproduction/outputs/cache/phase2c_official_jpeg/509.jpg,phase6_geometry_scale/masked_images/fgmvp_0193.png,phase6_geometry_scale/debug_overlays/fgmvp_0193.png,51.5,51.5,0.9968835711479187,51.5,0.9995483756065369,"[503.0,100.0,562.0,131.0]",2108,"[60.0,40.0,20.0,-40.0]","[102.5,193.0,282.0,553.0]","[{""value"":60.0,""pixel_y"":102.5,""text"":""60"",""confidence"":0.9997514269371784,""bbox"":[30.0,87.0,69.0,118.0]},{""value"":40.0,""pixel_y"":193.0,""text"":""40"",""confidence"":0.485197757606326,""bbox"":[31.0,178.0,67.0,208.0]},{""value"":20.0,""pixel_y"":282.0,""text"":""20"",""confidence"":0.9999973026027609,""bbox"":[30.0,266.0,69.0,298.0]},{""value"":-40.0,""pixel_y"":553.0,""text"":""-40"",""confidence"":0.9181286692619324,""bbox"":[23.0,538.0,67.0,568.0]}]",-0.22204479084527476,82.75540901264579,0.9999945759138976,0.6250000000000141,20.0,122.13573720444337,"[81.288,52.724999999999994,1008.64,602.775]","[513,144,39,229]",null,532.5,144.0,2.5676585442223767,50.78095913092622,0.7190408690737797,0.013961958622791839,0.005887227485843681,509,62.4,percentage,5.0,False
fgmvp_0194,8031712cb555d0e625558f8a88b92a2fd55115eadc8123ebc0ef94f9da761eff,509,bar,/data/liu_jun/finmme_reproduction/outputs/cache/phase2c_official_jpeg/509.jpg,phase6_geometry_scale/masked_images/fgmvp_0194.png,phase6_geometry_scale/debug_overlays/fgmvp_0194.png,37.6,37.6,0.995187197372502,37.6,0.8232000117782443,"[703.0,162.0,762.0,194.0]",2170,"[60.0,40.0,20.0,-40.0]","[102.5,193.0,282.0,553.0]","[{""value"":60.0,""pixel_y"":102.5,""text"":""60"",""confidence"":0.9997514269371784,""bbox"":[30.0,87.0,69.0,118.0]},{""value"":40.0,""pixel_y"":193.0,""text"":""40"",""confidence"":0.485197757606326,""bbox"":[31.0,178.0,67.0,208.0]},{""value"":20.0,""pixel_y"":282.0,""text"":""20"",""confidence"":0.9999973026027609,""bbox"":[30.0,266.0,69.0,298.0]},{""value"":-40.0,""pixel_y"":553.0,""text"":""-40"",""confidence"":0.9181286692619324,""bbox"":[23.0,538.0,67.0,568.0]}]",-0.22204479084527476,82.75540901264579,0.9999945759138976,0.6250000000000141,20.0,122.13573720444337,"[81.288,52.724999999999994,1008.64,602.775]","[713,207,38,166]",null,732.0,207.0,2.3990861222251496,36.79213730767391,0.8078626923260899,0.021485709902289624,0.006614466091720609,509,62.4,percentage,5.0,False
fgmvp_0195,8031712cb555d0e625558f8a88b92a2fd55115eadc8123ebc0ef94f9da761eff,509,bar,/data/liu_jun/finmme_reproduction/outputs/cache/phase2c_official_jpeg/509.jpg,phase6_geometry_scale/masked_images/fgmvp_0195.png,phase6_geometry_scale/debug_overlays/fgmvp_0195.png,22.6,22.6,0.9752666271479178,22.6,0.9996181130409241,"[804.0,230.0,859.0,261.0]",1972,"[60.0,40.0,20.0,-40.0]","[102.5,193.0,282.0,553.0]","[{""value"":60.0,""pixel_y"":102.5,""text"":""60"",""confidence"":0.9997514269371784,""bbox"":[30.0,87.0,69.0,118.0]},{""value"":40.0,""pixel_y"":193.0,""text"":""40"",""confidence"":0.485197757606326,""bbox"":[31.0,178.0,67.0,208.0]},{""value"":20.0,""pixel_y"":282.0,""text"":""20"",""confidence"":0.9999973026027609,""bbox"":[30.0,266.0,69.0,298.0]},{""value"":-40.0,""pixel_y"":553.0,""text"":""-40"",""confidence"":0.9181286692619324,""bbox"":[23.0,538.0,67.0,568.0]}]",-0.22204479084527476,82.75540901264579,0.9999945759138976,0.6250000000000141,20.0,122.13573720444337,"[81.288,52.724999999999994,1008.64,602.775]","[814,275,37,97]",null,832.5,275.0,2.334374319290603,21.693091530195225,0.906908469804776,0.040128693354193626,0.0074254144656014905,509,62.4,percentage,5.0,False
fgmvp_0196,8031712cb555d0e625558f8a88b92a2fd55115eadc8123ebc0ef94f9da761eff,509,bar,/data/liu_jun/finmme_reproduction/outputs/cache/phase2c_official_jpeg/509.jpg,phase6_geometry_scale/masked_images/fgmvp_0196.png,phase6_geometry_scale/debug_overlays/fgmvp_0196.png,23.4,23.4,0.8742220000216455,23.4,0.69277762196004,"[406.0,226.0,459.0,258.0]",1960,"[60.0,40.0,20.0,-40.0]","[102.5,193.0,282.0,553.0]","[{""value"":60.0,""pixel_y"":102.5,""text"":""60"",""confidence"":0.9997514269371784,""bbox"":[30.0,87.0,69.0,118.0]},{""value"":40.0,""pixel_y"":193.0,""text"":""40"",""confidence"":0.485197757606326,""bbox"":[31.0,178.0,67.0,208.0]},{""value"":20.0,""pixel_y"":282.0,""text"":""20"",""confidence"":0.9999973026027609,""bbox"":[30.0,266.0,69.0,298.0]},{""value"":-40.0,""pixel_y"":553.0,""text"":""-40"",""confidence"":0.9181286692619324,""bbox"":[23.0,538.0,67.0,568.0]}]",-0.22204479084527476,82.75540901264579,0.9999945759138976,0.6250000000000141,20.0,122.13573720444337,"[81.288,52.724999999999994,1008.64,602.775]","[413,271,39,101]",null,432.5,271.0,2.3472497984243947,22.58127069357633,0.8187293064236698,0.03498843189844743,0.006703437709252914,509,62.4,percentage,5.0,False
fgmvp_0197,8d32f550217a1239a7ee745d19d9674f435b6df08ef284499bfa9e95ad8a2d52,3830,bar,/data/liu_jun/finmme_reproduction/outputs/cache/phase2c_official_jpeg/3830.jpg,phase6_geometry_scale/masked_images/fgmvp_0197.png,phase6_geometry_scale/debug_overlays/fgmvp_0197.png,19.7,19.7,0.9999734163284302,19.7,0.9999939799308777,"[303.0,92.0,358.0,120.0]",1798,"[25.0,20.0,15.0,10.0,5.0,0.0]","[37.0,127.0,215.0,303.5,391.5,479.5]","[{""value"":25.0,""pixel_y"":37.0,""text"":""25"",""confidence"":0.999999915706304,""bbox"":[25.0,23.0,59.0,51.0]},{""value"":20.0,""pixel_y"":127.0,""text"":""20"",""confidence"":0.9999906434124514,""bbox"":[25.0,113.0,59.0,141.0]},{""value"":15.0,""pixel_y"":215.0,""text"":""15"",""confidence"":0.9999989884757856,""bbox"":[25.0,201.0,59.0,229.0]},{""value"":10.0,""pixel_y"":303.5,""text"":""10"",""confidence"":0.999993087923841,""bbox"":[25.0,290.0,59.0,317.0]},{""value"":5.0,""pixel_y"":391.5,""text"":""5"",""confidence"":0.9999941587533421,""bbox"":[37.0,379.0,58.0,404.0]},{""value"":0.0,""pixel_y"":479.5,""text"":""0"",""confidence"":0.9999892711927174,""bbox"":[39.0,469.0,57.0,490.0]}]",-0.05655124227244191,27.142059145039752,0.9999875383546947,0.8781978779554461,5.0,29.32323289931794,"[71.288,9.375,1008.64,527.9]","[315,133,30,346]",null,330.0,133.0,2.5521542079034067,19.620743922804976,0.07925607719502281,0.004023151126650904,0.0027028424003298188,8560,13.26,hours,2.0,False
fgmvp_0198,8d32f550217a1239a7ee745d19d9674f435b6df08ef284499bfa9e95ad8a2d52,3830,bar,/data/liu_jun/finmme_reproduction/outputs/cache/phase2c_official_jpeg/3830.jpg,phase6_geometry_scale/masked_images/fgmvp_0198.png,phase6_geometry_scale/debug_overlays/fgmvp_0198.png,17.3,17.3,0.9997010231018066,17.3,0.6396955539923251,"[404.0,134.0,459.0,162.0]",1798,"[25.0,20.0,15.0,10.0,5.0,0.0]","[37.0,127.0,215.0,303.5,391.5,479.5]","[{""value"":25.0,""pixel_y"":37.0,""text"":""25"",""confidence"":0.999999915706304,""bbox"":[25.0,23.0,59.0,51.0]},{""value"":20.0,""pixel_y"":127.0,""text"":""20"",""confidence"":0.9999906434124514,""bbox"":[25.0,113.0,59.0,141.0]},{""value"":15.0,""pixel_y"":215.0,""text"":""15"",""confidence"":0.9999989884757856,""bbox"":[25.0,201.0,59.0,229.0]},{""value"":10.0,""pixel_y"":303.5,""text"":""10"",""confidence"":0.999993087923841,""bbox"":[25.0,290.0,59.0,317.0]},{""value"":5.0,""pixel_y"":391.5,""text"":""5"",""confidence"":0.9999941587533421,""bbox"":[37.0,379.0,58.0,404.0]},{""value"":0.0,""pixel_y"":479.5,""text"":""0"",""confidence"":0.9999892711927174,""bbox"":[39.0,469.0,57.0,490.0]}]",-0.05655124227244191,27.142059145039752,0.9999875383546947,0.8781978779554461,5.0,29.32323289931794,"[71.288,9.375,1008.64,527.9]","[417,177,28,302]",null,431.0,177.0,2.3977442963358797,17.132489262817536,0.16751073718246445,0.00968270157124072,0.005712560335949886,8560,13.26,hours,2.0,False
fgmvp_0199,8d32f550217a1239a7ee745d19d9674f435b6df08ef284499bfa9e95ad8a2d52,3830,bar,/data/liu_jun/finmme_reproduction/outputs/cache/phase2c_official_jpeg/3830.jpg,phase6_geometry_scale/masked_images/fgmvp_0199.png,phase6_geometry_scale/debug_overlays/fgmvp_0199.png,12,12.0,0.9999994942378553,12,0.9999997471189183,"[513.0,226.0,549.0,256.0]",1287,"[25.0,20.0,15.0,10.0,5.0,0.0]","[37.0,127.0,215.0,303.5,391.5,479.5]","[{""value"":25.0,""pixel_y"":37.0,""text"":""25"",""confidence"":0.999999915706304,""bbox"":[25.0,23.0,59.0,51.0]},{""value"":20.0,""pixel_y"":127.0,""text"":""20"",""confidence"":0.9999906434124514,""bbox"":[25.0,113.0,59.0,141.0]},{""value"":15.0,""pixel_y"":215.0,""text"":""15"",""confidence"":0.9999989884757856,""bbox"":[25.0,201.0,59.0,229.0]},{""value"":10.0,""pixel_y"":303.5,""text"":""10"",""confidence"":0.999993087923841,""bbox"":[25.0,290.0,59.0,317.0]},{""value"":5.0,""pixel_y"":391.5,""text"":""5"",""confidence"":0.9999941587533421,""bbox"":[37.0,379.0,58.0,404.0]},{""value"":0.0,""pixel_y"":479.5,""text"":""0"",""confidence"":0.9999892711927174,""bbox"":[39.0,469.0,57.0,490.0]}]",-0.05655124227244191,27.142059145039752,0.9999875383546947,0.8781978779554461,5.0,29.32323289931794,"[71.288,9.375,1008.64,527.9]","[518,270,26,209]",null,531.0,270.0,2.1293454261611404,11.873223731480437,0.12677626851956347,0.010564689043296957,0.0043234069365698175,8560,13.26,hours,2.0,False
fgmvp_0200,8d32f550217a1239a7ee745d19d9674f435b6df08ef284499bfa9e95ad8a2d52,3830,bar,/data/liu_jun/finmme_reproduction/outputs/cache/phase2c_official_jpeg/3830.jpg,phase6_geometry_scale/masked_images/fgmvp_0200.png,phase6_geometry_scale/debug_overlays/fgmvp_0200.png,11,11.0,0.9999979769518709,11,0.9999994099441718,"[615.0,247.0,648.0,275.0]",1116,"[25.0,20.0,15.0,10.0,5.0,0.0]","[37.0,127.0,215.0,303.5,391.5,479.5]","[{""value"":25.0,""pixel_y"":37.0,""text"":""25"",""confidence"":0.999999915706304,""bbox"":[25.0,23.0,59.0,51.0]},{""value"":20.0,""pixel_y"":127.0,""text"":""20"",""confidence"":0.9999906434124514,""bbox"":[25.0,113.0,59.0,141.0]},{""value"":15.0,""pixel_y"":215.0,""text"":""15"",""confidence"":0.9999989884757856,""bbox"":[25.0,201.0,59.0,229.0]},{""value"":10.0,""pixel_y"":303.5,""text"":""10"",""confidence"":0.999993087923841,""bbox"":[25.0,290.0,59.0,317.0]},{""value"":5.0,""pixel_y"":391.5,""text"":""5"",""confidence"":0.9999941587533421,""bbox"":[37.0,379.0,58.0,404.0]},{""value"":0.0,""pixel_y"":479.5,""text"":""0"",""confidence"":0.9999892711927174,""bbox"":[39.0,469.0,57.0,490.0]}]",-0.05655124227244191,27.142059145039752,0.9999875383546947,0.8781978779554461,5.0,29.32323289931794,"[71.288,9.375,1008.64,527.9]","[618,287,27,192]",null,631.5,287.0,1.9692416756478472,10.911852612848925,0.08814738715107495,0.008013398831915904,0.0030060596474383037,8560,13.26,hours,2.0,False
fgmvp_0201,8d32f550217a1239a7ee745d19d9674f435b6df08ef284499bfa9e95ad8a2d52,3830,bar,/data/liu_jun/finmme_reproduction/outputs/cache/phase2c_official_jpeg/3830.jpg,phase6_geometry_scale/masked_images/fgmvp_0201.png,phase6_geometry_scale/debug_overlays/fgmvp_0201.png,5.5,5.5,0.9998507189499561,5.5,0.9991553522553485,"[711.0,343.0,754.0,371.0]",1426,"[25.0,20.0,15.0,10.0,5.0,0.0]","[37.0,127.0,215.0,303.5,391.5,479.5]","[{""value"":25.0,""pixel_y"":37.0,""text"":""25"",""confidence"":0.999999915706304,""bbox"":[25.0,23.0,59.0,51.0]},{""value"":20.0,""pixel_y"":127.0,""text"":""20"",""confidence"":0.9999906434124514,""bbox"":[25.0,113.0,59.0,141.0]},{""value"":15.0,""pixel_y"":215.0,""text"":""15"",""confidence"":0.9999989884757856,""bbox"":[25.0,201.0,59.0,229.0]},{""value"":10.0,""pixel_y"":303.5,""text"":""10"",""confidence"":0.999993087923841,""bbox"":[25.0,290.0,59.0,317.0]},{""value"":5.0,""pixel_y"":391.5,""text"":""5"",""confidence"":0.9999941587533421,""bbox"":[37.0,379.0,58.0,404.0]},{""value"":0.0,""pixel_y"":479.5,""text"":""0"",""confidence"":0.9999892711927174,""bbox"":[39.0,469.0,57.0,490.0]}]",-0.05655124227244191,27.142059145039752,0.9999875383546947,0.8781978779554461,5.0,29.32323289931794,"[71.288,9.375,1008.64,527.9]","[718,385,29,94]",null,732.5,385.0,1.732252899743453,5.369830870149617,0.1301691298503833,0.02366711451825151,0.004439112504999783,8560,13.26,hours,2.0,False
fgmvp_0202,8d32f550217a1239a7ee745d19d9674f435b6df08ef284499bfa9e95ad8a2d52,3830,bar,/data/liu_jun/finmme_reproduction/outputs/cache/phase2c_official_jpeg/3830.jpg,phase6_geometry_scale/masked_images/fgmvp_0202.png,phase6_geometry_scale/debug_overlays/fgmvp_0202.png,3.2,3.2,0.9999006166174073,3.2,0.9998439053633232,"[913.0,385.0,955.0,413.0]",1395,"[25.0,20.0,15.0,10.0,5.0,0.0]","[37.0,127.0,215.0,303.5,391.5,479.5]","[{""value"":25.0,""pixel_y"":37.0,""text"":""25"",""confidence"":0.999999915706304,""bbox"":[25.0,23.0,59.0,51.0]},{""value"":20.0,""pixel_y"":127.0,""text"":""20"",""confidence"":0.9999906434124514,""bbox"":[25.0,113.0,59.0,141.0]},{""value"":15.0,""pixel_y"":215.0,""text"":""15"",""confidence"":0.9999989884757856,""bbox"":[25.0,201.0,59.0,229.0]},{""value"":10.0,""pixel_y"":303.5,""text"":""10"",""confidence"":0.999993087923841,""bbox"":[25.0,290.0,59.0,317.0]},{""value"":5.0,""pixel_y"":391.5,""text"":""5"",""confidence"":0.9999941587533421,""bbox"":[37.0,379.0,58.0,404.0]},{""value"":0.0,""pixel_y"":479.5,""text"":""0"",""confidence"":0.9999892711927174,""bbox"":[39.0,469.0,57.0,490.0]}]",-0.05655124227244191,27.142059145039752,0.9999875383546947,0.8781978779554461,5.0,29.32323289931794,"[71.288,9.375,1008.64,527.9]","[918,425,29,54]",null,932.5,425.0,1.5153750082027704,3.1077811792519405,0.09221882074805965,0.02881838148376864,0.003144906329554292,8560,13.26,hours,2.0,False
fgmvp_0203,3ad554d70f7bfb60b34e389b9aacd1226dc40a56280011ae6cf8f462475c9c5f,4135,bar,/data/liu_jun/finmme_reproduction/outputs/cache/phase2c_official_jpeg/4135.jpg,phase6_geometry_scale/masked_images/fgmvp_0203.png,phase6_geometry_scale/debug_overlays/fgmvp_0203.png,35.6,35.6,0.9996590614318848,35.6,0.9995606541633606,"[702.0,182.0,763.0,219.0]",2560,"[60.0,50.0,40.0,30.0,20.0,10.0,0.0,-10.0]","[111.0,159.5,207.5,255.5,302.0,350.0,399.5,446.0]","[{""value"":60.0,""pixel_y"":111.0,""text"":""60"",""confidence"":0.9994415156519267,""bbox"":[30.0,93.0,70.0,129.0]},{""value"":50.0,""pixel_y"":159.5,""text"":""50"",""confidence"":0.9999705816264819,""bbox"":[31.0,143.0,69.0,176.0]},{""value"":40.0,""pixel_y"":207.5,""text"":""40"",""confidence"":0.9942865764897829,""bbox"":[31.0,191.0,69.0,224.0]},{""value"":30.0,""pixel_y"":255.5,""text"":""30"",""confidence"":0.9999981455391691,""bbox"":[31.0,239.0,69.0,272.0]},{""value"":20.0,""pixel_y"":302.0,""text"":""20"",""confidence"":1.0,""bbox"":[31.0,286.0,69.0,318.0]},{""value"":10.0,""pixel_y"":350.0,""text"":""10"",""confidence"":0.9999993256504904,""bbox"":[31.0,334.0,69.0,366.0]},{""value"":0.0,""pixel_y"":399.5,""text"":""0"",""confidence"":0.9999971389790971,""bbox"":[47.0,386.0,68.0,413.0]},{""value"":-10.0,""pixel_y"":446.0,""text"":""-10"",""confidence"":0.9265330374593324,""bbox"":[23.0,430.0,69.0,462.0]}]",-0.20900097896079342,83.28514800769125,0.9999701600517011,1.0083354068177022,10.0,81.0505796409957,"[82.288,84.6,1008.64,472.4]","[713,231,38,168]",null,732.0,231.0,2.541661639559216,35.005921867747965,0.5940781322520365,0.016687587984607767,0.007329720957992379,4135,94.5,percentage,5.0,False
fgmvp_0204,dee57608490d0ab8cdc5a974268afe9d8346124007569a648c3e44241356dcd5,4091,bar,/data/liu_jun/finmme_reproduction/outputs/cache/phase2c_official_jpeg/4091.jpg,phase6_geometry_scale/masked_images/fgmvp_0204.png,phase6_geometry_scale/debug_overlays/fgmvp_0204.png,20.0%,20.0,0.9880296784766138,20.0%,0.9977753172073234,"[856.0,75.0,897.0,93.0]",836,"[25.0,20.0,15.09,10.0,5.09,0.0]","[58.0,97.0,136.5,176.0,216.0,255.0]","[{""value"":25.0,""pixel_y"":58.0,""text"":""25.0%"",""confidence"":0.9697586051899081,""bbox"":[2.0,50.0,44.0,66.0]},{""value"":20.0,""pixel_y"":97.0,""text"":""20.0%"",""confidence"":0.6475643329590993,""bbox"":[2.0,88.0,44.0,106.0]},{""value"":15.09,""pixel_y"":136.5,""text"":""15.09"",""confidence"":0.7589448977223886,""bbox"":[2.0,128.0,44.0,145.0]},{""value"":10.0,""pixel_y"":176.0,""text"":""10.0%"",""confidence"":0.5327838246153098,""bbox"":[2.0,167.0,44.0,185.0]},{""value"":5.09,""pixel_y"":216.0,""text"":""5.09"",""confidence"":0.5712277889251709,""bbox"":[10.0,207.0,44.0,225.0]},{""value"":0.0,""pixel_y"":255.0,""text"":""0.0%"",""confidence"":0.9972343073022963,""bbox"":[10.0,247.0,44.0,263.0]}]",-0.12654148678489832,32.32319755793784,0.9999544373971522,0.7883864030282847,5.0,29.31017187655207,"[56.288,36.275,1008.64,267.9]","[862,98,35,158]",null,879.5,98.0,2.4738096499747817,19.922131853017802,0.07786814698219757,0.003893407349109879,0.0026566936321684126,4091|8754,20.3|18.3,percentage|percentage,3.0|3.0,False
fgmvp_0205,e6ea88040833848fa9bb1451629bb4cdce80de453fcd33044e43215a891b5513,1716,bar,/data/liu_jun/finmme_reproduction/outputs/cache/phase2c_official_jpeg/1716.jpg,phase6_geometry_scale/masked_images/fgmvp_0205.png,phase6_geometry_scale/debug_overlays/fgmvp_0205.png,19.8,19.8,0.8902399146701032,19.8,0.9999547004699707,"[910.0,161.0,966.0,194.0]",2124,"[25.0,20.0,15.0,10.0,5.0]","[110.0,201.5,292.5,383.5,474.5]","[{""value"":25.0,""pixel_y"":110.0,""text"":""25.0"",""confidence"":0.7525500488222776,""bbox"":[30.0,94.0,86.0,126.0]},{""value"":20.0,""pixel_y"":201.5,""text"":""20.0"",""confidence"":0.9817706570830916,""bbox"":[30.0,185.0,86.0,218.0]},{""value"":15.0,""pixel_y"":292.5,""text"":""15.0"",""confidence"":0.9979637265205383,""bbox"":[30.0,276.0,86.0,309.0]},{""value"":10.0,""pixel_y"":383.5,""text"":""10.0"",""confidence"":0.9977461695671082,""bbox"":[30.0,367.0,86.0,400.0]},{""value"":5.0,""pixel_y"":474.5,""text"":""5.0"",""confidence"":0.5403033494949341,""bbox"":[42.0,458.0,86.0,491.0]}]",-0.05488467590930234,31.048279235880003,0.9999987950674882,0.2001097694840872,5.0,25.499420427461864,"[98.288,59.949999999999996,1008.64,524.55]","[919,207,30,318]",null,934.0,207.0,2.6106410611569686,19.687151322654415,0.11284867734558546,0.005699428148766942,0.00442553891240806,9647,250,percentage,10.0,False
fgmvp_0206,e6ea88040833848fa9bb1451629bb4cdce80de453fcd33044e43215a891b5513,1716,bar,/data/liu_jun/finmme_reproduction/outputs/cache/phase2c_official_jpeg/1716.jpg,phase6_geometry_scale/masked_images/fgmvp_0206.png,phase6_geometry_scale/debug_overlays/fgmvp_0206.png,20.4,20.4,0.7883387389123144,20.4,0.6057958751732281,"[713.0,147.0,772.0,183.0]",2418,"[25.0,20.0,15.0,10.0,5.0]","[110.0,201.5,292.5,383.5,474.5]","[{""value"":25.0,""pixel_y"":110.0,""text"":""25.0"",""confidence"":0.7525500488222776,""bbox"":[30.0,94.0,86.0,126.0]},{""value"":20.0,""pixel_y"":201.5,""text"":""20.0"",""confidence"":0.9817706570830916,""bbox"":[30.0,185.0,86.0,218.0]},{""value"":15.0,""pixel_y"":292.5,""text"":""15.0"",""confidence"":0.9979637265205383,""bbox"":[30.0,276.0,86.0,309.0]},{""value"":10.0,""pixel_y"":383.5,""text"":""10.0"",""confidence"":0.9977461695671082,""bbox"":[30.0,367.0,86.0,400.0]},{""value"":5.0,""pixel_y"":474.5,""text"":""5.0"",""confidence"":0.5403033494949341,""bbox"":[42.0,458.0,86.0,491.0]}]",-0.05488467590930234,31.048279235880003,0.9999987950674882,0.2001097694840872,5.0,25.499420427461864,"[98.288,59.949999999999996,1008.64,524.55]","[725,195,30,330]",null,740.0,195.0,2.641199881992938,20.345767433566046,0.05423256643395291,0.0026584591389192604,0.0021268156501136233,9647,250,percentage,10.0,False
fgmvp_0207,828778f64c47c68f388fc85a931e37f8d1b9687f6ed8110b479545f5ceb6a580,1808,bar,/data/liu_jun/finmme_reproduction/outputs/cache/phase2c_official_jpeg/1808.jpg,phase6_geometry_scale/masked_images/fgmvp_0207.png,phase6_geometry_scale/debug_overlays/fgmvp_0207.png,44.9,44.9,0.7910170555114746,44.9,0.8124418153097505,"[600.0,107.0,660.0,143.0]",2457,"[45.0,43.0,41.0,39.0,37.0,35.0]","[150.0,228.5,307.5,386.5,466.0,545.5]","[{""value"":45.0,""pixel_y"":150.0,""text"":""45"",""confidence"":0.9999989884757856,""bbox"":[23.0,134.0,61.0,166.0]},{""value"":43.0,""pixel_y"":228.5,""text"":""43"",""confidence"":0.999999915706304,""bbox"":[23.0,212.0,61.0,245.0]},{""value"":41.0,""pixel_y"":307.5,""text"":""41"",""confidence"":0.999998651301114,""bbox"":[25.0,292.0,58.0,323.0]},{""value"":39.0,""pixel_y"":386.5,""text"":""39"",""confidence"":0.9999921606951768,""bbox"":[23.0,370.0,61.0,403.0]},{""value"":37.0,""pixel_y"":466.0,""text"":""37"",""confidence"":0.9104211073322905,""bbox"":[22.0,448.0,60.0,484.0]},{""value"":35.0,""pixel_y"":545.5,""text"":""35"",""confidence"":0.9996906357200763,""bbox"":[23.0,529.0,61.0,562.0]}]",-0.02527974485929826,48.780498047796264,0.9999944787913857,0.45347297460004926,2.0,12.194948920125483,"[73.288,106.55,1008.64,588.95]","[611,157,38,387]",null,630.0,157.0,2.7050377519685367,44.811578104886436,0.08842189511356224,0.0019693072408365755,0.007250698276205031,8597,42.7,percentage,3.0,False
fgmvp_0208,828778f64c47c68f388fc85a931e37f8d1b9687f6ed8110b479545f5ceb6a580,1808,bar,/data/liu_jun/finmme_reproduction/outputs/cache/phase2c_official_jpeg/1808.jpg,phase6_geometry_scale/masked_images/fgmvp_0208.png,phase6_geometry_scale/debug_overlays/fgmvp_0208.png,43.7,43.7,0.8859259739674697,43.7,0.48656564281614256,"[500.0,159.0,555.0,192.0]",2088,"[45.0,43.0,41.0,39.0,37.0,35.0]","[150.0,228.5,307.5,386.5,466.0,545.5]","[{""value"":45.0,""pixel_y"":150.0,""text"":""45"",""confidence"":0.9999989884757856,""bbox"":[23.0,134.0,61.0,166.0]},{""value"":43.0,""pixel_y"":228.5,""text"":""43"",""confidence"":0.999999915706304,""bbox"":[23.0,212.0,61.0,245.0]},{""value"":41.0,""pixel_y"":307.5,""text"":""41"",""confidence"":0.999998651301114,""bbox"":[25.0,292.0,58.0,323.0]},{""value"":39.0,""pixel_y"":386.5,""text"":""39"",""confidence"":0.9999921606951768,""bbox"":[23.0,370.0,61.0,403.0]},{""value"":37.0,""pixel_y"":466.0,""text"":""37"",""confidence"":0.9104211073322905,""bbox"":[22.0,448.0,60.0,484.0]},{""value"":35.0,""pixel_y"":545.5,""text"":""35"",""confidence"":0.9996906357200763,""bbox"":[23.0,529.0,61.0,562.0]}]",-0.02527974485929826,48.780498047796264,0.9999944787913857,0.45347297460004926,2.0,12.194948920125483,"[73.288,106.55,1008.64,588.95]","[510,206,39,338]",null,529.5,206.0,2.542100045219113,43.572870606780825,0.12712939321917816,0.0029091394329331384,0.010424758156171925,8597,42.7,percentage,3.0,False
fgmvp_0209,828778f64c47c68f388fc85a931e37f8d1b9687f6ed8110b479545f5ceb6a580,1808,bar,/data/liu_jun/finmme_reproduction/outputs/cache/phase2c_official_jpeg/1808.jpg,phase6_geometry_scale/masked_images/fgmvp_0209.png,phase6_geometry_scale/debug_overlays/fgmvp_0209.png,41.9,41.9,0.9109570384025574,41.9,0.9886101484298706,"[700.0,226.0,760.0,259.0]",2268,"[45.0,43.0,41.0,39.0,37.0,35.0]","[150.0,228.5,307.5,386.5,466.0,545.5]","[{""value"":45.0,""pixel_y"":150.0,""text"":""45"",""confidence"":0.9999989884757856,""bbox"":[23.0,134.0,61.0,166.0]},{""value"":43.0,""pixel_y"":228.5,""text"":""43"",""confidence"":0.999999915706304,""bbox"":[23.0,212.0,61.0,245.0]},{""value"":41.0,""pixel_y"":307.5,""text"":""41"",""confidence"":0.999998651301114,""bbox"":[25.0,292.0,58.0,323.0]},{""value"":39.0,""pixel_y"":386.5,""text"":""39"",""confidence"":0.9999921606951768,""bbox"":[23.0,370.0,61.0,403.0]},{""value"":37.0,""pixel_y"":466.0,""text"":""37"",""confidence"":0.9104211073322905,""bbox"":[22.0,448.0,60.0,484.0]},{""value"":35.0,""pixel_y"":545.5,""text"":""35"",""confidence"":0.9996906357200763,""bbox"":[23.0,529.0,61.0,562.0]}]",-0.02527974485929826,48.780498047796264,0.9999944787913857,0.45347297460004926,2.0,12.194948920125483,"[73.288,106.55,1008.64,588.95]","[711,274,38,270]",null,730.0,274.0,2.4559514025577274,41.85384795634854,0.04615204365146042,0.0011014807554047832,0.0037845212762880128,8597,42.7,percentage,3.0,False
fgmvp_0210,828778f64c47c68f388fc85a931e37f8d1b9687f6ed8110b479545f5ceb6a580,1808,bar,/data/liu_jun/finmme_reproduction/outputs/cache/phase2c_official_jpeg/1808.jpg,phase6_geometry_scale/masked_images/fgmvp_0210.png,phase6_geometry_scale/debug_overlays/fgmvp_0210.png,38.9,38.9,0.8278915248224445,38.9,0.9994731545448303,"[399.0,345.0,458.0,378.0]",2232,"[45.0,43.0,41.0,39.0,37.0,35.0]","[150.0,228.5,307.5,386.5,466.0,545.5]","[{""value"":45.0,""pixel_y"":150.0,""text"":""45"",""confidence"":0.9999989884757856,""bbox"":[23.0,134.0,61.0,166.0]},{""value"":43.0,""pixel_y"":228.5,""text"":""43"",""confidence"":0.999999915706304,""bbox"":[23.0,212.0,61.0,245.0]},{""value"":41.0,""pixel_y"":307.5,""text"":""41"",""confidence"":0.999998651301114,""bbox"":[25.0,292.0,58.0,323.0]},{""value"":39.0,""pixel_y"":386.5,""text"":""39"",""confidence"":0.9999921606951768,""bbox"":[23.0,370.0,61.0,403.0]},{""value"":37.0,""pixel_y"":466.0,""text"":""37"",""confidence"":0.9104211073322905,""bbox"":[22.0,448.0,60.0,484.0]},{""value"":35.0,""pixel_y"":545.5,""text"":""35"",""confidence"":0.9996906357200763,""bbox"":[23.0,529.0,61.0,562.0]}]",-0.02527974485929826,48.780498047796264,0.9999944787913857,0.45347297460004926,2.0,12.194948920125483,"[73.288,106.55,1008.64,588.95]","[409,393,39,152]",null,428.5,393.0,2.152781853822006,38.845558318092046,0.054441681907952955,0.0013995290978908216,0.004464281258128694,8597,42.7,percentage,3.0,False
fgmvp_0211,828778f64c47c68f388fc85a931e37f8d1b9687f6ed8110b479545f5ceb6a580,1808,bar,/data/liu_jun/finmme_reproduction/outputs/cache/phase2c_official_jpeg/1808.jpg,phase6_geometry_scale/masked_images/fgmvp_0211.png,phase6_geometry_scale/debug_overlays/fgmvp_0211.png,36.9,36.9,0.8934535966991299,36.9,0.9990962743759155,"[297.0,424.0,358.0,460.0]",2496,"[45.0,43.0,41.0,39.0,37.0,35.0]","[150.0,228.5,307.5,386.5,466.0,545.5]","[{""value"":45.0,""pixel_y"":150.0,""text"":""45"",""confidence"":0.9999989884757856,""bbox"":[23.0,134.0,61.0,166.0]},{""value"":43.0,""pixel_y"":228.5,""text"":""43"",""confidence"":0.999999915706304,""bbox"":[23.0,212.0,61.0,245.0]},{""value"":41.0,""pixel_y"":307.5,""text"":""41"",""confidence"":0.999998651301114,""bbox"":[25.0,292.0,58.0,323.0]},{""value"":39.0,""pixel_y"":386.5,""text"":""39"",""confidence"":0.9999921606951768,""bbox"":[23.0,370.0,61.0,403.0]},{""value"":37.0,""pixel_y"":466.0,""text"":""37"",""confidence"":0.9104211073322905,""bbox"":[22.0,448.0,60.0,484.0]},{""value"":35.0,""pixel_y"":545.5,""text"":""35"",""confidence"":0.9996906357200763,""bbox"":[23.0,529.0,61.0,562.0]}]",-0.02527974485929826,48.780498047796264,0.9999944787913857,0.45347297460004926,2.0,12.194948920125483,"[73.288,106.55,1008.64,588.95]","[309,474,38,70]",null,328.0,474.0,2.0431490941018873,36.79789898448889,0.10210101551110995,0.0027669651900029796,0.008372402064153898,8597,42.7,percentage,3.0,False
fgmvp_0212,82394dbe9e5ffd0d8e62d047229e5095f1b0dac53296d913a9e4a65565770576,2386,bar,/data/liu_jun/finmme_reproduction/outputs/cache/phase2c_official_jpeg/2386.jpg,phase6_geometry_scale/masked_images/fgmvp_0212.png,phase6_geometry_scale/debug_overlays/fgmvp_0212.png,15,15.0,0.9999664512734159,15,0.999990306238604,"[822.0,356.0,853.0,381.0]",918,"[45.0,40.0,35.0,30.0,25.0,20.0,15.0,10.0,5.0,0.0]","[30.5,90.0,150.0,209.5,268.5,327.5,387.5,446.5,505.5,565.0]","[{""value"":45.0,""pixel_y"":30.5,""text"":""45"",""confidence"":0.9999960381985386,""bbox"":[18.0,18.0,46.0,43.0]},{""value"":40.0,""pixel_y"":90.0,""text"":""40"",""confidence"":0.9999961224921389,""bbox"":[18.0,78.0,46.0,102.0]},{""value"":35.0,""pixel_y"":150.0,""text"":""35"",""confidence"":0.999993087923841,""bbox"":[18.0,138.0,46.0,162.0]},{""value"":30.0,""pixel_y"":209.5,""text"":""30"",""confidence"":0.9999941837398596,""bbox"":[19.0,199.0,45.0,220.0]},{""value"":25.0,""pixel_y"":268.5,""text"":""25"",""confidence"":0.9999994942378553,""bbox"":[19.0,258.0,45.0,279.0]},{""value"":20.0,""pixel_y"":327.5,""text"":""20"",""confidence"":0.9999961224921389,""bbox"":[19.0,317.0,45.0,338.0]},{""value"":15.0,""pixel_y"":387.5,""text"":""15"",""confidence"":0.9955717056389929,""bbox"":[18.0,375.0,46.0,400.0]},{""value"":10.0,""pixel_y"":446.5,""text"":""10"",""confidence"":0.9998383285171518,""bbox"":[18.0,434.0,46.0,459.0]},{""value"":5.0,""pixel_y"":505.5,""text"":""5"",""confidence"":0.9999876022723129,""bbox"":[27.0,495.0,45.0,516.0]},{""value"":0.0,""pixel_y"":565.0,""text"":""0"",""confidence"":0.9999828339359738,""bbox"":[29.0,557.0,44.0,573.0]}]",-0.08423065706964346,47.604947339607214,0.9999965705074213,0.4912144570934655,5.0,49.50783215253899,"[58.288,9.959999999999999,1008.64,597.725]","[828,389,14,176]",null,835.0,389.0,2.4518961240433867,14.839221739515907,0.1607782604840935,0.010718550698939566,0.003247531824635712,2386|9052,14.5|232,approvals|approvals,2.0|10.0,False
fgmvp_0213,82394dbe9e5ffd0d8e62d047229e5095f1b0dac53296d913a9e4a65565770576,2386,bar,/data/liu_jun/finmme_reproduction/outputs/cache/phase2c_official_jpeg/2386.jpg,phase6_geometry_scale/masked_images/fgmvp_0213.png,phase6_geometry_scale/debug_overlays/fgmvp_0213.png,25,25.0,0.9999981455391691,25,0.9999995785315409,"[295.0,236.0,326.0,262.0]",986,"[45.0,40.0,35.0,30.0,25.0,20.0,15.0,10.0,5.0,0.0]","[30.5,90.0,150.0,209.5,268.5,327.5,387.5,446.5,505.5,565.0]","[{""value"":45.0,""pixel_y"":30.5,""text"":""45"",""confidence"":0.9999960381985386,""bbox"":[18.0,18.0,46.0,43.0]},{""value"":40.0,""pixel_y"":90.0,""text"":""40"",""confidence"":0.9999961224921389,""bbox"":[18.0,78.0,46.0,102.0]},{""value"":35.0,""pixel_y"":150.0,""text"":""35"",""confidence"":0.999993087923841,""bbox"":[18.0,138.0,46.0,162.0]},{""value"":30.0,""pixel_y"":209.5,""text"":""30"",""confidence"":0.9999941837398596,""bbox"":[19.0,199.0,45.0,220.0]},{""value"":25.0,""pixel_y"":268.5,""text"":""25"",""confidence"":0.9999994942378553,""bbox"":[19.0,258.0,45.0,279.0]},{""value"":20.0,""pixel_y"":327.5,""text"":""20"",""confidence"":0.9999961224921389,""bbox"":[19.0,317.0,45.0,338.0]},{""value"":15.0,""pixel_y"":387.5,""text"":""15"",""confidence"":0.9955717056389929,""bbox"":[18.0,375.0,46.0,400.0]},{""value"":10.0,""pixel_y"":446.5,""text"":""10"",""confidence"":0.9998383285171518,""bbox"":[18.0,434.0,46.0,459.0]},{""value"":5.0,""pixel_y"":505.5,""text"":""5"",""confidence"":0.9999876022723129,""bbox"":[27.0,495.0,45.0,516.0]},{""value"":0.0,""pixel_y"":565.0,""text"":""0"",""confidence"":0.9999828339359738,""bbox"":[29.0,557.0,44.0,573.0]}]",-0.08423065706964346,47.604947339607214,0.9999965705074213,0.4912144570934655,5.0,49.50783215253899,"[58.288,9.959999999999999,1008.64,597.725]","[302,269,16,296]",null,310.0,269.0,2.4448976297605807,24.946900587873124,0.05309941212687619,0.0021239764850750475,0.0010725456926344735,2386|9052,14.5|232,approvals|approvals,2.0|10.0,False
fgmvp_0214,82394dbe9e5ffd0d8e62d047229e5095f1b0dac53296d913a9e4a65565770576,2386,bar,/data/liu_jun/finmme_reproduction/outputs/cache/phase2c_official_jpeg/2386.jpg,phase6_geometry_scale/masked_images/fgmvp_0214.png,phase6_geometry_scale/debug_overlays/fgmvp_0214.png,30,30.0,0.9710741775714068,30,0.9999939308592087,"[722.0,179.0,748.0,199.0]",609,"[45.0,40.0,35.0,30.0,25.0,20.0,15.0,10.0,5.0,0.0]","[30.5,90.0,150.0,209.5,268.5,327.5,387.5,446.5,505.5,565.0]","[{""value"":45.0,""pixel_y"":30.5,""text"":""45"",""confidence"":0.9999960381985386,""bbox"":[18.0,18.0,46.0,43.0]},{""value"":40.0,""pixel_y"":90.0,""text"":""40"",""confidence"":0.9999961224921389,""bbox"":[18.0,78.0,46.0,102.0]},{""value"":35.0,""pixel_y"":150.0,""text"":""35"",""confidence"":0.999993087923841,""bbox"":[18.0,138.0,46.0,162.0]},{""value"":30.0,""pixel_y"":209.5,""text"":""30"",""confidence"":0.9999941837398596,""bbox"":[19.0,199.0,45.0,220.0]},{""value"":25.0,""pixel_y"":268.5,""text"":""25"",""confidence"":0.9999994942378553,""bbox"":[19.0,258.0,45.0,279.0]},{""value"":20.0,""pixel_y"":327.5,""text"":""20"",""confidence"":0.9999961224921389,""bbox"":[19.0,317.0,45.0,338.0]},{""value"":15.0,""pixel_y"":387.5,""text"":""15"",""confidence"":0.9955717056389929,""bbox"":[18.0,375.0,46.0,400.0]},{""value"":10.0,""pixel_y"":446.5,""text"":""10"",""confidence"":0.9998383285171518,""bbox"":[18.0,434.0,46.0,459.0]},{""value"":5.0,""pixel_y"":505.5,""text"":""5"",""confidence"":0.9999876022723129,""bbox"":[27.0,495.0,45.0,516.0]},{""value"":0.0,""pixel_y"":565.0,""text"":""0"",""confidence"":0.9999828339359738,""bbox"":[29.0,557.0,44.0,573.0]}]",-0.08423065706964346,47.604947339607214,0.9999965705074213,0.4912144570934655,5.0,49.50783215253899,"[58.288,9.959999999999999,1008.64,597.725]","[724,208,22,358]",null,735.0,208.0,2.374280381043181,30.084970669121375,0.08497066912137541,0.00283235563737918,0.0017163076108760243,2386|9052,14.5|232,approvals|approvals,2.0|10.0,False
fgmvp_0215,ae0fbfa81783e9a42d131f0e3068f6510f1174fde6b5bee18c2445a1e510a4db,282,bar,/data/liu_jun/finmme_reproduction/outputs/cache/phase2c_official_jpeg/282.jpg,phase6_geometry_scale/masked_images/fgmvp_0215.png,phase6_geometry_scale/debug_overlays/fgmvp_0215.png,42.7,42.7,0.9999369849639189,42.7,0.628972948657261,"[740.0,46.0,790.0,72.0]",1537,"[44.0,42.0,40.0,38.0,36.0,34.0]","[49.0,100.0,151.0,202.0,252.0,303.0]","[{""value"":44.0,""pixel_y"":49.0,""text"":""44.0"",""confidence"":0.9883856127806783,""bbox"":[26.0,36.0,77.0,62.0]},{""value"":42.0,""pixel_y"":100.0,""text"":""42.0"",""confidence"":0.49005760041236707,""bbox"":[26.0,86.0,75.0,114.0]},{""value"":40.0,""pixel_y"":151.0,""text"":""40.0"",""confidence"":0.8074320472284638,""bbox"":[26.0,137.0,77.0,165.0]},{""value"":38.0,""pixel_y"":202.0,""text"":""38.0"",""confidence"":0.9998903364753847,""bbox"":[26.0,188.0,75.0,216.0]},{""value"":36.0,""pixel_y"":252.0,""text"":""36.0"",""confidence"":0.999965250492096,""bbox"":[26.0,238.0,77.0,266.0]},{""value"":34.0,""pixel_y"":303.0,""text"":""34.0"",""confidence"":0.863383313997897,""bbox"":[26.0,289.0,77.0,317.0]}]",-0.03939186817652812,45.93953411043172,0.9999907107098653,0.44738323016270654,2.0,12.215418321541371,"[89.288,20.95,1008.64,331.05]","[748,83,34,219]",null,765.0,83.0,2.4647686085704006,42.670009051779886,0.029990948220117275,0.0007023641269348307,0.0024551716061356255,10825,40.8,percentage,3.0,False
fgmvp_0216,ae0fbfa81783e9a42d131f0e3068f6510f1174fde6b5bee18c2445a1e510a4db,282,bar,/data/liu_jun/finmme_reproduction/outputs/cache/phase2c_official_jpeg/282.jpg,phase6_geometry_scale/masked_images/fgmvp_0216.png,phase6_geometry_scale/debug_overlays/fgmvp_0216.png,40.6,40.6,0.9999319314956665,40.6,0.6917262646211383,"[294.0,98.0,346.0,125.0]",1650,"[44.0,42.0,40.0,38.0,36.0,34.0]","[49.0,100.0,151.0,202.0,252.0,303.0]","[{""value"":44.0,""pixel_y"":49.0,""text"":""44.0"",""confidence"":0.9883856127806783,""bbox"":[26.0,36.0,77.0,62.0]},{""value"":42.0,""pixel_y"":100.0,""text"":""42.0"",""confidence"":0.49005760041236707,""bbox"":[26.0,86.0,75.0,114.0]},{""value"":40.0,""pixel_y"":151.0,""text"":""40.0"",""confidence"":0.8074320472284638,""bbox"":[26.0,137.0,77.0,165.0]},{""value"":38.0,""pixel_y"":202.0,""text"":""38.0"",""confidence"":0.9998903364753847,""bbox"":[26.0,188.0,75.0,216.0]},{""value"":36.0,""pixel_y"":252.0,""text"":""36.0"",""confidence"":0.999965250492096,""bbox"":[26.0,238.0,77.0,266.0]},{""value"":34.0,""pixel_y"":303.0,""text"":""34.0"",""confidence"":0.863383313997897,""bbox"":[26.0,289.0,77.0,317.0]}]",-0.03939186817652812,45.93953411043172,0.9999907107098653,0.44738323016270654,2.0,12.215418321541371,"[89.288,20.95,1008.64,331.05]","[302,136,33,166]",null,318.5,136.0,2.3596413821801674,40.5822400384239,0.017759961576103933,0.00043743747724393924,0.0014538971248152014,10825,40.8,percentage,3.0,False
fgmvp_0217,2c84a0155e7c7059570e1dc701b10ca2dc0fe6298fb5b35a883b0647c66b2bda,2774,bar,/data/liu_jun/finmme_reproduction/outputs/cache/phase2c_official_jpeg/2774.jpg,phase6_geometry_scale/masked_images/fgmvp_0217.png,phase6_geometry_scale/debug_overlays/fgmvp_0217.png,46.6,46.6,0.8828277047428634,46.6,0.9650292921960671,"[604.0,127.0,661.0,160.0]",2160,"[60.0,50.0,40.0,30.0,20.0,10.0,0.0,-10.0,-40.0]","[110.0,156.5,202.5,249.5,295.5,342.0,388.5,434.0,574.5]","[{""value"":60.0,""pixel_y"":110.0,""text"":""60"",""confidence"":0.9999221978041466,""bbox"":[31.0,94.0,69.0,126.0]},{""value"":50.0,""pixel_y"":156.5,""text"":""50"",""confidence"":0.9998653013294014,""bbox"":[31.0,140.0,69.0,173.0]},{""value"":40.0,""pixel_y"":202.5,""text"":""40"",""confidence"":0.9999967968410157,""bbox"":[31.0,186.0,69.0,219.0]},{""value"":30.0,""pixel_y"":249.5,""text"":""30"",""confidence"":0.9999978083645809,""bbox"":[31.0,233.0,69.0,266.0]},{""value"":20.0,""pixel_y"":295.5,""text"":""20"",""confidence"":0.9814144666946796,""bbox"":[31.0,279.0,69.0,312.0]},{""value"":10.0,""pixel_y"":342.0,""text"":""10"",""confidence"":0.9999900533582403,""bbox"":[31.0,326.0,69.0,358.0]},{""value"":0.0,""pixel_y"":388.5,""text"":""0"",""confidence"":0.9999842644356818,""bbox"":[47.0,376.0,65.0,401.0]},{""value"":-10.0,""pixel_y"":434.0,""text"":""-10"",""confidence"":0.696638822555542,""bbox"":[21.0,416.0,68.0,452.0]},{""value"":-40.0,""pixel_y"":574.5,""text"":""-40"",""confidence"":0.7483828067779541,""bbox"":[23.0,559.0,67.0,590.0]}]",-0.21546658436184635,83.68661186090698,0.999993658986614,0.8080800481491788,10.0,111.10534422618609,"[81.288,84.425,1008.64,600.075]","[613,174,40,214]",null,633.0,174.0,2.576258064796988,46.19542618194571,0.4045738180542884,0.008681841589147818,0.0036413533558805676,2774|4123,42.6|63.5,percentage|percentage,3.0|5.0,False
fgmvp_0218,2c84a0155e7c7059570e1dc701b10ca2dc0fe6298fb5b35a883b0647c66b2bda,2774,bar,/data/liu_jun/finmme_reproduction/outputs/cache/phase2c_official_jpeg/2774.jpg,phase6_geometry_scale/masked_images/fgmvp_0218.png,phase6_geometry_scale/debug_overlays/fgmvp_0218.png,34.7,34.7,0.9662509035271722,34.7,0.9713767088544065,"[703.0,183.0,760.0,216.0]",2160,"[60.0,50.0,40.0,30.0,20.0,10.0,0.0,-10.0,-40.0]","[110.0,156.5,202.5,249.5,295.5,342.0,388.5,434.0,574.5]","[{""value"":60.0,""pixel_y"":110.0,""text"":""60"",""confidence"":0.9999221978041466,""bbox"":[31.0,94.0,69.0,126.0]},{""value"":50.0,""pixel_y"":156.5,""text"":""50"",""confidence"":0.9998653013294014,""bbox"":[31.0,140.0,69.0,173.0]},{""value"":40.0,""pixel_y"":202.5,""text"":""40"",""confidence"":0.9999967968410157,""bbox"":[31.0,186.0,69.0,219.0]},{""value"":30.0,""pixel_y"":249.5,""text"":""30"",""confidence"":0.9999978083645809,""bbox"":[31.0,233.0,69.0,266.0]},{""value"":20.0,""pixel_y"":295.5,""text"":""20"",""confidence"":0.9814144666946796,""bbox"":[31.0,279.0,69.0,312.0]},{""value"":10.0,""pixel_y"":342.0,""text"":""10"",""confidence"":0.9999900533582403,""bbox"":[31.0,326.0,69.0,358.0]},{""value"":0.0,""pixel_y"":388.5,""text"":""0"",""confidence"":0.9999842644356818,""bbox"":[47.0,376.0,65.0,401.0]},{""value"":-10.0,""pixel_y"":434.0,""text"":""-10"",""confidence"":0.696638822555542,""bbox"":[21.0,416.0,68.0,452.0]},{""value"":-40.0,""pixel_y"":574.5,""text"":""-40"",""confidence"":0.7483828067779541,""bbox"":[23.0,559.0,67.0,590.0]}]",-0.21546658436184635,83.68661186090698,0.999993658986614,0.8080800481491788,10.0,111.10534422618609,"[81.288,84.425,1008.64,600.075]","[713,229,40,159]",null,733.0,229.0,2.4710711800639786,34.34476404204417,0.3552359579558342,0.010237347491522598,0.0031972895672115623,2774|4123,42.6|63.5,percentage|percentage,3.0|5.0,False
fgmvp_0219,2c84a0155e7c7059570e1dc701b10ca2dc0fe6298fb5b35a883b0647c66b2bda,2774,bar,/data/liu_jun/finmme_reproduction/outputs/cache/phase2c_official_jpeg/2774.jpg,phase6_geometry_scale/masked_images/fgmvp_0219.png,phase6_geometry_scale/debug_overlays/fgmvp_0219.png,25.7,25.7,0.9020219506041351,25.7,0.8034371895547893,"[903.0,225.0,960.0,258.0]",2160,"[60.0,50.0,40.0,30.0,20.0,10.0,0.0,-10.0,-40.0]","[110.0,156.5,202.5,249.5,295.5,342.0,388.5,434.0,574.5]","[{""value"":60.0,""pixel_y"":110.0,""text"":""60"",""confidence"":0.9999221978041466,""bbox"":[31.0,94.0,69.0,126.0]},{""value"":50.0,""pixel_y"":156.5,""text"":""50"",""confidence"":0.9998653013294014,""bbox"":[31.0,140.0,69.0,173.0]},{""value"":40.0,""pixel_y"":202.5,""text"":""40"",""confidence"":0.9999967968410157,""bbox"":[31.0,186.0,69.0,219.0]},{""value"":30.0,""pixel_y"":249.5,""text"":""30"",""confidence"":0.9999978083645809,""bbox"":[31.0,233.0,69.0,266.0]},{""value"":20.0,""pixel_y"":295.5,""text"":""20"",""confidence"":0.9814144666946796,""bbox"":[31.0,279.0,69.0,312.0]},{""value"":10.0,""pixel_y"":342.0,""text"":""10"",""confidence"":0.9999900533582403,""bbox"":[31.0,326.0,69.0,358.0]},{""value"":0.0,""pixel_y"":388.5,""text"":""0"",""confidence"":0.9999842644356818,""bbox"":[47.0,376.0,65.0,401.0]},{""value"":-10.0,""pixel_y"":434.0,""text"":""-10"",""confidence"":0.696638822555542,""bbox"":[21.0,416.0,68.0,452.0]},{""value"":-40.0,""pixel_y"":574.5,""text"":""-40"",""confidence"":0.7483828067779541,""bbox"":[23.0,559.0,67.0,590.0]}]",-0.21546658436184635,83.68661186090698,0.999993658986614,0.8080800481491788,10.0,111.10534422618609,"[81.288,84.425,1008.64,600.075]","[913,271,39,117]",null,932.5,271.0,2.3891437938940627,25.295167498846617,0.40483250115338265,0.015752237398964305,0.003643681624614137,2774|4123,42.6|63.5,percentage|percentage,3.0|5.0,False
fgmvp_0220,2c84a0155e7c7059570e1dc701b10ca2dc0fe6298fb5b35a883b0647c66b2bda,2774,bar,/data/liu_jun/finmme_reproduction/outputs/cache/phase2c_official_jpeg/2774.jpg,phase6_geometry_scale/masked_images/fgmvp_0220.png,phase6_geometry_scale/debug_overlays/fgmvp_0220.png,8.7,8.7,0.9973636865615845,8.7,0.9999342030972769,"[810.0,305.0,853.0,336.0]",1564,"[60.0,50.0,40.0,30.0,20.0,10.0,0.0,-10.0,-40.0]","[110.0,156.5,202.5,249.5,295.5,342.0,388.5,434.0,574.5]","[{""value"":60.0,""pixel_y"":110.0,""text"":""60"",""confidence"":0.9999221978041466,""bbox"":[31.0,94.0,69.0,126.0]},{""value"":50.0,""pixel_y"":156.5,""text"":""50"",""confidence"":0.9998653013294014,""bbox"":[31.0,140.0,69.0,173.0]},{""value"":40.0,""pixel_y"":202.5,""text"":""40"",""confidence"":0.9999967968410157,""bbox"":[31.0,186.0,69.0,219.0]},{""value"":30.0,""pixel_y"":249.5,""text"":""30"",""confidence"":0.9999978083645809,""bbox"":[31.0,233.0,69.0,266.0]},{""value"":20.0,""pixel_y"":295.5,""text"":""20"",""confidence"":0.9814144666946796,""bbox"":[31.0,279.0,69.0,312.0]},{""value"":10.0,""pixel_y"":342.0,""text"":""10"",""confidence"":0.9999900533582403,""bbox"":[31.0,326.0,69.0,358.0]},{""value"":0.0,""pixel_y"":388.5,""text"":""0"",""confidence"":0.9999842644356818,""bbox"":[47.0,376.0,65.0,401.0]},{""value"":-10.0,""pixel_y"":434.0,""text"":""-10"",""confidence"":0.696638822555542,""bbox"":[21.0,416.0,68.0,452.0]},{""value"":-40.0,""pixel_y"":574.5,""text"":""-40"",""confidence"":0.7483828067779541,""bbox"":[23.0,559.0,67.0,590.0]}]",-0.21546658436184635,83.68661186090698,0.999993658986614,0.8080800481491788,10.0,111.10534422618609,"[81.288,84.425,1008.64,600.075]","[813,350,40,38]",null,833.0,350.0,2.2225847238816487,8.273307334260764,0.42669266573923537,0.04904513399301556,0.003840433317686166,2774|4123,42.6|63.5,percentage|percentage,3.0|5.0,False
fgmvp_0221,36c03d67a0a138bec8c08a66b03709f8fd04ecf05da47dc00254fdbe2e21af3a,2890,bar,/data/liu_jun/finmme_reproduction/outputs/cache/phase2c_official_jpeg/2890.jpg,phase6_geometry_scale/masked_images/fgmvp_0221.png,phase6_geometry_scale/debug_overlays/fgmvp_0221.png,21,21.0,1.0,21,0.7959372997283936,"[786.0,118.0,818.0,149.0]",1190,"[30.0,25.0,20.0,15.0,10.0,5.0]","[36.5,104.0,170.0,238.0,304.0,371.0]","[{""value"":30.0,""pixel_y"":36.5,""text"":""30"",""confidence"":0.999993087923841,""bbox"":[20.0,22.0,56.0,51.0]},{""value"":25.0,""pixel_y"":104.0,""text"":""25"",""confidence"":0.9803468570296472,""bbox"":[22.0,90.0,56.0,118.0]},{""value"":20.0,""pixel_y"":170.0,""text"":""20"",""confidence"":0.9999974711900259,""bbox"":[22.0,156.0,56.0,184.0]},{""value"":15.0,""pixel_y"":238.0,""text"":""15"",""confidence"":0.999994015152757,""bbox"":[23.0,223.0,56.0,253.0]},{""value"":10.0,""pixel_y"":304.0,""text"":""10"",""confidence"":0.9999947737947846,""bbox"":[23.0,290.0,56.0,318.0]},{""value"":5.0,""pixel_y"":371.0,""text"":""5"",""confidence"":0.9999971389790971,""bbox"":[35.0,359.0,55.0,383.0]}]",-0.07476947011803496,32.74674111490263,0.999988256064347,0.6472263761304036,5.0,29.808344651956997,"[68.288,9.18,1008.64,407.85]","[793,157,21,251]",null,803.5,157.0,2.45518025806217,21.007934306371144,0.007934306371144118,0.0003778241129116246,0.0002661773561660429,2890|7388,130|12.45,count|count,10.0|2.0,False
fgmvp_0222,36c03d67a0a138bec8c08a66b03709f8fd04ecf05da47dc00254fdbe2e21af3a,2890,bar,/data/liu_jun/finmme_reproduction/outputs/cache/phase2c_official_jpeg/2890.jpg,phase6_geometry_scale/masked_images/fgmvp_0222.png,phase6_geometry_scale/debug_overlays/fgmvp_0222.png,25,25.0,0.6973913961493445,25,0.9778289260004247,"[711.0,66.0,744.0,94.0]",1116,"[30.0,25.0,20.0,15.0,10.0,5.0]","[36.5,104.0,170.0,238.0,304.0,371.0]","[{""value"":30.0,""pixel_y"":36.5,""text"":""30"",""confidence"":0.999993087923841,""bbox"":[20.0,22.0,56.0,51.0]},{""value"":25.0,""pixel_y"":104.0,""text"":""25"",""confidence"":0.9803468570296472,""bbox"":[22.0,90.0,56.0,118.0]},{""value"":20.0,""pixel_y"":170.0,""text"":""20"",""confidence"":0.9999974711900259,""bbox"":[22.0,156.0,56.0,184.0]},{""value"":15.0,""pixel_y"":238.0,""text"":""15"",""confidence"":0.999994015152757,""bbox"":[23.0,223.0,56.0,253.0]},{""value"":10.0,""pixel_y"":304.0,""text"":""10"",""confidence"":0.9999947737947846,""bbox"":[23.0,290.0,56.0,318.0]},{""value"":5.0,""pixel_y"":371.0,""text"":""5"",""confidence"":0.9999971389790971,""bbox"":[35.0,359.0,55.0,383.0]}]",-0.07476947011803496,32.74674111490263,0.999988256064347,0.6472263761304036,5.0,29.808344651956997,"[68.288,9.18,1008.64,407.85]","[717,103,21,305]",null,727.5,103.0,2.637879248920253,25.045485692745032,0.045485692745032225,0.001819427709801289,0.0015259382322676536,2890|7388,130|12.45,count|count,10.0|2.0,False
fgmvp_0223,36c03d67a0a138bec8c08a66b03709f8fd04ecf05da47dc00254fdbe2e21af3a,2890,bar,/data/liu_jun/finmme_reproduction/outputs/cache/phase2c_official_jpeg/2890.jpg,phase6_geometry_scale/masked_images/fgmvp_0223.png,phase6_geometry_scale/debug_overlays/fgmvp_0223.png,12,12.0,0.9999974711900259,12,0.9999997471189183,"[846.0,241.0,880.0,269.0]",1147,"[30.0,25.0,20.0,15.0,10.0,5.0]","[36.5,104.0,170.0,238.0,304.0,371.0]","[{""value"":30.0,""pixel_y"":36.5,""text"":""30"",""confidence"":0.999993087923841,""bbox"":[20.0,22.0,56.0,51.0]},{""value"":25.0,""pixel_y"":104.0,""text"":""25"",""confidence"":0.9803468570296472,""bbox"":[22.0,90.0,56.0,118.0]},{""value"":20.0,""pixel_y"":170.0,""text"":""20"",""confidence"":0.9999974711900259,""bbox"":[22.0,156.0,56.0,184.0]},{""value"":15.0,""pixel_y"":238.0,""text"":""15"",""confidence"":0.999994015152757,""bbox"":[23.0,223.0,56.0,253.0]},{""value"":10.0,""pixel_y"":304.0,""text"":""10"",""confidence"":0.9999947737947846,""bbox"":[23.0,290.0,56.0,318.0]},{""value"":5.0,""pixel_y"":371.0,""text"":""5"",""confidence"":0.9999971389790971,""bbox"":[35.0,359.0,55.0,383.0]}]",-0.07476947011803496,32.74674111490263,0.999988256064347,0.6472263761304036,5.0,29.808344651956997,"[68.288,9.18,1008.64,407.85]","[853,279,15,129]",null,860.5,279.0,2.2925362348585328,11.886058951970877,0.11394104802912253,0.00949508733576021,0.003822454730697097,2890|7388,130|12.45,count|count,10.0|2.0,False
fgmvp_0224,36c03d67a0a138bec8c08a66b03709f8fd04ecf05da47dc00254fdbe2e21af3a,2890,bar,/data/liu_jun/finmme_reproduction/outputs/cache/phase2c_official_jpeg/2890.jpg,phase6_geometry_scale/masked_images/fgmvp_0224.png,phase6_geometry_scale/debug_overlays/fgmvp_0224.png,10,10.0,0.999996628253784,10,0.9999994099441718,"[159.0,266.0,194.0,294.0]",1178,"[30.0,25.0,20.0,15.0,10.0,5.0]","[36.5,104.0,170.0,238.0,304.0,371.0]","[{""value"":30.0,""pixel_y"":36.5,""text"":""30"",""confidence"":0.999993087923841,""bbox"":[20.0,22.0,56.0,51.0]},{""value"":25.0,""pixel_y"":104.0,""text"":""25"",""confidence"":0.9803468570296472,""bbox"":[22.0,90.0,56.0,118.0]},{""value"":20.0,""pixel_y"":170.0,""text"":""20"",""confidence"":0.9999974711900259,""bbox"":[22.0,156.0,56.0,184.0]},{""value"":15.0,""pixel_y"":238.0,""text"":""15"",""confidence"":0.999994015152757,""bbox"":[23.0,223.0,56.0,253.0]},{""value"":10.0,""pixel_y"":304.0,""text"":""10"",""confidence"":0.9999947737947846,""bbox"":[23.0,290.0,56.0,318.0]},{""value"":5.0,""pixel_y"":371.0,""text"":""5"",""confidence"":0.9999971389790971,""bbox"":[35.0,359.0,55.0,383.0]}]",-0.07476947011803496,32.74674111490263,0.999988256064347,0.6472263761304036,5.0,29.808344651956997,"[68.288,9.18,1008.64,407.85]","[167,305,18,103]",null,176.0,305.0,2.234299024570954,9.94205272890197,0.05794727109802977,0.005794727109802977,0.0019439949374788707,2890|7388,130|12.45,count|count,10.0|2.0,False
fgmvp_0225,36c03d67a0a138bec8c08a66b03709f8fd04ecf05da47dc00254fdbe2e21af3a,2890,bar,/data/liu_jun/finmme_reproduction/outputs/cache/phase2c_official_jpeg/2890.jpg,phase6_geometry_scale/masked_images/fgmvp_0225.png,phase6_geometry_scale/debug_overlays/fgmvp_0225.png,19,19.0,0.8449561753032386,19,0.9999887889567027,"[636.0,146.0,669.0,174.0]",1116,"[30.0,25.0,20.0,15.0,10.0,5.0]","[36.5,104.0,170.0,238.0,304.0,371.0]","[{""value"":30.0,""pixel_y"":36.5,""text"":""30"",""confidence"":0.999993087923841,""bbox"":[20.0,22.0,56.0,51.0]},{""value"":25.0,""pixel_y"":104.0,""text"":""25"",""confidence"":0.9803468570296472,""bbox"":[22.0,90.0,56.0,118.0]},{""value"":20.0,""pixel_y"":170.0,""text"":""20"",""confidence"":0.9999974711900259,""bbox"":[22.0,156.0,56.0,184.0]},{""value"":15.0,""pixel_y"":238.0,""text"":""15"",""confidence"":0.999994015152757,""bbox"":[23.0,223.0,56.0,253.0]},{""value"":10.0,""pixel_y"":304.0,""text"":""10"",""confidence"":0.9999947737947846,""bbox"":[23.0,290.0,56.0,318.0]},{""value"":5.0,""pixel_y"":371.0,""text"":""5"",""confidence"":0.9999971389790971,""bbox"":[35.0,359.0,55.0,383.0]}]",-0.07476947011803496,32.74674111490263,0.999988256064347,0.6472263761304036,5.0,29.808344651956997,"[68.288,9.18,1008.64,407.85]","[637,184,24,224]",null,649.0,184.0,2.006670073244275,18.989158613184202,0.01084138681579816,0.00057059930609464,0.00036370308188470285,2890|7388,130|12.45,count|count,10.0|2.0,False
fgmvp_0226,fb0e35321af38020502240f0f1633e70be323dbaee7d43e109304efb9c99fb60,5054,bar,/data/liu_jun/finmme_reproduction/outputs/cache/phase2c_official_jpeg/5054.jpg,phase6_geometry_scale/masked_images/fgmvp_0226.png,phase6_geometry_scale/debug_overlays/fgmvp_0226.png,17.5,17.5,0.9291968941688538,17.5,0.8973353505134583,"[398.0,120.0,459.0,156.0]",2496,"[18.0,17.0,16.0,15.0,14.0]","[110.0,220.5,330.0,440.5,550.5]","[{""value"":18.0,""pixel_y"":110.0,""text"":""18"",""confidence"":0.9999981455391691,""bbox"":[25.0,94.0,61.0,126.0]},{""value"":17.0,""pixel_y"":220.5,""text"":""17"",""confidence"":0.573227985613905,""bbox"":[25.0,204.0,59.0,237.0]},{""value"":16.0,""pixel_y"":330.0,""text"":""16"",""confidence"":0.9999949423819248,""bbox"":[24.0,312.0,60.0,348.0]},{""value"":15.0,""pixel_y"":440.5,""text"":""15"",""confidence"":0.9999942680334141,""bbox"":[23.0,425.0,61.0,456.0]},{""value"":14.0,""pixel_y"":550.5,""text"":""14"",""confidence"":0.9999876088490234,""bbox"":[23.0,535.0,61.0,566.0]}]",-0.009082637149058385,18.99999505033398,0.9999983501113262,0.3001816530431631,1.0,5.102398484412273,"[73.288,49.3625,1008.64,611.1375]","[408,167,41,384]",null,428.5,167.0,2.5059428464616285,17.483194646441227,0.016805353558773106,0.0009603059176441775,0.003293618405170261,5054,77.8,percentage,5.0,False
fgmvp_0227,fb0e35321af38020502240f0f1633e70be323dbaee7d43e109304efb9c99fb60,5054,bar,/data/liu_jun/finmme_reproduction/outputs/cache/phase2c_official_jpeg/5054.jpg,phase6_geometry_scale/masked_images/fgmvp_0227.png,phase6_geometry_scale/debug_overlays/fgmvp_0227.png,17.0,17.0,0.999528169631958,17.0,0.9993977546691895,"[499.0,174.0,558.0,211.0]",2480,"[18.0,17.0,16.0,15.0,14.0]","[110.0,220.5,330.0,440.5,550.5]","[{""value"":18.0,""pixel_y"":110.0,""text"":""18"",""confidence"":0.9999981455391691,""bbox"":[25.0,94.0,61.0,126.0]},{""value"":17.0,""pixel_y"":220.5,""text"":""17"",""confidence"":0.573227985613905,""bbox"":[25.0,204.0,59.0,237.0]},{""value"":16.0,""pixel_y"":330.0,""text"":""16"",""confidence"":0.9999949423819248,""bbox"":[24.0,312.0,60.0,348.0]},{""value"":15.0,""pixel_y"":440.5,""text"":""15"",""confidence"":0.9999942680334141,""bbox"":[23.0,425.0,61.0,456.0]},{""value"":14.0,""pixel_y"":550.5,""text"":""14"",""confidence"":0.9999876088490234,""bbox"":[23.0,535.0,61.0,566.0]}]",-0.009082637149058385,18.99999505033398,0.9999983501113262,0.3001816530431631,1.0,5.102398484412273,"[73.288,49.3625,1008.64,611.1375]","[509,222,40,329]",null,529.0,222.0,2.4050092583036355,16.983649603243016,0.016350396756983798,0.0009617880445284587,0.0032044531227684273,5054,77.8,percentage,5.0,False
fgmvp_0228,fb0e35321af38020502240f0f1633e70be323dbaee7d43e109304efb9c99fb60,5054,bar,/data/liu_jun/finmme_reproduction/outputs/cache/phase2c_official_jpeg/5054.jpg,phase6_geometry_scale/masked_images/fgmvp_0228.png,phase6_geometry_scale/debug_overlays/fgmvp_0228.png,16.5,16.5,0.947403432413674,16.5,0.9822286367416382,"[600.0,230.0,659.0,267.0]",2480,"[18.0,17.0,16.0,15.0,14.0]","[110.0,220.5,330.0,440.5,550.5]","[{""value"":18.0,""pixel_y"":110.0,""text"":""18"",""confidence"":0.9999981455391691,""bbox"":[25.0,94.0,61.0,126.0]},{""value"":17.0,""pixel_y"":220.5,""text"":""17"",""confidence"":0.573227985613905,""bbox"":[25.0,204.0,59.0,237.0]},{""value"":16.0,""pixel_y"":330.0,""text"":""16"",""confidence"":0.9999949423819248,""bbox"":[24.0,312.0,60.0,348.0]},{""value"":15.0,""pixel_y"":440.5,""text"":""15"",""confidence"":0.9999942680334141,""bbox"":[23.0,425.0,61.0,456.0]},{""value"":14.0,""pixel_y"":550.5,""text"":""14"",""confidence"":0.9999876088490234,""bbox"":[23.0,535.0,61.0,566.0]}]",-0.009082637149058385,18.99999505033398,0.9999983501113262,0.3001816530431631,1.0,5.102398484412273,"[73.288,49.3625,1008.64,611.1375]","[610,277,40,274]",null,630.0,277.0,2.3102064660509214,16.484104560044806,0.01589543995519449,0.0009633599972845145,0.0031152878403665936,5054,77.8,percentage,5.0,False
fgmvp_0229,fb0e35321af38020502240f0f1633e70be323dbaee7d43e109304efb9c99fb60,5054,bar,/data/liu_jun/finmme_reproduction/outputs/cache/phase2c_official_jpeg/5054.jpg,phase6_geometry_scale/masked_images/fgmvp_0229.png,phase6_geometry_scale/debug_overlays/fgmvp_0229.png,16.0,16.0,0.9999554753303528,16.0,0.9999249577522278,"[902.0,285.0,961.0,321.0]",2418,"[18.0,17.0,16.0,15.0,14.0]","[110.0,220.5,330.0,440.5,550.5]","[{""value"":18.0,""pixel_y"":110.0,""text"":""18"",""confidence"":0.9999981455391691,""bbox"":[25.0,94.0,61.0,126.0]},{""value"":17.0,""pixel_y"":220.5,""text"":""17"",""confidence"":0.573227985613905,""bbox"":[25.0,204.0,59.0,237.0]},{""value"":16.0,""pixel_y"":330.0,""text"":""16"",""confidence"":0.9999949423819248,""bbox"":[24.0,312.0,60.0,348.0]},{""value"":15.0,""pixel_y"":440.5,""text"":""15"",""confidence"":0.9999942680334141,""bbox"":[23.0,425.0,61.0,456.0]},{""value"":14.0,""pixel_y"":550.5,""text"":""14"",""confidence"":0.9999876088490234,""bbox"":[23.0,535.0,61.0,566.0]}]",-0.009082637149058385,18.99999505033398,0.9999983501113262,0.3001816530431631,1.0,5.102398484412273,"[73.288,49.3625,1008.64,611.1375]","[911,332,40,219]",null,931.0,332.0,2.2094486528940536,15.984559516846595,0.015440483153405182,0.0009650301970878239,0.00302612255796476,5054,77.8,percentage,5.0,False
fgmvp_0230,fb0e35321af38020502240f0f1633e70be323dbaee7d43e109304efb9c99fb60,5054,bar,/data/liu_jun/finmme_reproduction/outputs/cache/phase2c_official_jpeg/5054.jpg,phase6_geometry_scale/masked_images/fgmvp_0230.png,phase6_geometry_scale/debug_overlays/fgmvp_0230.png,16.0,16.0,0.9998664855957031,16.0,0.9999006986618042,"[801.0,285.0,860.0,321.0]",2418,"[18.0,17.0,16.0,15.0,14.0]","[110.0,220.5,330.0,440.5,550.5]","[{""value"":18.0,""pixel_y"":110.0,""text"":""18"",""confidence"":0.9999981455391691,""bbox"":[25.0,94.0,61.0,126.0]},{""value"":17.0,""pixel_y"":220.5,""text"":""17"",""confidence"":0.573227985613905,""bbox"":[25.0,204.0,59.0,237.0]},{""value"":16.0,""pixel_y"":330.0,""text"":""16"",""confidence"":0.9999949423819248,""bbox"":[24.0,312.0,60.0,348.0]},{""value"":15.0,""pixel_y"":440.5,""text"":""15"",""confidence"":0.9999942680334141,""bbox"":[23.0,425.0,61.0,456.0]},{""value"":14.0,""pixel_y"":550.5,""text"":""14"",""confidence"":0.9999876088490234,""bbox"":[23.0,535.0,61.0,566.0]}]",-0.009082637149058385,18.99999505033398,0.9999983501113262,0.3001816530431631,1.0,5.102398484412273,"[73.288,49.3625,1008.64,611.1375]","[811,332,40,219]",null,831.0,332.0,2.208192945131497,15.984559516846595,0.015440483153405182,0.0009650301970878239,0.00302612255796476,5054,77.8,percentage,5.0,False
fgmvp_0231,fb0e35321af38020502240f0f1633e70be323dbaee7d43e109304efb9c99fb60,5054,bar,/data/liu_jun/finmme_reproduction/outputs/cache/phase2c_official_jpeg/5054.jpg,phase6_geometry_scale/masked_images/fgmvp_0231.png,phase6_geometry_scale/debug_overlays/fgmvp_0231.png,17.2,17.2,0.7421419226431032,17.2,0.7561463881368492,"[98.0,150.0,154.0,182.0]",2065,"[18.0,17.0,16.0,15.0,14.0]","[110.0,220.5,330.0,440.5,550.5]","[{""value"":18.0,""pixel_y"":110.0,""text"":""18"",""confidence"":0.9999981455391691,""bbox"":[25.0,94.0,59.0,126.0]},{""value"":17.0,""pixel_y"":220.5,""text"":""17"",""confidence"":0.999972469844606,""bbox"":[25.0,204.0,61.0,237.0]},{""value"":16.0,""pixel_y"":330.0,""text"":""16"",""confidence"":0.9999949423819248,""bbox"":[24.0,312.0,60.0,348.0]},{""value"":15.0,""pixel_y"":440.5,""text"":""15"",""confidence"":0.9999942680334141,""bbox"":[23.0,425.0,61.0,456.0]},{""value"":14.0,""pixel_y"":550.5,""text"":""14"",""confidence"":0.9999876088490234,""bbox"":[23.0,535.0,61.0,566.0]}]",-0.009082637149058385,18.99999505033398,0.9999983501113262,0.3001816530431631,1.0,5.102398484412273,"[73.288,49.3625,1008.64,611.1375]","[107,195,40,356]",null,127.0,195.0,2.442543543155113,17.228880806267593,0.02888080626759404,0.0016791166434647698,0.005660241228869978,5054,77.8,percentage,5.0,False
fgmvp_0232,3822fe9af1acb759ae19dc9db77cc35d3110c674b9b26901e7269f79568a13e0,3689,bar,/data/liu_jun/finmme_reproduction/outputs/cache/phase2c_official_jpeg/3689.jpg,phase6_geometry_scale/masked_images/fgmvp_0232.png,phase6_geometry_scale/debug_overlays/fgmvp_0232.png,23%,23.0,0.9850863165966325,23%,0.9982198339924447,"[83.0,56.0,116.0,76.0]",756,"[35.0,30.0,25.0,20.0,15.0,10.0,5.0,0.0,-15.0]","[27.0,49.0,72.0,94.0,116.0,139.0,160.5,182.0,248.5]","[{""value"":35.0,""pixel_y"":27.0,""text"":""35%"",""confidence"":0.9900623170638679,""bbox"":[8.0,18.0,41.0,36.0]},{""value"":30.0,""pixel_y"":49.0,""text"":""30%"",""confidence"":0.9993553392430046,""bbox"":[8.0,40.0,41.0,58.0]},{""value"":25.0,""pixel_y"":72.0,""text"":""25%"",""confidence"":0.9188417356015062,""bbox"":[8.0,63.0,41.0,81.0]},{""value"":20.0,""pixel_y"":94.0,""text"":""20%"",""confidence"":0.9904191493988037,""bbox"":[8.0,85.0,41.0,103.0]},{""value"":15.0,""pixel_y"":116.0,""text"":""15%"",""confidence"":0.9917843600938258,""bbox"":[8.0,107.0,41.0,125.0]},{""value"":10.0,""pixel_y"":139.0,""text"":""10%"",""confidence"":0.9998067404548312,""bbox"":[10.0,130.0,41.0,148.0]},{""value"":5.0,""pixel_y"":160.5,""text"":""5%"",""confidence"":0.7148720265728117,""bbox"":[16.0,152.0,41.0,169.0]},{""value"":0.0,""pixel_y"":182.0,""text"":""0%"",""confidence"":0.990702135343288,""bbox"":[15.0,173.0,41.0,191.0]},{""value"":-15.0,""pixel_y"":248.5,""text"":""-15%"",""confidence"":0.9132687449455261,""bbox"":[3.0,239.0,41.0,258.0]}]",-0.22571532259786103,41.1753634429414,0.9999567084921998,0.8819356872636539,5.0,55.45825476229446,"[53.288,14.899999999999999,1008.64,260.6]","[85,81,32,101]",null,101.0,81.0,2.445383974259865,22.89242231251466,0.10757768748533891,0.004677290760232127,0.0019397957607292027,3689,29,percentage,3.0,False
fgmvp_0233,3822fe9af1acb759ae19dc9db77cc35d3110c674b9b26901e7269f79568a13e0,3689,bar,/data/liu_jun/finmme_reproduction/outputs/cache/phase2c_official_jpeg/3689.jpg,phase6_geometry_scale/masked_images/fgmvp_0233.png,phase6_geometry_scale/debug_overlays/fgmvp_0233.png,31%,31.0,0.9905906215065348,31%,0.9944060356343246,"[803.0,23.0,834.0,41.0]",646,"[35.0,30.0,25.0,20.0,15.0,10.0,5.0,0.0,-15.0]","[27.0,49.0,72.0,94.0,116.0,139.0,160.0,182.0,248.5]","[{""value"":35.0,""pixel_y"":27.0,""text"":""35%"",""confidence"":0.9900623170638679,""bbox"":[8.0,18.0,41.0,36.0]},{""value"":30.0,""pixel_y"":49.0,""text"":""30%"",""confidence"":0.9993553392430046,""bbox"":[8.0,40.0,41.0,58.0]},{""value"":25.0,""pixel_y"":72.0,""text"":""25%"",""confidence"":0.9188417356015062,""bbox"":[8.0,63.0,41.0,81.0]},{""value"":20.0,""pixel_y"":94.0,""text"":""20%"",""confidence"":0.9904191493988037,""bbox"":[8.0,85.0,41.0,103.0]},{""value"":15.0,""pixel_y"":116.0,""text"":""15%"",""confidence"":0.9917843600938258,""bbox"":[8.0,107.0,41.0,125.0]},{""value"":10.0,""pixel_y"":139.0,""text"":""10%"",""confidence"":0.9998067404548312,""bbox"":[10.0,130.0,41.0,148.0]},{""value"":5.0,""pixel_y"":160.0,""text"":""5%"",""confidence"":0.8244184189869511,""bbox"":[16.0,151.0,41.0,169.0]},{""value"":0.0,""pixel_y"":182.0,""text"":""0%"",""confidence"":0.990702135343288,""bbox"":[15.0,173.0,41.0,191.0]},{""value"":-15.0,""pixel_y"":248.5,""text"":""-15%"",""confidence"":0.9132687449455261,""bbox"":[3.0,239.0,41.0,258.0]}]",-0.2258293372994503,41.176600479239106,0.9999571661650524,0.9461897552360395,5.0,55.486268174474944,"[53.288,14.899999999999999,1008.64,260.6]","[804,47,33,135]",null,820.5,47.0,2.3211033964270427,30.56262162616494,0.4373783738350596,0.014108979801130956,0.007882641745877307,3689,29,percentage,3.0,False
fgmvp_0234,3822fe9af1acb759ae19dc9db77cc35d3110c674b9b26901e7269f79568a13e0,3689,bar,/data/liu_jun/finmme_reproduction/outputs/cache/phase2c_official_jpeg/3689.jpg,phase6_geometry_scale/masked_images/fgmvp_0234.png,phase6_geometry_scale/debug_overlays/fgmvp_0234.png,11%,11.0,0.9716551392408579,11%,0.7208863496780396,"[424.0,112.0,457.0,130.0]",684,"[35.0,30.0,25.0,20.0,15.0,10.0,5.0,0.0,-15.0]","[27.0,49.0,72.0,94.0,116.0,139.0,160.0,182.0,248.5]","[{""value"":35.0,""pixel_y"":27.0,""text"":""35%"",""confidence"":0.9900623170638679,""bbox"":[8.0,18.0,41.0,36.0]},{""value"":30.0,""pixel_y"":49.0,""text"":""30%"",""confidence"":0.9993553392430046,""bbox"":[8.0,40.0,41.0,58.0]},{""value"":25.0,""pixel_y"":72.0,""text"":""25%"",""confidence"":0.9188417356015062,""bbox"":[8.0,63.0,41.0,81.0]},{""value"":20.0,""pixel_y"":94.0,""text"":""20%"",""confidence"":0.9904191493988037,""bbox"":[8.0,85.0,41.0,103.0]},{""value"":15.0,""pixel_y"":116.0,""text"":""15%"",""confidence"":0.9917843600938258,""bbox"":[8.0,107.0,41.0,125.0]},{""value"":10.0,""pixel_y"":139.0,""text"":""10%"",""confidence"":0.9998067404548312,""bbox"":[10.0,130.0,41.0,148.0]},{""value"":5.0,""pixel_y"":160.0,""text"":""5%"",""confidence"":0.8244184189869511,""bbox"":[16.0,151.0,41.0,169.0]},{""value"":0.0,""pixel_y"":182.0,""text"":""0%"",""confidence"":0.990702135343288,""bbox"":[15.0,173.0,41.0,191.0]},{""value"":-15.0,""pixel_y"":248.5,""text"":""-15%"",""confidence"":0.9132687449455261,""bbox"":[3.0,239.0,41.0,258.0]}]",-0.2258293372994503,41.176600479239106,0.9999571661650524,0.9461897552360395,5.0,55.486268174474944,"[53.288,14.899999999999999,1008.64,260.6]","[424,136,33,46]",null,440.5,136.0,2.335929759740159,10.463810606513867,0.5361893934861328,0.048744490316921164,0.009663461089149138,3689,29,percentage,3.0,False
fgmvp_0235,3822fe9af1acb759ae19dc9db77cc35d3110c674b9b26901e7269f79568a13e0,3689,bar,/data/liu_jun/finmme_reproduction/outputs/cache/phase2c_official_jpeg/3689.jpg,phase6_geometry_scale/masked_images/fgmvp_0235.png,phase6_geometry_scale/debug_overlays/fgmvp_0235.png,19%,19.0,0.8614701521977792,19%,0.8869274780068344,"[119.0,77.0,149.0,95.0]",627,"[35.0,30.0,25.0,20.0,15.0,10.0,5.0,0.0,-15.0]","[27.0,49.0,72.0,94.0,116.0,139.0,160.0,182.0,248.5]","[{""value"":35.0,""pixel_y"":27.0,""text"":""35%"",""confidence"":0.9900623170638679,""bbox"":[8.0,18.0,41.0,36.0]},{""value"":30.0,""pixel_y"":49.0,""text"":""30%"",""confidence"":0.9993553392430046,""bbox"":[8.0,40.0,41.0,58.0]},{""value"":25.0,""pixel_y"":72.0,""text"":""25%"",""confidence"":0.9188417356015062,""bbox"":[8.0,63.0,41.0,81.0]},{""value"":20.0,""pixel_y"":94.0,""text"":""20%"",""confidence"":0.9904191493988037,""bbox"":[8.0,85.0,41.0,103.0]},{""value"":15.0,""pixel_y"":116.0,""text"":""15%"",""confidence"":0.9917843600938258,""bbox"":[8.0,107.0,41.0,125.0]},{""value"":10.0,""pixel_y"":139.0,""text"":""10%"",""confidence"":0.9998067404548312,""bbox"":[10.0,130.0,41.0,148.0]},{""value"":5.0,""pixel_y"":160.0,""text"":""5%"",""confidence"":0.8244184189869511,""bbox"":[16.0,151.0,41.0,169.0]},{""value"":0.0,""pixel_y"":182.0,""text"":""0%"",""confidence"":0.990702135343288,""bbox"":[15.0,173.0,41.0,191.0]},{""value"":-15.0,""pixel_y"":248.5,""text"":""-15%"",""confidence"":0.9132687449455261,""bbox"":[3.0,239.0,41.0,258.0]}]",-0.2258293372994503,41.176600479239106,0.9999571661650524,0.9461897552360395,5.0,55.486268174474944,"[53.288,14.899999999999999,1008.64,260.6]","[118,100,34,83]",null,135.0,100.0,2.27001371922304,18.593666749294076,0.40633325070592363,0.021385960563469666,0.0073231317238387815,3689,29,percentage,3.0,False
fgmvp_0236,9aff41a612557b3aa55906331cbb7098d4aa0c632337e22ba6d4dd95f2fb30ad,3358,bar,/data/liu_jun/finmme_reproduction/outputs/cache/phase2c_official_jpeg/3358.jpg,phase6_geometry_scale/masked_images/fgmvp_0236.png,phase6_geometry_scale/debug_overlays/fgmvp_0236.png,3.9,3.9,0.9999691662327824,3.9,0.6649091839790344,"[385.0,95.0,426.0,122.0]",1320,"[6.0,4.0,2.0,-4.0,-6.0]","[70.0,127.0,183.5,353.0,409.0]","[{""value"":6.0,""pixel_y"":70.0,""text"":""6.0"",""confidence"":0.9999436321157233,""bbox"":[28.0,57.0,69.0,83.0]},{""value"":4.0,""pixel_y"":127.0,""text"":""4.0"",""confidence"":0.999948036916744,""bbox"":[28.0,113.0,69.0,141.0]},{""value"":2.0,""pixel_y"":183.5,""text"":""2.0"",""confidence"":0.9999871984651112,""bbox"":[28.0,170.0,69.0,197.0]},{""value"":-4.0,""pixel_y"":353.0,""text"":""-4.0"",""confidence"":0.9727210998535156,""bbox"":[22.0,340.0,67.0,366.0]},{""value"":-6.0,""pixel_y"":409.0,""text"":""-6.0"",""confidence"":0.9613489508628845,""bbox"":[22.0,396.0,69.0,422.0]}]",-0.03540278264936279,8.4895358353794,0.9999965099092402,0.3203434610304124,2.0,14.21156202502046,"[81.288,38.787499999999994,1008.64,440.2125]","[389,131,27,108]",null,402.5,131.0,2.4227542637889683,3.8517713083128733,0.048228691687126624,0.012366331201827339,0.0033936235582138403,10158,3.08,INR/liter,0.10000000149011612,False
fgmvp_0237,9aff41a612557b3aa55906331cbb7098d4aa0c632337e22ba6d4dd95f2fb30ad,3358,bar,/data/liu_jun/finmme_reproduction/outputs/cache/phase2c_official_jpeg/3358.jpg,phase6_geometry_scale/masked_images/fgmvp_0237.png,phase6_geometry_scale/debug_overlays/fgmvp_0237.png,4.9,4.9,0.8080992102622986,4.9,0.8998287320137024,"[745.0,66.0,786.0,93.0]",1320,"[6.0,4.0,2.0,-4.0,-6.0]","[70.0,127.0,183.5,353.0,409.0]","[{""value"":6.0,""pixel_y"":70.0,""text"":""6.0"",""confidence"":0.9999436321157233,""bbox"":[28.0,57.0,69.0,83.0]},{""value"":4.0,""pixel_y"":127.0,""text"":""4.0"",""confidence"":0.999948036916744,""bbox"":[28.0,113.0,69.0,141.0]},{""value"":2.0,""pixel_y"":183.5,""text"":""2.0"",""confidence"":0.9999871984651112,""bbox"":[28.0,170.0,69.0,197.0]},{""value"":-4.0,""pixel_y"":353.0,""text"":""-4.0"",""confidence"":0.9727210998535156,""bbox"":[22.0,340.0,67.0,366.0]},{""value"":-6.0,""pixel_y"":409.0,""text"":""-6.0"",""confidence"":0.9613489508628845,""bbox"":[22.0,396.0,69.0,422.0]}]",-0.03540278264936279,8.4895358353794,0.9999965099092402,0.3203434610304124,2.0,14.21156202502046,"[81.288,38.787499999999994,1008.64,440.2125]","[750,105,23,134]",null,761.5,105.0,2.3837345800153398,4.772243657196306,0.12775634280369452,0.026072723021162144,0.008989605968631065,10158,3.08,INR/liter,0.10000000149011612,False
fgmvp_0238,65fed7b10054d8f2200ccfc59fa01a9560b109e468758931c0e0cc023b6e69ac,5772,bar,/data/liu_jun/finmme_reproduction/outputs/cache/phase2c_official_jpeg/5772.jpg,phase6_geometry_scale/masked_images/fgmvp_0238.png,phase6_geometry_scale/debug_overlays/fgmvp_0238.png,6.0,6.0,0.9999317942258614,6.0,0.9998697144364453,"[718.0,116.0,760.0,144.0]",1395,"[8.0,6.0,4.0,2.0,0.0,-4.0,-6.0,-8.0]","[100.0,155.5,213.0,269.5,325.0,439.5,497.0,555.0]","[{""value"":8.0,""pixel_y"":100.0,""text"":""8"",""confidence"":0.999999880790714,""bbox"":[31.0,87.0,52.0,113.0]},{""value"":6.0,""pixel_y"":155.5,""text"":""6"",""confidence"":0.999999046325911,""bbox"":[31.0,141.0,52.0,170.0]},{""value"":4.0,""pixel_y"":213.0,""text"":""4"",""confidence"":0.9999992847443906,""bbox"":[31.0,200.0,52.0,226.0]},{""value"":2.0,""pixel_y"":269.5,""text"":""2"",""confidence"":0.8438088791668713,""bbox"":[31.0,255.0,52.0,284.0]},{""value"":0.0,""pixel_y"":325.0,""text"":""0"",""confidence"":0.9999959468882622,""bbox"":[31.0,312.0,50.0,338.0]},{""value"":-4.0,""pixel_y"":439.5,""text"":""-4"",""confidence"":0.857743345129646,""bbox"":[20.0,423.0,53.0,456.0]},{""value"":-6.0,""pixel_y"":497.0,""text"":""-6"",""confidence"":0.9639400787637477,""bbox"":[22.0,482.0,53.0,512.0]},{""value"":-8.0,""pixel_y"":555.0,""text"":""-8"",""confidence"":0.9217307772175798,""bbox"":[22.0,540.0,53.0,570.0]}]",-0.03517655518097547,11.48231377622523,0.999973867212051,1.4195063203689686,2.0,18.230249722540538,"[65.288,68.375,1008.64,586.625]","[715,157,39,168]",null,734.5,157.0,2.4183447029717433,5.959594612812081,0.04040538718791886,0.006734231197986477,0.0022163924138658498,5785,50,percentage,5.0,False
fgmvp_0239,65fed7b10054d8f2200ccfc59fa01a9560b109e468758931c0e0cc023b6e69ac,5772,bar,/data/liu_jun/finmme_reproduction/outputs/cache/phase2c_official_jpeg/5772.jpg,phase6_geometry_scale/masked_images/fgmvp_0239.png,phase6_geometry_scale/debug_overlays/fgmvp_0239.png,3.0,3.0,0.947564068169476,3.0,0.3884342716635704,"[102.0,183.0,144.0,213.0]",1485,"[8.0,6.0,4.0,2.0,0.0,-4.0,-6.0,-8.0]","[100.0,155.5,212.5,269.5,326.0,439.5,497.0,555.0]","[{""value"":8.0,""pixel_y"":100.0,""text"":""8"",""confidence"":1.0,""bbox"":[28.0,86.0,53.0,114.0]},{""value"":6.0,""pixel_y"":155.5,""text"":""6"",""confidence"":0.999999046325911,""bbox"":[31.0,141.0,52.0,170.0]},{""value"":4.0,""pixel_y"":212.5,""text"":""4"",""confidence"":0.9999989271166818,""bbox"":[31.0,199.0,50.0,226.0]},{""value"":2.0,""pixel_y"":269.5,""text"":""2"",""confidence"":0.8438088791668713,""bbox"":[31.0,255.0,52.0,284.0]},{""value"":0.0,""pixel_y"":326.0,""text"":""0"",""confidence"":0.9995520083973236,""bbox"":[31.0,312.0,50.0,340.0]},{""value"":-4.0,""pixel_y"":439.5,""text"":""-4"",""confidence"":0.857743345129646,""bbox"":[20.0,423.0,53.0,456.0]},{""value"":-6.0,""pixel_y"":497.0,""text"":""-6"",""confidence"":0.9639400787637477,""bbox"":[22.0,482.0,53.0,512.0]},{""value"":-8.0,""pixel_y"":555.0,""text"":""-8"",""confidence"":0.9217307772175798,""bbox"":[22.0,540.0,53.0,570.0]}]",-0.035165749791102006,11.481061339533202,0.9999840123718153,1.0217269571059115,2.0,18.20530866685351,"[65.288,68.65,1008.64,586.35]","[99,243,40,83]",null,119.0,243.0,2.1907549919153118,2.9357841402954143,0.06421585970458565,0.02140528656819522,0.0035273150749431546,5785,50,percentage,5.0,False
fgmvp_0240,b8dc979da31a72808058dc616c7cd4504129a10d31af0d2155e5b16455e61827,878,bar,/data/liu_jun/finmme_reproduction/outputs/cache/phase2c_official_jpeg/878.jpg,phase6_geometry_scale/masked_images/fgmvp_0240.png,phase6_geometry_scale/debug_overlays/fgmvp_0240.png,1.5,1.5,0.999819885799458,1.5,0.755458414554596,"[227.0,154.0,255.0,173.0]",620,"[3.5,3.0,2.0,1.5,1.0,0.5,0.0]","[17.5,59.0,143.0,186.5,228.5,271.0,312.5]","[{""value"":3.5,""pixel_y"":17.5,""text"":""3.5"",""confidence"":0.5877481698989868,""bbox"":[5.0,7.0,34.0,28.0]},{""value"":3.0,""pixel_y"":59.0,""text"":""3.0"",""confidence"":0.8858630061149597,""bbox"":[5.0,50.0,31.0,68.0]},{""value"":2.0,""pixel_y"":143.0,""text"":""2.0"",""confidence"":0.7411278500744183,""bbox"":[5.0,133.0,33.0,153.0]},{""value"":1.5,""pixel_y"":186.5,""text"":""1.5"",""confidence"":0.999798206316789,""bbox"":[7.0,176.0,34.0,197.0]},{""value"":1.0,""pixel_y"":228.5,""text"":""1.0"",""confidence"":0.9999772187891642,""bbox"":[7.0,218.0,34.0,239.0]},{""value"":0.5,""pixel_y"":271.0,""text"":""0.5"",""confidence"":0.9996542974428009,""bbox"":[5.0,261.0,33.0,281.0]},{""value"":0.0,""pixel_y"":312.5,""text"":""0.0"",""confidence"":0.9995244308414778,""bbox"":[5.0,303.0,33.0,322.0]}]",-0.011833058696516843,3.701809356051074,0.9999792066578223,0.8182129994855235,0.5,3.905708101312573,"[39.388,5.67,442.265,335.7375]","[216,188,54,126]",null,243.0,188.0,2.394003396735769,1.4771943211059075,0.022805678894092463,0.015203785929394975,0.005839063827229757,2627,1.2,billion,1.0,False
fgmvp_0241,7bdb29b657afc5581db608a80ae61a0287d8dbfe1fcb24c036c6f90e8e5e2643,218,bar,/data/liu_jun/finmme_reproduction/outputs/cache/phase2c_official_jpeg/218.jpg,phase6_geometry_scale/masked_images/fgmvp_0241.png,phase6_geometry_scale/debug_overlays/fgmvp_0241.png,381,381.0,0.9442105889320374,381,0.5918483734130859,"[806.0,163.0,857.0,199.0]",2106,"[600.0,400.0,200.0,-200.0,-400.0]","[111.0,201.5,290.5,470.0,560.5]","[{""value"":600.0,""pixel_y"":111.0,""text"":""600"",""confidence"":0.9992388974404345,""bbox"":[30.0,93.0,84.0,129.0]},{""value"":400.0,""pixel_y"":201.5,""text"":""400"",""confidence"":0.9139247536659241,""bbox"":[31.0,185.0,82.0,218.0]},{""value"":200.0,""pixel_y"":290.5,""text"":""200"",""confidence"":0.9999856843065227,""bbox"":[31.0,274.0,83.0,307.0]},{""value"":-200.0,""pixel_y"":470.0,""text"":""-200"",""confidence"":0.648072915952549,""bbox"":[23.0,454.0,83.0,486.0]},{""value"":-400.0,""pixel_y"":560.5,""text"":""-400"",""confidence"":0.6665337085723877,""bbox"":[22.0,542.0,83.0,579.0]}]",-2.2271037342124864,847.594789967219,0.9999954732164552,0.5238249384955377,200.0,1222.7913052693657,"[96.288,61.224999999999994,1008.64,610.275]","[816,212,37,169]",null,834.5,212.0,2.4491246735786376,375.4487983141718,5.551201685828175,0.014570083164903347,0.004539778506689099,218|7006,755|590,bps|bps,5.0|5.0,False
fgmvp_0242,7bdb29b657afc5581db608a80ae61a0287d8dbfe1fcb24c036c6f90e8e5e2643,218,bar,/data/liu_jun/finmme_reproduction/outputs/cache/phase2c_official_jpeg/218.jpg,phase6_geometry_scale/masked_images/fgmvp_0242.png,phase6_geometry_scale/debug_overlays/fgmvp_0242.png,103,103.0,0.9191813468933105,103,0.9203509092330933,"[710.0,288.0,763.0,324.0]",2184,"[600.0,400.0,200.0,-200.0,-400.0]","[111.0,201.5,290.5,470.0,560.5]","[{""value"":600.0,""pixel_y"":111.0,""text"":""600"",""confidence"":0.9992388974404345,""bbox"":[30.0,93.0,84.0,129.0]},{""value"":400.0,""pixel_y"":201.5,""text"":""400"",""confidence"":0.9139247536659241,""bbox"":[31.0,185.0,82.0,218.0]},{""value"":200.0,""pixel_y"":290.5,""text"":""200"",""confidence"":0.9999856843065227,""bbox"":[31.0,274.0,83.0,307.0]},{""value"":-200.0,""pixel_y"":470.0,""text"":""-200"",""confidence"":0.648072915952549,""bbox"":[23.0,454.0,83.0,486.0]},{""value"":-400.0,""pixel_y"":560.5,""text"":""-400"",""confidence"":0.6665337085723877,""bbox"":[22.0,542.0,83.0,579.0]}]",-2.2271037342124864,847.594789967219,0.9999954732164552,0.5238249384955377,200.0,1222.7913052693657,"[96.288,61.224999999999994,1008.64,610.275]","[718,337,37,43]",null,736.5,337.0,2.2384791570040137,97.06083153761108,5.9391684623889205,0.05766182973193127,0.00485705813968034,218|7006,755|590,bps|bps,5.0|5.0,False
fgmvp_0243,4feb7278f061a991ea8aaa04725ad85e115058efe47649d51626fcc9aed0308f,3468,bar,/data/liu_jun/finmme_reproduction/outputs/cache/phase2c_official_jpeg/3468.jpg,phase6_geometry_scale/masked_images/fgmvp_0243.png,phase6_geometry_scale/debug_overlays/fgmvp_0243.png,134,134.0,0.8991463775552462,134,0.7980262637138367,"[184.0,93.0,247.0,131.0]",2706,"[160.0,140.0,120.0,100.0,80.0,60.0,40.0,20.0,0.0]","[49.0,122.0,195.0,267.5,340.0,413.0,485.0,559.0,631.5]","[{""value"":160.0,""pixel_y"":49.0,""text"":""160"",""confidence"":0.9998757021541652,""bbox"":[32.0,30.0,95.0,68.0]},{""value"":140.0,""pixel_y"":122.0,""text"":""140"",""confidence"":0.9999986234898187,""bbox"":[32.0,104.0,95.0,140.0]},{""value"":120.0,""pixel_y"":195.0,""text"":""120"",""confidence"":0.9959183931350708,""bbox"":[32.0,176.0,95.0,214.0]},{""value"":100.0,""pixel_y"":267.5,""text"":""100"",""confidence"":0.9999154139208549,""bbox"":[32.0,249.0,95.0,286.0]},{""value"":80.0,""pixel_y"":340.0,""text"":""80"",""confidence"":0.9999902219451473,""bbox"":[48.0,321.0,95.0,359.0]},{""value"":60.0,""pixel_y"":413.0,""text"":""60"",""confidence"":0.9999849957548995,""bbox"":[49.0,395.0,95.0,431.0]},{""value"":40.0,""pixel_y"":485.0,""text"":""40"",""confidence"":0.9999983141264758,""bbox"":[49.0,467.0,95.0,503.0]},{""value"":20.0,""pixel_y"":559.0,""text"":""20"",""confidence"":0.9999976397772992,""bbox"":[48.0,541.0,95.0,577.0]},{""value"":0.0,""pixel_y"":631.5,""text"":""0"",""confidence"":0.9999976158156301,""bbox"":[68.0,615.0,96.0,648.0]}]",-0.27481876916003095,173.49945235200164,0.9999967962810636,0.7726885250074916,20.0,181.0938890787711,"[108.288,12.555,1008.64,671.5125]","[207,145,18,486]",null,216.0,145.0,2.4786268429245455,133.65073082379715,0.3492691762028528,0.0026064863895735283,0.001928663512499474,5590,26.5,USD per 1000 pcs,2.0,False
fgmvp_0244,ace8e5f4b2d818db4454f4100daee1cf7521458feeb21eadb1f85c1323b50a1c,2230,bar,/data/liu_jun/finmme_reproduction/outputs/cache/phase2c_official_jpeg/2230.jpg,phase6_geometry_scale/masked_images/fgmvp_0244.png,phase6_geometry_scale/debug_overlays/fgmvp_0244.png,20.2,20.2,0.9132705417011894,20.2,0.8184542909653401,"[932.0,167.0,990.0,198.0]",2074,"[40.0,30.0,20.0,10.0,0.0,-10.0]","[92.5,150.5,210.0,269.5,327.5,387.0]","[{""value"":40.0,""pixel_y"":92.5,""text"":""40"",""confidence"":0.7179565198396876,""bbox"":[31.0,78.0,67.0,107.0]},{""value"":30.0,""pixel_y"":150.5,""text"":""30"",""confidence"":0.6718931198120117,""bbox"":[30.0,135.0,67.0,166.0]},{""value"":20.0,""pixel_y"":210.0,""text"":""20"",""confidence"":0.9999976397772992,""bbox"":[30.0,194.0,67.0,226.0]},{""value"":10.0,""pixel_y"":269.5,""text"":""10"",""confidence"":0.9999947737947846,""bbox"":[31.0,254.0,67.0,285.0]},{""value"":0.0,""pixel_y"":327.5,""text"":""0"",""confidence"":0.9999978542339392,""bbox"":[47.0,315.0,65.0,340.0]},{""value"":-10.0,""pixel_y"":387.0,""text"":""-10"",""confidence"":0.7567046284675598,""bbox"":[23.0,372.0,67.0,402.0]}]",-0.1696532100887328,55.6319438162515,0.9999844926087309,0.5843431895297696,10.0,61.06667297143937,"[79.288,59.775,1008.64,419.725]","[938,210,41,118]",null,958.5,210.0,2.4204779920744826,20.00476969761761,0.19523030238238803,0.009664866454573665,0.0031970024381989246,2230,14.9,percentage,3.0,False
fgmvp_0245,ace8e5f4b2d818db4454f4100daee1cf7521458feeb21eadb1f85c1323b50a1c,2230,bar,/data/liu_jun/finmme_reproduction/outputs/cache/phase2c_official_jpeg/2230.jpg,phase6_geometry_scale/masked_images/fgmvp_0245.png,phase6_geometry_scale/debug_overlays/fgmvp_0245.png,11.2,11.2,0.9968128800392151,11.2,0.921963853840361,"[727.0,220.0,784.0,251.0]",2040,"[40.0,30.0,20.0,10.0,0.0,-10.0]","[92.5,150.5,210.0,269.5,327.5,387.0]","[{""value"":40.0,""pixel_y"":92.5,""text"":""40"",""confidence"":0.7179565198396876,""bbox"":[31.0,78.0,67.0,107.0]},{""value"":30.0,""pixel_y"":150.5,""text"":""30"",""confidence"":0.6718931198120117,""bbox"":[30.0,135.0,67.0,166.0]},{""value"":20.0,""pixel_y"":210.0,""text"":""20"",""confidence"":0.9999976397772992,""bbox"":[30.0,194.0,67.0,226.0]},{""value"":10.0,""pixel_y"":269.5,""text"":""10"",""confidence"":0.9999947737947846,""bbox"":[31.0,254.0,67.0,285.0]},{""value"":0.0,""pixel_y"":327.5,""text"":""0"",""confidence"":0.9999978542339392,""bbox"":[47.0,315.0,65.0,340.0]},{""value"":-10.0,""pixel_y"":387.0,""text"":""-10"",""confidence"":0.7567046284675598,""bbox"":[23.0,372.0,67.0,402.0]}]",-0.1696532100887328,55.6319438162515,0.9999844926087309,0.5843431895297696,10.0,61.06667297143937,"[79.288,59.775,1008.64,419.725]","[731,263,42,64]",null,752.0,263.0,2.326042290427154,11.013149562914776,0.18685043708522286,0.016683074739752043,0.0030597775839632207,2230,14.9,percentage,3.0,False
fgmvp_0246,231d575a3bb0ec3e43be3dc0f2c283c235657d98062655b6180966c87ea43c65,3384,bar,/data/liu_jun/finmme_reproduction/outputs/cache/phase2c_official_jpeg/3384.jpg,phase6_geometry_scale/masked_images/fgmvp_0246.png,phase6_geometry_scale/debug_overlays/fgmvp_0246.png,8.8%,8.8,0.9634875655174255,8.8%,0.9448502117970947,"[615.0,54.0,675.0,82.0]",1953,"[10.0,9.0,8.09,7.0,6.0,5.0,2.0,1.0,0.0]","[35.0,81.0,127.0,172.5,218.0,263.5,400.0,447.0,492.0]","[{""value"":10.0,""pixel_y"":35.0,""text"":""10.0%"",""confidence"":0.988347655548352,""bbox"":[22.0,22.0,93.0,48.0]},{""value"":9.0,""pixel_y"":81.0,""text"":""9.0%"",""confidence"":0.5989073520776602,""bbox"":[34.0,68.0,93.0,94.0]},{""value"":8.09,""pixel_y"":127.0,""text"":""8.09"",""confidence"":0.5589105486869812,""bbox"":[34.0,113.0,93.0,141.0]},{""value"":7.0,""pixel_y"":172.5,""text"":""7.0%"",""confidence"":0.7621063590049744,""bbox"":[36.0,159.0,93.0,186.0]},{""value"":6.0,""pixel_y"":218.0,""text"":""6.0%"",""confidence"":0.9178890585899353,""bbox"":[34.0,204.0,93.0,232.0]},{""value"":5.0,""pixel_y"":263.5,""text"":""5.0%"",""confidence"":0.8729334473609924,""bbox"":[34.0,250.0,93.0,277.0]},{""value"":2.0,""pixel_y"":400.0,""text"":""2.0%"",""confidence"":0.8989724352688204,""bbox"":[34.0,386.0,93.0,414.0]},{""value"":1.0,""pixel_y"":447.0,""text"":""1.0%"",""confidence"":0.9922836422920227,""bbox"":[34.0,433.0,94.0,461.0]},{""value"":0.0,""pixel_y"":492.0,""text"":""0.0%"",""confidence"":0.6927333621844735,""bbox"":[34.0,478.0,93.0,506.0]}]",-0.021943457333373953,10.795063399713792,0.9999174904481877,3.725742957576534,1.0,11.132464491653941,"[106.288,9.837499999999999,1008.64,517.1625]","[631,93,28,397]",null,645.0,93.0,2.367379223622169,8.754321867710015,0.04567813228998574,0.005190696851134742,0.004103146461794766,4363,5.9,percentage,2.0,False
fgmvp_0247,231d575a3bb0ec3e43be3dc0f2c283c235657d98062655b6180966c87ea43c65,3384,bar,/data/liu_jun/finmme_reproduction/outputs/cache/phase2c_official_jpeg/3384.jpg,phase6_geometry_scale/masked_images/fgmvp_0247.png,phase6_geometry_scale/debug_overlays/fgmvp_0247.png,9.4%,9.4,0.8367449852553366,9.4%,0.7560067772865295,"[422.0,26.0,482.0,54.0]",1953,"[10.0,9.0,8.09,7.0,6.0,5.0,2.0,1.0,0.0]","[35.0,81.0,127.0,172.5,218.0,263.5,400.0,447.0,492.0]","[{""value"":10.0,""pixel_y"":35.0,""text"":""10.0%"",""confidence"":0.988347655548352,""bbox"":[22.0,22.0,93.0,48.0]},{""value"":9.0,""pixel_y"":81.0,""text"":""9.0%"",""confidence"":0.5989073520776602,""bbox"":[34.0,68.0,93.0,94.0]},{""value"":8.09,""pixel_y"":127.0,""text"":""8.09"",""confidence"":0.5589105486869812,""bbox"":[34.0,113.0,93.0,141.0]},{""value"":7.0,""pixel_y"":172.5,""text"":""7.0%"",""confidence"":0.7621063590049744,""bbox"":[36.0,159.0,93.0,186.0]},{""value"":6.0,""pixel_y"":218.0,""text"":""6.0%"",""confidence"":0.9178890585899353,""bbox"":[34.0,204.0,93.0,232.0]},{""value"":5.0,""pixel_y"":263.5,""text"":""5.0%"",""confidence"":0.8729334473609924,""bbox"":[34.0,250.0,93.0,277.0]},{""value"":2.0,""pixel_y"":400.0,""text"":""2.0%"",""confidence"":0.8989724352688204,""bbox"":[34.0,386.0,93.0,414.0]},{""value"":1.0,""pixel_y"":447.0,""text"":""1.0%"",""confidence"":0.9922836422920227,""bbox"":[34.0,433.0,94.0,461.0]},{""value"":0.0,""pixel_y"":492.0,""text"":""0.0%"",""confidence"":0.6927333621844735,""bbox"":[34.0,478.0,93.0,506.0]}]",-0.021943457333373953,10.795063399713792,0.9999174904481877,3.725742957576534,1.0,11.132464491653941,"[106.288,9.837499999999999,1008.64,517.1625]","[437,67,28,422]",null,451.0,67.0,2.483625109425263,9.324851758377736,0.07514824162226397,0.00799449378960255,0.006750368858450251,4363,5.9,percentage,2.0,False
fgmvp_0248,231d575a3bb0ec3e43be3dc0f2c283c235657d98062655b6180966c87ea43c65,3384,bar,/data/liu_jun/finmme_reproduction/outputs/cache/phase2c_official_jpeg/3384.jpg,phase6_geometry_scale/masked_images/fgmvp_0248.png,phase6_geometry_scale/debug_overlays/fgmvp_0248.png,5.0%,5.0,0.9606518745422363,5.0%,0.9991370439529419,"[326.0,225.0,386.0,253.0]",1953,"[10.0,9.0,8.09,7.0,6.0,5.0,2.0,1.0,0.0]","[35.0,81.0,127.0,172.5,218.0,263.5,400.0,447.0,492.0]","[{""value"":10.0,""pixel_y"":35.0,""text"":""10.0%"",""confidence"":0.988347655548352,""bbox"":[22.0,22.0,93.0,48.0]},{""value"":9.0,""pixel_y"":81.0,""text"":""9.0%"",""confidence"":0.5989073520776602,""bbox"":[34.0,68.0,93.0,94.0]},{""value"":8.09,""pixel_y"":127.0,""text"":""8.09"",""confidence"":0.5589105486869812,""bbox"":[34.0,113.0,93.0,141.0]},{""value"":7.0,""pixel_y"":172.5,""text"":""7.0%"",""confidence"":0.7621063590049744,""bbox"":[36.0,159.0,93.0,186.0]},{""value"":6.0,""pixel_y"":218.0,""text"":""6.0%"",""confidence"":0.9178890585899353,""bbox"":[34.0,204.0,93.0,232.0]},{""value"":5.0,""pixel_y"":263.5,""text"":""5.0%"",""confidence"":0.8729334473609924,""bbox"":[34.0,250.0,93.0,277.0]},{""value"":2.0,""pixel_y"":400.0,""text"":""2.0%"",""confidence"":0.8989724352688204,""bbox"":[34.0,386.0,93.0,414.0]},{""value"":1.0,""pixel_y"":447.0,""text"":""1.0%"",""confidence"":0.9922836422920227,""bbox"":[34.0,433.0,94.0,461.0]},{""value"":0.0,""pixel_y"":492.0,""text"":""0.0%"",""confidence"":0.6927333621844735,""bbox"":[34.0,478.0,93.0,506.0]}]",-0.021943457333373953,10.795063399713792,0.9999174904481877,3.725742957576534,1.0,11.132464491653941,"[106.288,9.837499999999999,1008.64,517.1625]","[341,265,28,225]",null,355.0,265.0,2.2988695186860952,4.980047206369695,0.019952793630305443,0.003990558726061089,0.0017923069635896116,4363,5.9,percentage,2.0,False
fgmvp_0249,231d575a3bb0ec3e43be3dc0f2c283c235657d98062655b6180966c87ea43c65,3384,bar,/data/liu_jun/finmme_reproduction/outputs/cache/phase2c_official_jpeg/3384.jpg,phase6_geometry_scale/masked_images/fgmvp_0249.png,phase6_geometry_scale/debug_overlays/fgmvp_0249.png,7.8%,7.8,0.9694848314612242,7.8%,0.9174170712725982,"[810.0,97.0,869.0,125.0]",1922,"[10.0,9.0,8.09,7.0,6.0,5.0,2.0,1.0,0.0]","[35.0,81.0,127.0,172.5,218.0,263.5,400.0,447.0,492.0]","[{""value"":10.0,""pixel_y"":35.0,""text"":""10.0%"",""confidence"":0.988347655548352,""bbox"":[22.0,22.0,93.0,48.0]},{""value"":9.0,""pixel_y"":81.0,""text"":""9.0%"",""confidence"":0.5989073520776602,""bbox"":[34.0,68.0,93.0,94.0]},{""value"":8.09,""pixel_y"":127.0,""text"":""8.09"",""confidence"":0.5589105486869812,""bbox"":[34.0,113.0,93.0,141.0]},{""value"":7.0,""pixel_y"":172.5,""text"":""7.0%"",""confidence"":0.7621063590049744,""bbox"":[36.0,159.0,93.0,186.0]},{""value"":6.0,""pixel_y"":218.0,""text"":""6.0%"",""confidence"":0.9178890585899353,""bbox"":[34.0,204.0,93.0,232.0]},{""value"":5.0,""pixel_y"":263.5,""text"":""5.0%"",""confidence"":0.8729334473609924,""bbox"":[34.0,250.0,93.0,277.0]},{""value"":2.0,""pixel_y"":400.0,""text"":""2.0%"",""confidence"":0.8989724352688204,""bbox"":[34.0,386.0,93.0,414.0]},{""value"":1.0,""pixel_y"":447.0,""text"":""1.0%"",""confidence"":0.9922836422920227,""bbox"":[34.0,433.0,94.0,461.0]},{""value"":0.0,""pixel_y"":492.0,""text"":""0.0%"",""confidence"":0.6927333621844735,""bbox"":[34.0,478.0,93.0,506.0]}]",-0.021943457333373953,10.795063399713792,0.9999174904481877,3.725742957576534,1.0,11.132464491653941,"[106.288,9.837499999999999,1008.64,517.1625]","[825,137,28,353]",null,839.0,137.0,2.2751498511838126,7.78880974504156,0.011190254958440171,0.0014346480715948938,0.0010051911656066414,4363,5.9,percentage,2.0,False
fgmvp_0250,231d575a3bb0ec3e43be3dc0f2c283c235657d98062655b6180966c87ea43c65,3384,bar,/data/liu_jun/finmme_reproduction/outputs/cache/phase2c_official_jpeg/3384.jpg,phase6_geometry_scale/masked_images/fgmvp_0250.png,phase6_geometry_scale/debug_overlays/fgmvp_0250.png,2.3%,2.3,0.9593946933746338,2.3%,0.7662561535835266,"[132.0,350.0,190.0,378.0]",1891,"[10.0,9.0,8.09,7.0,6.0,5.0,2.0,1.0,0.0]","[35.0,81.0,127.0,172.5,218.0,263.5,400.0,447.0,492.0]","[{""value"":10.0,""pixel_y"":35.0,""text"":""10.0%"",""confidence"":0.988347655548352,""bbox"":[22.0,22.0,93.0,48.0]},{""value"":9.0,""pixel_y"":81.0,""text"":""9.0%"",""confidence"":0.5989073520776602,""bbox"":[34.0,68.0,93.0,94.0]},{""value"":8.09,""pixel_y"":127.0,""text"":""8.09"",""confidence"":0.5589105486869812,""bbox"":[34.0,113.0,93.0,141.0]},{""value"":7.0,""pixel_y"":172.5,""text"":""7.0%"",""confidence"":0.7621063590049744,""bbox"":[36.0,159.0,93.0,186.0]},{""value"":6.0,""pixel_y"":218.0,""text"":""6.0%"",""confidence"":0.9178890585899353,""bbox"":[34.0,204.0,93.0,232.0]},{""value"":5.0,""pixel_y"":263.5,""text"":""5.0%"",""confidence"":0.8729334473609924,""bbox"":[34.0,250.0,93.0,277.0]},{""value"":2.0,""pixel_y"":400.0,""text"":""2.0%"",""confidence"":0.8989724352688204,""bbox"":[34.0,386.0,93.0,414.0]},{""value"":1.0,""pixel_y"":447.0,""text"":""1.0%"",""confidence"":0.9922836422920227,""bbox"":[34.0,433.0,94.0,461.0]},{""value"":0.0,""pixel_y"":492.0,""text"":""0.0%"",""confidence"":0.6927333621844735,""bbox"":[34.0,478.0,93.0,506.0]}]",-0.021943457333373953,10.795063399713792,0.9999174904481877,3.725742957576534,1.0,11.132464491653941,"[106.288,9.837499999999999,1008.64,517.1625]","[146,390,29,101]",null,160.5,390.0,1.4944136628393543,2.237115039697951,0.06288496030204893,0.027341287087847364,0.005648790557490129,4363,5.9,percentage,2.0,False
fgmvp_0251,6035ec2e1197ba04f0b9b73df44571ebb1e53294fd2df5d2162e51957306be05,32,bar,/data/liu_jun/finmme_reproduction/outputs/cache/phase2c_official_jpeg/32.jpg,phase6_geometry_scale/masked_images/fgmvp_0251.png,phase6_geometry_scale/debug_overlays/fgmvp_0251.png,14.6,14.6,0.7600826609363907,14.6,0.9940192699432373,"[934.0,134.0,990.0,163.0]",1888,"[17.0,15.0,13.0,11.0,9.0,7.0,5.0]","[91.5,160.5,229.5,298.0,367.5,433.0,505.0]","[{""value"":17.0,""pixel_y"":91.5,""text"":""17"",""confidence"":0.999996628253784,""bbox"":[31.0,76.0,67.0,107.0]},{""value"":15.0,""pixel_y"":160.5,""text"":""15"",""confidence"":0.9999961224921389,""bbox"":[31.0,145.0,69.0,176.0]},{""value"":13.0,""pixel_y"":229.5,""text"":""13"",""confidence"":0.9999990727694587,""bbox"":[31.0,214.0,69.0,245.0]},{""value"":11.0,""pixel_y"":298.0,""text"":""11"",""confidence"":0.9999957010241584,""bbox"":[33.0,284.0,66.0,312.0]},{""value"":9.0,""pixel_y"":367.5,""text"":""9"",""confidence"":0.9999904632795733,""bbox"":[44.0,353.0,69.0,382.0]},{""value"":7.0,""pixel_y"":433.0,""text"":""7"",""confidence"":0.9999994039536411,""bbox"":[47.0,421.0,65.0,445.0]},{""value"":5.0,""pixel_y"":505.0,""text"":""5"",""confidence"":0.9999959468882622,""bbox"":[44.0,490.0,69.0,520.0]}]",-0.029111991818502183,19.671214705939576,0.9999449332658749,2.257566192580498,2.0,14.24740879597497,"[81.288,53.55,1008.64,542.95]","[938,175,41,329]",null,958.5,175.0,2.544454402648637,14.576616137701695,0.023383862298304692,0.0016016344039934721,0.0016412712397857819,9180,12,percentage,3.0,False
fgmvp_0252,6035ec2e1197ba04f0b9b73df44571ebb1e53294fd2df5d2162e51957306be05,32,bar,/data/liu_jun/finmme_reproduction/outputs/cache/phase2c_official_jpeg/32.jpg,phase6_geometry_scale/masked_images/fgmvp_0252.png,phase6_geometry_scale/debug_overlays/fgmvp_0252.png,10.6,10.6,0.9997377991676331,10.6,0.9988997578620911,"[625.0,273.0,682.0,302.0]",1920,"[17.0,15.0,13.0,11.0,9.0,7.0,5.0]","[91.5,160.5,229.5,298.0,367.5,433.0,505.0]","[{""value"":17.0,""pixel_y"":91.5,""text"":""17"",""confidence"":0.999996628253784,""bbox"":[31.0,76.0,67.0,107.0]},{""value"":15.0,""pixel_y"":160.5,""text"":""15"",""confidence"":0.9999961224921389,""bbox"":[31.0,145.0,69.0,176.0]},{""value"":13.0,""pixel_y"":229.5,""text"":""13"",""confidence"":0.9999990727694587,""bbox"":[31.0,214.0,69.0,245.0]},{""value"":11.0,""pixel_y"":298.0,""text"":""11"",""confidence"":0.9999957010241584,""bbox"":[33.0,284.0,66.0,312.0]},{""value"":9.0,""pixel_y"":367.5,""text"":""9"",""confidence"":0.9999904632795733,""bbox"":[44.0,353.0,69.0,382.0]},{""value"":7.0,""pixel_y"":433.0,""text"":""7"",""confidence"":0.9999994039536411,""bbox"":[47.0,421.0,65.0,445.0]},{""value"":5.0,""pixel_y"":505.0,""text"":""5"",""confidence"":0.9999959468882622,""bbox"":[44.0,490.0,69.0,520.0]}]",-0.029111991818502183,19.671214705939576,0.9999449332658749,2.257566192580498,2.0,14.24740879597497,"[81.288,53.55,1008.64,542.95]","[629,314,41,190]",null,649.5,314.0,2.2979073700205688,10.53004927492989,0.06995072507010924,0.00659912500661408,0.004909715589116176,9180,12,percentage,3.0,False
fgmvp_0253,b1ecdc197e17bd202d70738dd7ea349eb6493fd0f6fe134896770feced660fe3,1775,bar,/data/liu_jun/finmme_reproduction/outputs/cache/phase2c_official_jpeg/1775.jpg,phase6_geometry_scale/masked_images/fgmvp_0253.png,phase6_geometry_scale/debug_overlays/fgmvp_0253.png,19.0,19.0,0.9999704360961914,19.0,0.8348311325112537,"[403.0,257.0,463.0,294.0]",2520,"[80.0,60.0,40.0,20.0,-40.0,-60.0,-80.0]","[111.0,174.0,238.0,300.5,492.5,556.5,619.5]","[{""value"":80.0,""pixel_y"":111.0,""text"":""80"",""confidence"":0.999960550777704,""bbox"":[29.0,93.0,70.0,129.0]},{""value"":60.0,""pixel_y"":174.0,""text"":""60"",""confidence"":0.999904243703047,""bbox"":[31.0,158.0,69.0,190.0]},{""value"":40.0,""pixel_y"":238.0,""text"":""40"",""confidence"":0.6242710464802629,""bbox"":[31.0,222.0,69.0,254.0]},{""value"":20.0,""pixel_y"":300.5,""text"":""20"",""confidence"":0.999757669294368,""bbox"":[31.0,284.0,69.0,317.0]},{""value"":-40.0,""pixel_y"":492.5,""text"":""-40"",""confidence"":0.8448689687522296,""bbox"":[23.0,476.0,69.0,509.0]},{""value"":-60.0,""pixel_y"":556.5,""text"":""-60"",""confidence"":0.8441854215299202,""bbox"":[23.0,540.0,69.0,573.0]},{""value"":-80.0,""pixel_y"":619.5,""text"":""-80"",""confidence"":0.9283141352335001,""bbox"":[22.0,601.0,70.0,638.0]}]",-0.31423801894152287,114.72587760032495,0.9999938510539579,0.9462664937836943,20.0,181.73955825482972,"[82.288,76.07499999999999,1008.64,654.425]","[415,307,37,58]",null,433.5,307.0,2.270557333406453,18.254805785277426,0.7451942147225736,0.03922074814329335,0.004100341289911605,1775,143,percentage,10.0,False
fgmvp_0254,f8397d215b66ea8f32c900fc81ef9bcad597bd641f9de2e4e04dac4f7bf96944,2084,bar,/data/liu_jun/finmme_reproduction/outputs/cache/phase2c_official_jpeg/2084.jpg,phase6_geometry_scale/masked_images/fgmvp_0254.png,phase6_geometry_scale/debug_overlays/fgmvp_0254.png,5.1%,5.1,0.7051621579911592,5.1%,0.9988501667976379,"[890.0,117.0,927.0,135.0]",760,"[12.09,10.0,6.0,4.0,2.0,0.09]","[20.0,55.0,124.0,158.0,193.0,228.0]","[{""value"":12.09,""pixel_y"":20.0,""text"":""12.09"",""confidence"":0.580216876172803,""bbox"":[5.0,11.0,49.0,29.0]},{""value"":10.0,""pixel_y"":55.0,""text"":""10.0%"",""confidence"":0.8319446425083145,""bbox"":[5.0,45.0,49.0,65.0]},{""value"":6.0,""pixel_y"":124.0,""text"":""6.0%"",""confidence"":0.6588931679725647,""bbox"":[11.0,115.0,49.0,133.0]},{""value"":4.0,""pixel_y"":158.0,""text"":""4.0%"",""confidence"":0.9663314819335938,""bbox"":[11.0,149.0,49.0,167.0]},{""value"":2.0,""pixel_y"":193.0,""text"":""2.0%"",""confidence"":0.5634168982505798,""bbox"":[11.0,184.0,49.0,202.0]},{""value"":0.09,""pixel_y"":228.0,""text"":""0.09"",""confidence"":0.6107410192489624,""bbox"":[11.0,219.0,49.0,237.0]}]",-0.05784062603786116,13.19666784290933,0.9998662479219814,1.40031149853041,2.0,14.065972643017265,"[61.288,4.0649999999999995,1008.64,247.25]","[891,140,37,88]",null,909.5,140.0,2.3335038135954735,5.098980197608768,0.0010198023912320053,0.00019996125318274616,7.250137741013333e-05,3367,2.5,percentage,2.0,False
fgmvp_0255,14877643e9e1724187312912484160c225be8b712b57d21c7ed4e3a652319403,3000,bar,/data/liu_jun/finmme_reproduction/outputs/cache/phase2c_official_jpeg/3000.jpg,phase6_geometry_scale/masked_images/fgmvp_0255.png,phase6_geometry_scale/debug_overlays/fgmvp_0255.png,14.1,14.1,0.988185734789211,14.1,0.7984176513259729,"[116.0,220.0,163.0,246.0]",1450,"[24.0,22.0,20.0,18.0,16.0,14.0,12.0]","[48.0,90.0,132.0,174.0,216.0,259.0,300.5]","[{""value"":24.0,""pixel_y"":48.0,""text"":""24.0"",""confidence"":0.6074023638489046,""bbox"":[26.0,34.0,77.0,62.0]},{""value"":22.0,""pixel_y"":90.0,""text"":""22.0"",""confidence"":0.6483814701095548,""bbox"":[26.0,76.0,75.0,104.0]},{""value"":20.0,""pixel_y"":132.0,""text"":""20.0"",""confidence"":0.983944675367454,""bbox"":[26.0,118.0,77.0,146.0]},{""value"":18.0,""pixel_y"":174.0,""text"":""18.0"",""confidence"":0.9999614953994751,""bbox"":[26.0,161.0,77.0,187.0]},{""value"":16.0,""pixel_y"":216.0,""text"":""16.0"",""confidence"":0.9998731017112732,""bbox"":[28.0,202.0,77.0,230.0]},{""value"":14.0,""pixel_y"":259.0,""text"":""14.0"",""confidence"":0.9998874664306641,""bbox"":[26.0,246.0,77.0,272.0]},{""value"":12.0,""pixel_y"":300.5,""text"":""12.0"",""confidence"":0.9988522529602051,""bbox"":[26.0,287.0,77.0,314.0]}]",-0.04747727556974601,26.271219651043612,0.999990116687775,0.5348816084296533,2.0,14.181462212683135,"[89.288,24.9,1008.64,323.6]","[124,258,33,41]",null,140.5,258.0,1.9917942164379432,14.022082554049142,0.07791744595085781,0.005526059996514739,0.005494316790631974,10648,16.9,percentage,3.0,False
fgmvp_0256,2053449d42ad9411eae99b9d96ecb200c559ad0439b321a562320c1168e72f23,2624,bar,/data/liu_jun/finmme_reproduction/outputs/cache/phase2c_official_jpeg/2624.jpg,phase6_geometry_scale/masked_images/fgmvp_0256.png,phase6_geometry_scale/debug_overlays/fgmvp_0256.png,8%,8.0,0.7060640604252992,8%,0.8026072930857202,"[411.0,56.0,441.0,77.0]",726,"[15.0,10.0,5.0,0.0,-5.0,-10.0,-15.0]","[15.5,63.0,111.0,160.0,207.5,256.5,304.5]","[{""value"":15.0,""pixel_y"":15.5,""text"":""159"",""confidence"":0.9855958551701093,""bbox"":[51.0,5.0,87.0,26.0]},{""value"":10.0,""pixel_y"":63.0,""text"":""109"",""confidence"":0.7049626111984253,""bbox"":[53.0,53.0,87.0,73.0]},{""value"":5.0,""pixel_y"":111.0,""text"":""59"",""confidence"":0.9783345978385185,""bbox"":[59.0,101.0,87.0,121.0]},{""value"":0.0,""pixel_y"":160.0,""text"":""0%"",""confidence"":0.9910964996582331,""bbox"":[59.0,151.0,87.0,169.0]},{""value"":-5.0,""pixel_y"":207.5,""text"":""(59)"",""confidence"":0.8475282877574339,""bbox"":[50.0,197.0,87.0,218.0]},{""value"":-10.0,""pixel_y"":256.5,""text"":""(109)"",""confidence"":0.9548538995339794,""bbox"":[41.0,244.0,90.0,269.0]},{""value"":-15.0,""pixel_y"":304.5,""text"":""(159)"",""confidence"":0.9919612034893008,""bbox"":[41.0,292.0,91.0,317.0]}]",-0.10366384556844875,16.5565970493608,0.999985881715643,0.4841857513091613,5.0,33.68971317129016,"[99.268,5.91,678.665,330.9]","[398,85,55,76]",null,425.5,85.0,2.225371441381963,7.745170176042656,0.2548298239573441,0.03185372799466801,0.007564024741371383,2624,5,percentage,2.0,False
fgmvp_0257,290ac6c778ba7651780044de310492c3e8409dc5f47451570fa65191ed518da6,289,bar,/data/liu_jun/finmme_reproduction/outputs/cache/phase2c_official_jpeg/289.jpg,phase6_geometry_scale/masked_images/fgmvp_0257.png,phase6_geometry_scale/debug_overlays/fgmvp_0257.png,6,6.0,0.8962238052132001,6,0.8816184879098188,"[724.0,290.0,754.0,317.0]",990,"[25.0,20.0,15.0,5.0]","[62.5,135.5,209.5,354.5]","[{""value"":25.0,""pixel_y"":62.5,""text"":""25.0"",""confidence"":0.9987514019012451,""bbox"":[14.0,47.0,72.0,78.0]},{""value"":20.0,""pixel_y"":135.5,""text"":""20.0"",""confidence"":0.9999011589476091,""bbox"":[14.0,119.0,72.0,152.0]},{""value"":15.0,""pixel_y"":209.5,""text"":""15.0"",""confidence"":0.917045748043094,""bbox"":[15.0,193.0,72.0,226.0]},{""value"":5.0,""pixel_y"":354.5,""text"":""5.0"",""confidence"":0.9976573409345149,""bbox"":[28.0,338.0,72.0,371.0]}]",-0.0684652637894827,29.292632751896445,0.9999840814052445,0.742566510172288,5.0,25.56492949899284,"[84.288,21.799999999999997,1008.64,395.2]","[731,338,13,57]",null,737.5,338.0,1.9340978570701883,6.151373591051293,0.15137359105129278,0.02522893184188213,0.005921142518983138,7031,15.38,percentage,3.0,False
fgmvp_0258,2312721c64d4f3d2f42461c01077a09c78da9a95450509d143ffcae72b9ecfc0,7211,bar,/data/liu_jun/finmme_reproduction/outputs/cache/phase2c_official_jpeg/7211.jpg,phase6_geometry_scale/masked_images/fgmvp_0258.png,phase6_geometry_scale/debug_overlays/fgmvp_0258.png,4.8,4.8,0.9446943998336792,4.8,0.9994501732124794,"[918.0,329.0,960.0,355.0]",1305,"[5.9,5.7,5.5,5.3,5.1,4.9,4.7,4.5]","[38.0,98.0,157.0,218.0,277.0,337.0,398.0,458.0]","[{""value"":5.9,""pixel_y"":38.0,""text"":""5.9"",""confidence"":0.9990861907632536,""bbox"":[25.0,25.0,66.0,51.0]},{""value"":5.7,""pixel_y"":98.0,""text"":""5.7"",""confidence"":0.9999730204467188,""bbox"":[23.0,84.0,66.0,112.0]},{""value"":5.5,""pixel_y"":157.0,""text"":""5.5"",""confidence"":0.9998938718097558,""bbox"":[23.0,143.0,66.0,171.0]},{""value"":5.3,""pixel_y"":218.0,""text"":""5.3"",""confidence"":0.99986221258999,""bbox"":[23.0,204.0,66.0,232.0]},{""value"":5.1,""pixel_y"":277.0,""text"":""5.1"",""confidence"":0.9999702674365611,""bbox"":[23.0,263.0,66.0,291.0]},{""value"":4.9,""pixel_y"":337.0,""text"":""4.9"",""confidence"":0.9997213995135953,""bbox"":[23.0,324.0,66.0,350.0]},{""value"":4.7,""pixel_y"":398.0,""text"":""4.7"",""confidence"":0.99943406924589,""bbox"":[23.0,385.0,66.0,411.0]},{""value"":4.5,""pixel_y"":458.0,""text"":""4.5"",""confidence"":0.9993214112724416,""bbox"":[23.0,444.0,66.0,472.0]}]",-0.003333953611466043,6.025570263039276,0.9999876338200843,0.6417443937278141,0.20000000000000018,1.6057154081223324,"[78.288,9.375,1008.64,491.0]","[925,370,26,85]",null,938.0,370.0,1.7074634534526705,4.7920074267968396,0.00799257320316027,0.001665119417325056,0.004977577696975896,9156,16.1,hours,0.10000000149011612,False
